0 verbose cli E:\node.exe E:\node_modules\npm\bin\npm-cli.js
1 info using npm@10.9.3
2 info using node@v22.20.0
3 silly config load:file:E:\node_modules\npm\npmrc
4 silly config load:file:C:\Users\lou88lou\Desktop\ISP\Online_Shopping_System_Group21\frontend\cart\.npmrc
5 silly config load:file:C:\Users\lou88lou\.npmrc
6 silly config load:file:C:\Users\lou88lou\AppData\Roaming\npm\etc\npmrc
7 verbose title npm install
8 verbose argv "install" "--cache" ".npm-cache" "--no-audit" "--no-fund"
9 verbose logfile logs-max:10 dir:C:\Users\lou88lou\Desktop\ISP\Online_Shopping_System_Group21\frontend\cart\.npm-cache\_logs\2026-03-06T16_10_50_677Z-
10 verbose logfile C:\Users\lou88lou\Desktop\ISP\Online_Shopping_System_Group21\frontend\cart\.npm-cache\_logs\2026-03-06T16_10_50_677Z-debug-0.log
11 silly logfile done cleaning log files
12 silly packumentCache heap:4345298944 maxSize:1086324736 maxEntrySize:543162368
13 silly idealTree buildDeps
14 silly reify moves {}
15 verbose reify failed optional dependency C:\Users\lou88lou\Desktop\ISP\Online_Shopping_System_Group21\frontend\cart\node_modules\fsevents
16 silly reify mark deleted [
16 silly reify   'C:\\Users\\lou88lou\\Desktop\\ISP\\Online_Shopping_System_Group21\\frontend\\cart\\node_modules\\fsevents'
16 silly reify ]
17 http cache yorkie@https://registry.npmjs.org/yorkie/-/yorkie-2.0.0.tgz 1ms (cache hit)
18 http cache yargs-parser@https://registry.npmjs.org/yargs-parser/-/yargs-parser-20.2.9.tgz 0ms (cache hit)
19 http cache yaml@https://registry.npmjs.org/yaml/-/yaml-1.10.2.tgz 0ms (cache hit)
20 http cache yargs@https://registry.npmjs.org/yargs/-/yargs-16.2.0.tgz 0ms (cache hit)
21 http cache y18n@https://registry.npmjs.org/y18n/-/y18n-5.0.8.tgz 0ms (cache hit)
22 http cache wrappy@https://registry.npmjs.org/wrappy/-/wrappy-1.0.2.tgz 0ms (cache hit)
23 http cache yallist@https://registry.npmjs.org/yallist/-/yallist-3.1.1.tgz 0ms (cache hit)
24 http cache ws@https://registry.npmjs.org/ws/-/ws-7.5.10.tgz 0ms (cache hit)
25 http cache wrap-ansi@https://registry.npmjs.org/wrap-ansi/-/wrap-ansi-7.0.0.tgz 0ms (cache hit)
26 http cache whatwg-url@https://registry.npmjs.org/whatwg-url/-/whatwg-url-5.0.0.tgz 0ms (cache hit)
27 http cache word-wrap@https://registry.npmjs.org/word-wrap/-/word-wrap-1.2.5.tgz 0ms (cache hit)
28 http cache whatwg-fetch@https://registry.npmjs.org/whatwg-fetch/-/whatwg-fetch-3.6.20.tgz 0ms (cache hit)
29 http cache which@https://registry.npmjs.org/which/-/which-2.0.2.tgz 0ms (cache hit)
30 http cache websocket-driver@https://registry.npmjs.org/websocket-driver/-/websocket-driver-0.7.4.tgz 0ms (cache hit)
31 http cache websocket-extensions@https://registry.npmjs.org/websocket-extensions/-/websocket-extensions-0.1.4.tgz 0ms (cache hit)
32 http cache webpack-sources@https://registry.npmjs.org/webpack-sources/-/webpack-sources-3.3.3.tgz 0ms (cache hit)
33 http cache webpack-merge@https://registry.npmjs.org/webpack-merge/-/webpack-merge-5.10.0.tgz 0ms (cache hit)
34 http cache webpack-virtual-modules@https://registry.npmjs.org/webpack-virtual-modules/-/webpack-virtual-modules-0.4.6.tgz 0ms (cache hit)
35 http cache webpack-dev-server@https://registry.npmjs.org/webpack-dev-server/-/webpack-dev-server-4.15.2.tgz 0ms (cache hit)
36 http cache webpack-chain@https://registry.npmjs.org/webpack-chain/-/webpack-chain-6.5.1.tgz 0ms (cache hit)
37 http cache webpack-dev-middleware@https://registry.npmjs.org/webpack-dev-middleware/-/webpack-dev-middleware-5.3.4.tgz 0ms (cache hit)
38 http cache webpack@https://registry.npmjs.org/webpack/-/webpack-5.105.0.tgz 0ms (cache hit)
39 http cache webidl-conversions@https://registry.npmjs.org/webidl-conversions/-/webidl-conversions-3.0.1.tgz 0ms (cache hit)
40 http cache wbuf@https://registry.npmjs.org/wbuf/-/wbuf-1.7.3.tgz 0ms (cache hit)
41 http cache webpack-bundle-analyzer@https://registry.npmjs.org/webpack-bundle-analyzer/-/webpack-bundle-analyzer-4.10.2.tgz 0ms (cache hit)
42 http cache watchpack@https://registry.npmjs.org/watchpack/-/watchpack-2.5.1.tgz 0ms (cache hit)
43 http cache vue-template-es2015-compiler@https://registry.npmjs.org/vue-template-es2015-compiler/-/vue-template-es2015-compiler-1.9.1.tgz 0ms (cache hit)
44 http cache wildcard@https://registry.npmjs.org/wildcard/-/wildcard-2.0.1.tgz 0ms (cache hit)
45 http cache wcwidth@https://registry.npmjs.org/wcwidth/-/wcwidth-1.0.1.tgz 0ms (cache hit)
46 http cache vue-style-loader@https://registry.npmjs.org/vue-style-loader/-/vue-style-loader-4.1.3.tgz 0ms (cache hit)
47 http cache vue-eslint-parser@https://registry.npmjs.org/vue-eslint-parser/-/vue-eslint-parser-8.3.0.tgz 0ms (cache hit)
48 http cache vue-router@https://registry.npmjs.org/vue-router/-/vue-router-4.6.4.tgz 0ms (cache hit)
49 http cache vue-loader@https://registry.npmjs.org/vue-loader/-/vue-loader-17.4.2.tgz 0ms (cache hit)
50 http cache vary@https://registry.npmjs.org/vary/-/vary-1.1.2.tgz 0ms (cache hit)
51 http cache validate-npm-package-license@https://registry.npmjs.org/validate-npm-package-license/-/validate-npm-package-license-3.0.4.tgz 0ms (cache hit)
52 http cache vue@https://registry.npmjs.org/vue/-/vue-3.5.27.tgz 0ms (cache hit)
53 http cache v8-compile-cache@https://registry.npmjs.org/v8-compile-cache/-/v8-compile-cache-2.4.0.tgz 0ms (cache hit)
54 http cache vue-hot-reload-api@https://registry.npmjs.org/vue-hot-reload-api/-/vue-hot-reload-api-2.3.4.tgz 0ms (cache hit)
55 http cache uuid@https://registry.npmjs.org/uuid/-/uuid-8.3.2.tgz 0ms (cache hit)
56 http cache utila@https://registry.npmjs.org/utila/-/utila-0.4.0.tgz 0ms (cache hit)
57 http cache util-deprecate@https://registry.npmjs.org/util-deprecate/-/util-deprecate-1.0.2.tgz 0ms (cache hit)
58 http cache utils-merge@https://registry.npmjs.org/utils-merge/-/utils-merge-1.0.1.tgz 0ms (cache hit)
59 http cache update-browserslist-db@https://registry.npmjs.org/update-browserslist-db/-/update-browserslist-db-1.2.3.tgz 0ms (cache hit)
60 http cache uri-js@https://registry.npmjs.org/uri-js/-/uri-js-4.4.1.tgz 0ms (cache hit)
61 http cache unpipe@https://registry.npmjs.org/unpipe/-/unpipe-1.0.0.tgz 0ms (cache hit)
62 http cache unicode-property-aliases-ecmascript@https://registry.npmjs.org/unicode-property-aliases-ecmascript/-/unicode-property-aliases-ecmascript-2.2.0.tgz 0ms (cache hit)
63 http cache universalify@https://registry.npmjs.org/universalify/-/universalify-2.0.1.tgz 0ms (cache hit)
64 http cache unicode-match-property-ecmascript@https://registry.npmjs.org/unicode-match-property-ecmascript/-/unicode-match-property-ecmascript-2.0.0.tgz 0ms (cache hit)
65 http cache unicode-match-property-value-ecmascript@https://registry.npmjs.org/unicode-match-property-value-ecmascript/-/unicode-match-property-value-ecmascript-2.2.1.tgz 0ms (cache hit)
66 http cache type-is@https://registry.npmjs.org/type-is/-/type-is-1.6.18.tgz 0ms (cache hit)
67 http cache unicode-canonical-property-names-ecmascript@https://registry.npmjs.org/unicode-canonical-property-names-ecmascript/-/unicode-canonical-property-names-ecmascript-2.0.1.tgz 0ms (cache hit)
68 http cache undici-types@https://registry.npmjs.org/undici-types/-/undici-types-7.16.0.tgz 0ms (cache hit)
69 http cache type-fest@https://registry.npmjs.org/type-fest/-/type-fest-0.20.2.tgz 0ms (cache hit)
70 http cache tslib@https://registry.npmjs.org/tslib/-/tslib-2.8.1.tgz 0ms (cache hit)
71 http cache type-check@https://registry.npmjs.org/type-check/-/type-check-0.4.0.tgz 0ms (cache hit)
72 http cache toidentifier@https://registry.npmjs.org/toidentifier/-/toidentifier-1.0.1.tgz 0ms (cache hit)
73 http cache tr46@https://registry.npmjs.org/tr46/-/tr46-0.0.3.tgz 0ms (cache hit)
74 http cache totalist@https://registry.npmjs.org/totalist/-/totalist-3.0.1.tgz 0ms (cache hit)
75 http cache to-regex-range@https://registry.npmjs.org/to-regex-range/-/to-regex-range-5.0.1.tgz 0ms (cache hit)
76 http cache thunky@https://registry.npmjs.org/thunky/-/thunky-1.1.0.tgz 0ms (cache hit)
77 http cache thenify@https://registry.npmjs.org/thenify/-/thenify-3.3.1.tgz 0ms (cache hit)
78 http cache thenify-all@https://registry.npmjs.org/thenify-all/-/thenify-all-1.6.0.tgz 0ms (cache hit)
79 http cache terser-webpack-plugin@https://registry.npmjs.org/terser-webpack-plugin/-/terser-webpack-plugin-5.3.16.tgz 0ms (cache hit)
80 http cache text-table@https://registry.npmjs.org/text-table/-/text-table-0.2.0.tgz 0ms (cache hit)
81 http cache terser@https://registry.npmjs.org/terser/-/terser-5.46.0.tgz 0ms (cache hit)
82 http cache tapable@https://registry.npmjs.org/tapable/-/tapable-2.3.0.tgz 0ms (cache hit)
83 http cache supports-color@https://registry.npmjs.org/supports-color/-/supports-color-7.2.0.tgz 0ms (cache hit)
84 http cache table@https://registry.npmjs.org/table/-/table-6.9.0.tgz 0ms (cache hit)
85 http cache svgo@https://registry.npmjs.org/svgo/-/svgo-2.8.0.tgz 0ms (cache hit)
86 http cache svg-tags@https://registry.npmjs.org/svg-tags/-/svg-tags-1.0.0.tgz 0ms (cache hit)
87 http cache thread-loader@https://registry.npmjs.org/thread-loader/-/thread-loader-3.0.4.tgz 0ms (cache hit)
88 http cache supports-preserve-symlinks-flag@https://registry.npmjs.org/supports-preserve-symlinks-flag/-/supports-preserve-symlinks-flag-1.0.0.tgz 0ms (cache hit)
89 http cache stylehacks@https://registry.npmjs.org/stylehacks/-/stylehacks-5.1.1.tgz 0ms (cache hit)
90 http cache superjson@https://registry.npmjs.org/superjson/-/superjson-2.2.6.tgz 0ms (cache hit)
91 http cache strip-json-comments@https://registry.npmjs.org/strip-json-comments/-/strip-json-comments-3.1.1.tgz 0ms (cache hit)
92 http cache strip-indent@https://registry.npmjs.org/strip-indent/-/strip-indent-2.0.0.tgz 0ms (cache hit)
93 http cache strip-ansi@https://registry.npmjs.org/strip-ansi/-/strip-ansi-6.0.1.tgz 0ms (cache hit)
94 http cache strip-eof@https://registry.npmjs.org/strip-eof/-/strip-eof-1.0.0.tgz 0ms (cache hit)
95 http cache string-width@https://registry.npmjs.org/string-width/-/string-width-4.2.3.tgz 0ms (cache hit)
96 http cache strip-final-newline@https://registry.npmjs.org/strip-final-newline/-/strip-final-newline-2.0.0.tgz 0ms (cache hit)
97 http cache string_decoder@https://registry.npmjs.org/string_decoder/-/string_decoder-1.3.0.tgz 0ms (cache hit)
98 http cache stackframe@https://registry.npmjs.org/stackframe/-/stackframe-1.3.4.tgz 0ms (cache hit)
99 http cache stable@https://registry.npmjs.org/stable/-/stable-0.1.8.tgz 0ms (cache hit)
100 http cache statuses@https://registry.npmjs.org/statuses/-/statuses-2.0.2.tgz 0ms (cache hit)
101 http cache ssri@https://registry.npmjs.org/ssri/-/ssri-8.0.1.tgz 0ms (cache hit)
102 http cache sprintf-js@https://registry.npmjs.org/sprintf-js/-/sprintf-js-1.0.3.tgz 0ms (cache hit)
103 http cache speakingurl@https://registry.npmjs.org/speakingurl/-/speakingurl-14.0.1.tgz 0ms (cache hit)
104 http cache spdy@https://registry.npmjs.org/spdy/-/spdy-4.0.2.tgz 0ms (cache hit)
105 http cache spdy-transport@https://registry.npmjs.org/spdy-transport/-/spdy-transport-3.0.0.tgz 0ms (cache hit)
106 http cache spdx-license-ids@https://registry.npmjs.org/spdx-license-ids/-/spdx-license-ids-3.0.22.tgz 0ms (cache hit)
107 http cache spdx-exceptions@https://registry.npmjs.org/spdx-exceptions/-/spdx-exceptions-2.5.0.tgz 0ms (cache hit)
108 http cache source-map-support@https://registry.npmjs.org/source-map-support/-/source-map-support-0.5.21.tgz 0ms (cache hit)
109 http cache source-map-js@https://registry.npmjs.org/source-map-js/-/source-map-js-1.2.1.tgz 1ms (cache hit)
110 http cache spdx-expression-parse@https://registry.npmjs.org/spdx-expression-parse/-/spdx-expression-parse-3.0.1.tgz 0ms (cache hit)
111 http cache spdx-correct@https://registry.npmjs.org/spdx-correct/-/spdx-correct-3.2.0.tgz 0ms (cache hit)
112 http cache source-map@https://registry.npmjs.org/source-map/-/source-map-0.6.1.tgz 0ms (cache hit)
113 http cache sockjs@https://registry.npmjs.org/sockjs/-/sockjs-0.3.24.tgz 0ms (cache hit)
114 http cache slash@https://registry.npmjs.org/slash/-/slash-3.0.0.tgz 0ms (cache hit)
115 http cache slice-ansi@https://registry.npmjs.org/slice-ansi/-/slice-ansi-4.0.0.tgz 0ms (cache hit)
116 http cache sirv@https://registry.npmjs.org/sirv/-/sirv-2.0.4.tgz 0ms (cache hit)
117 http cache side-channel-weakmap@https://registry.npmjs.org/side-channel-weakmap/-/side-channel-weakmap-1.0.2.tgz 0ms (cache hit)
118 http cache signal-exit@https://registry.npmjs.org/signal-exit/-/signal-exit-3.0.7.tgz 0ms (cache hit)
119 http cache side-channel-map@https://registry.npmjs.org/side-channel-map/-/side-channel-map-1.0.1.tgz 0ms (cache hit)
120 http cache side-channel-list@https://registry.npmjs.org/side-channel-list/-/side-channel-list-1.0.0.tgz 0ms (cache hit)
121 http cache side-channel@https://registry.npmjs.org/side-channel/-/side-channel-1.1.0.tgz 0ms (cache hit)
122 http cache shell-quote@https://registry.npmjs.org/shell-quote/-/shell-quote-1.8.3.tgz 0ms (cache hit)
123 http cache shebang-command@https://registry.npmjs.org/shebang-command/-/shebang-command-2.0.0.tgz 0ms (cache hit)
124 http cache shallow-clone@https://registry.npmjs.org/shallow-clone/-/shallow-clone-3.0.1.tgz 0ms (cache hit)
125 http cache shebang-regex@https://registry.npmjs.org/shebang-regex/-/shebang-regex-3.0.0.tgz 0ms (cache hit)
126 http cache setprototypeof@https://registry.npmjs.org/setprototypeof/-/setprototypeof-1.2.0.tgz 0ms (cache hit)
127 http cache set-function-length@https://registry.npmjs.org/set-function-length/-/set-function-length-1.2.2.tgz 0ms (cache hit)
128 http cache serve-static@https://registry.npmjs.org/serve-static/-/serve-static-1.16.3.tgz 0ms (cache hit)
129 http cache serve-index@https://registry.npmjs.org/serve-index/-/serve-index-1.9.2.tgz 0ms (cache hit)
130 http cache serialize-javascript@https://registry.npmjs.org/serialize-javascript/-/serialize-javascript-6.0.2.tgz 0ms (cache hit)
131 http cache selfsigned@https://registry.npmjs.org/selfsigned/-/selfsigned-2.4.1.tgz 0ms (cache hit)
132 http cache semver@https://registry.npmjs.org/semver/-/semver-6.3.1.tgz 0ms (cache hit)
133 http cache send@https://registry.npmjs.org/send/-/send-0.19.2.tgz 0ms (cache hit)
134 http cache schema-utils@https://registry.npmjs.org/schema-utils/-/schema-utils-2.7.1.tgz 0ms (cache hit)
135 http cache select-hose@https://registry.npmjs.org/select-hose/-/select-hose-2.0.0.tgz 0ms (cache hit)
136 http cache safer-buffer@https://registry.npmjs.org/safer-buffer/-/safer-buffer-2.1.2.tgz 0ms (cache hit)
137 http cache rimraf@https://registry.npmjs.org/rimraf/-/rimraf-3.0.2.tgz 0ms (cache hit)
138 http cache run-parallel@https://registry.npmjs.org/run-parallel/-/run-parallel-1.2.0.tgz 0ms (cache hit)
139 http cache retry@https://registry.npmjs.org/retry/-/retry-0.13.1.tgz 0ms (cache hit)
140 http cache restore-cursor@https://registry.npmjs.org/restore-cursor/-/restore-cursor-3.1.0.tgz 0ms (cache hit)
141 http cache safe-buffer@https://registry.npmjs.org/safe-buffer/-/safe-buffer-5.2.1.tgz 0ms (cache hit)
142 http cache rfdc@https://registry.npmjs.org/rfdc/-/rfdc-1.4.1.tgz 0ms (cache hit)
143 http cache reusify@https://registry.npmjs.org/reusify/-/reusify-1.1.0.tgz 0ms (cache hit)
144 http cache resolve-from@https://registry.npmjs.org/resolve-from/-/resolve-from-4.0.0.tgz 0ms (cache hit)
145 http cache requires-port@https://registry.npmjs.org/requires-port/-/requires-port-1.0.0.tgz 0ms (cache hit)
146 http cache resolve@https://registry.npmjs.org/resolve/-/resolve-1.22.11.tgz 0ms (cache hit)
147 http cache renderkid@https://registry.npmjs.org/renderkid/-/renderkid-3.0.0.tgz 0ms (cache hit)
148 http cache require-directory@https://registry.npmjs.org/require-directory/-/require-directory-2.1.1.tgz 0ms (cache hit)
149 http cache regjsparser@https://registry.npmjs.org/regjsparser/-/regjsparser-0.13.0.tgz 0ms (cache hit)
150 http cache relateurl@https://registry.npmjs.org/relateurl/-/relateurl-0.2.7.tgz 0ms (cache hit)
151 http cache require-from-string@https://registry.npmjs.org/require-from-string/-/require-from-string-2.0.2.tgz 0ms (cache hit)
152 http cache regexpu-core@https://registry.npmjs.org/regexpu-core/-/regexpu-core-6.4.0.tgz 0ms (cache hit)
153 http cache regexpp@https://registry.npmjs.org/regexpp/-/regexpp-3.2.0.tgz 0ms (cache hit)
154 http cache regjsgen@https://registry.npmjs.org/regjsgen/-/regjsgen-0.8.0.tgz 0ms (cache hit)
155 http cache regenerate@https://registry.npmjs.org/regenerate/-/regenerate-1.4.2.tgz 0ms (cache hit)
156 http cache readdirp@https://registry.npmjs.org/readdirp/-/readdirp-3.6.0.tgz 0ms (cache hit)
157 http cache regenerate-unicode-properties@https://registry.npmjs.org/regenerate-unicode-properties/-/regenerate-unicode-properties-10.2.2.tgz 0ms (cache hit)
158 http cache read-pkg@https://registry.npmjs.org/read-pkg/-/read-pkg-5.2.0.tgz 0ms (cache hit)
159 http cache readable-stream@https://registry.npmjs.org/readable-stream/-/readable-stream-3.6.2.tgz 0ms (cache hit)
160 http cache read-pkg-up@https://registry.npmjs.org/read-pkg-up/-/read-pkg-up-7.0.1.tgz 0ms (cache hit)
161 http cache range-parser@https://registry.npmjs.org/range-parser/-/range-parser-1.2.1.tgz 0ms (cache hit)
162 http cache randombytes@https://registry.npmjs.org/randombytes/-/randombytes-2.1.0.tgz 0ms (cache hit)
163 http cache punycode@https://registry.npmjs.org/punycode/-/punycode-2.3.1.tgz 0ms (cache hit)
164 http cache queue-microtask@https://registry.npmjs.org/queue-microtask/-/queue-microtask-1.2.3.tgz 0ms (cache hit)
165 http cache raw-body@https://registry.npmjs.org/raw-body/-/raw-body-2.5.3.tgz 0ms (cache hit)
166 http cache qs@https://registry.npmjs.org/qs/-/qs-6.14.1.tgz 0ms (cache hit)
167 http cache proxy-from-env@https://registry.npmjs.org/proxy-from-env/-/proxy-from-env-1.1.0.tgz 0ms (cache hit)
168 http cache pump@https://registry.npmjs.org/pump/-/pump-3.0.3.tgz 0ms (cache hit)
169 http cache progress-webpack-plugin@https://registry.npmjs.org/progress-webpack-plugin/-/progress-webpack-plugin-1.0.16.tgz 0ms (cache hit)
170 http cache prettier@https://registry.npmjs.org/prettier/-/prettier-2.8.8.tgz 0ms (cache hit)
171 http cache progress@https://registry.npmjs.org/progress/-/progress-2.0.3.tgz 0ms (cache hit)
172 http cache pseudomap@https://registry.npmjs.org/pseudomap/-/pseudomap-1.0.2.tgz 0ms (cache hit)
173 http cache pretty-error@https://registry.npmjs.org/pretty-error/-/pretty-error-4.0.0.tgz 0ms (cache hit)
174 http cache process-nextick-args@https://registry.npmjs.org/process-nextick-args/-/process-nextick-args-2.0.1.tgz 0ms (cache hit)
175 http cache proxy-addr@https://registry.npmjs.org/proxy-addr/-/proxy-addr-2.0.7.tgz 0ms (cache hit)
176 http cache prelude-ls@https://registry.npmjs.org/prelude-ls/-/prelude-ls-1.2.1.tgz 0ms (cache hit)
177 http cache postcss-value-parser@https://registry.npmjs.org/postcss-value-parser/-/postcss-value-parser-4.2.0.tgz 0ms (cache hit)
178 http cache postcss-unique-selectors@https://registry.npmjs.org/postcss-unique-selectors/-/postcss-unique-selectors-5.1.1.tgz 0ms (cache hit)
179 http cache postcss-selector-parser@https://registry.npmjs.org/postcss-selector-parser/-/postcss-selector-parser-6.1.2.tgz 0ms (cache hit)
180 http cache postcss-svgo@https://registry.npmjs.org/postcss-svgo/-/postcss-svgo-5.1.0.tgz 0ms (cache hit)
181 http cache postcss-reduce-transforms@https://registry.npmjs.org/postcss-reduce-transforms/-/postcss-reduce-transforms-5.1.0.tgz 0ms (cache hit)
182 http cache postcss-ordered-values@https://registry.npmjs.org/postcss-ordered-values/-/postcss-ordered-values-5.1.3.tgz 0ms (cache hit)
183 http cache postcss-normalize-whitespace@https://registry.npmjs.org/postcss-normalize-whitespace/-/postcss-normalize-whitespace-5.1.1.tgz 0ms (cache hit)
184 http cache postcss-reduce-initial@https://registry.npmjs.org/postcss-reduce-initial/-/postcss-reduce-initial-5.1.2.tgz 0ms (cache hit)
185 http cache postcss-normalize-url@https://registry.npmjs.org/postcss-normalize-url/-/postcss-normalize-url-5.1.0.tgz 0ms (cache hit)
186 http cache postcss-normalize-repeat-style@https://registry.npmjs.org/postcss-normalize-repeat-style/-/postcss-normalize-repeat-style-5.1.1.tgz 0ms (cache hit)
187 http cache postcss-normalize-timing-functions@https://registry.npmjs.org/postcss-normalize-timing-functions/-/postcss-normalize-timing-functions-5.1.0.tgz 0ms (cache hit)
188 http cache postcss-normalize-unicode@https://registry.npmjs.org/postcss-normalize-unicode/-/postcss-normalize-unicode-5.1.1.tgz 0ms (cache hit)
189 http cache postcss-normalize-string@https://registry.npmjs.org/postcss-normalize-string/-/postcss-normalize-string-5.1.0.tgz 0ms (cache hit)
190 http cache postcss-normalize-positions@https://registry.npmjs.org/postcss-normalize-positions/-/postcss-normalize-positions-5.1.1.tgz 0ms (cache hit)
191 http cache postcss-normalize-display-values@https://registry.npmjs.org/postcss-normalize-display-values/-/postcss-normalize-display-values-5.1.0.tgz 0ms (cache hit)
192 http cache postcss-normalize-charset@https://registry.npmjs.org/postcss-normalize-charset/-/postcss-normalize-charset-5.1.0.tgz 0ms (cache hit)
193 http cache postcss-modules-values@https://registry.npmjs.org/postcss-modules-values/-/postcss-modules-values-4.0.0.tgz 0ms (cache hit)
194 http cache postcss-modules-extract-imports@https://registry.npmjs.org/postcss-modules-extract-imports/-/postcss-modules-extract-imports-3.1.0.tgz 0ms (cache hit)
195 http cache postcss-modules-scope@https://registry.npmjs.org/postcss-modules-scope/-/postcss-modules-scope-3.2.1.tgz 0ms (cache hit)
196 http cache postcss-minify-selectors@https://registry.npmjs.org/postcss-minify-selectors/-/postcss-minify-selectors-5.2.1.tgz 0ms (cache hit)
197 http cache postcss-minify-font-values@https://registry.npmjs.org/postcss-minify-font-values/-/postcss-minify-font-values-5.1.0.tgz 0ms (cache hit)
198 http cache postcss-merge-rules@https://registry.npmjs.org/postcss-merge-rules/-/postcss-merge-rules-5.1.4.tgz 0ms (cache hit)
199 http cache postcss-merge-longhand@https://registry.npmjs.org/postcss-merge-longhand/-/postcss-merge-longhand-5.1.7.tgz 0ms (cache hit)
200 http cache postcss-minify-gradients@https://registry.npmjs.org/postcss-minify-gradients/-/postcss-minify-gradients-5.1.1.tgz 0ms (cache hit)
201 http cache postcss-modules-local-by-default@https://registry.npmjs.org/postcss-modules-local-by-default/-/postcss-modules-local-by-default-4.2.0.tgz 0ms (cache hit)
202 http cache postcss-discard-overridden@https://registry.npmjs.org/postcss-discard-overridden/-/postcss-discard-overridden-5.1.0.tgz 0ms (cache hit)
203 http cache postcss-minify-params@https://registry.npmjs.org/postcss-minify-params/-/postcss-minify-params-5.1.4.tgz 0ms (cache hit)
204 http cache postcss-loader@https://registry.npmjs.org/postcss-loader/-/postcss-loader-6.2.1.tgz 0ms (cache hit)
205 http cache postcss-colormin@https://registry.npmjs.org/postcss-colormin/-/postcss-colormin-5.3.1.tgz 0ms (cache hit)
206 http cache postcss-discard-duplicates@https://registry.npmjs.org/postcss-discard-duplicates/-/postcss-discard-duplicates-5.1.0.tgz 0ms (cache hit)
207 http cache postcss-discard-empty@https://registry.npmjs.org/postcss-discard-empty/-/postcss-discard-empty-5.1.1.tgz 0ms (cache hit)
208 http cache postcss-calc@https://registry.npmjs.org/postcss-calc/-/postcss-calc-8.2.4.tgz 0ms (cache hit)
209 http cache postcss@https://registry.npmjs.org/postcss/-/postcss-8.5.6.tgz 0ms (cache hit)
210 http cache pkg-dir@https://registry.npmjs.org/pkg-dir/-/pkg-dir-4.2.0.tgz 0ms (cache hit)
211 http cache portfinder@https://registry.npmjs.org/portfinder/-/portfinder-1.0.38.tgz 0ms (cache hit)
212 http cache postcss-convert-values@https://registry.npmjs.org/postcss-convert-values/-/postcss-convert-values-5.1.3.tgz 0ms (cache hit)
213 http cache postcss-discard-comments@https://registry.npmjs.org/postcss-discard-comments/-/postcss-discard-comments-5.1.2.tgz 0ms (cache hit)
214 http cache pinia@https://registry.npmjs.org/pinia/-/pinia-3.0.4.tgz 0ms (cache hit)
215 http cache perfect-debounce@https://registry.npmjs.org/perfect-debounce/-/perfect-debounce-1.0.0.tgz 0ms (cache hit)
216 http cache path-type@https://registry.npmjs.org/path-type/-/path-type-4.0.0.tgz 0ms (cache hit)
217 http cache picomatch@https://registry.npmjs.org/picomatch/-/picomatch-2.3.1.tgz 0ms (cache hit)
218 http cache picocolors@https://registry.npmjs.org/picocolors/-/picocolors-1.1.1.tgz 0ms (cache hit)
219 http cache path-parse@https://registry.npmjs.org/path-parse/-/path-parse-1.0.7.tgz 0ms (cache hit)
220 http cache path-to-regexp@https://registry.npmjs.org/path-to-regexp/-/path-to-regexp-0.1.12.tgz 0ms (cache hit)
221 http cache path-key@https://registry.npmjs.org/path-key/-/path-key-3.1.1.tgz 0ms (cache hit)
222 http cache pascal-case@https://registry.npmjs.org/pascal-case/-/pascal-case-3.1.2.tgz 0ms (cache hit)
223 http cache parseurl@https://registry.npmjs.org/parseurl/-/parseurl-1.3.3.tgz 0ms (cache hit)
224 http cache parse5@https://registry.npmjs.org/parse5/-/parse5-5.1.1.tgz 0ms (cache hit)
225 http cache path-is-absolute@https://registry.npmjs.org/path-is-absolute/-/path-is-absolute-1.0.1.tgz 0ms (cache hit)
226 http cache parse-json@https://registry.npmjs.org/parse-json/-/parse-json-5.2.0.tgz 0ms (cache hit)
227 http cache path-exists@https://registry.npmjs.org/path-exists/-/path-exists-4.0.0.tgz 0ms (cache hit)
228 http cache parent-module@https://registry.npmjs.org/parent-module/-/parent-module-1.0.1.tgz 0ms (cache hit)
229 http cache parse5-htmlparser2-tree-adapter@https://registry.npmjs.org/parse5-htmlparser2-tree-adapter/-/parse5-htmlparser2-tree-adapter-6.0.1.tgz 0ms (cache hit)
230 http cache param-case@https://registry.npmjs.org/param-case/-/param-case-3.0.4.tgz 0ms (cache hit)
231 http cache p-try@https://registry.npmjs.org/p-try/-/p-try-2.2.0.tgz 0ms (cache hit)
232 http cache p-retry@https://registry.npmjs.org/p-retry/-/p-retry-4.6.2.tgz 0ms (cache hit)
233 http cache p-locate@https://registry.npmjs.org/p-locate/-/p-locate-4.1.0.tgz 0ms (cache hit)
234 http cache p-limit@https://registry.npmjs.org/p-limit/-/p-limit-2.3.0.tgz 0ms (cache hit)
235 http cache p-finally@https://registry.npmjs.org/p-finally/-/p-finally-1.0.0.tgz 0ms (cache hit)
236 http cache ora@https://registry.npmjs.org/ora/-/ora-5.4.1.tgz 0ms (cache hit)
237 http cache optionator@https://registry.npmjs.org/optionator/-/optionator-0.9.4.tgz 0ms (cache hit)
238 http cache onetime@https://registry.npmjs.org/onetime/-/onetime-5.1.2.tgz 0ms (cache hit)
239 http cache opener@https://registry.npmjs.org/opener/-/opener-1.5.2.tgz 0ms (cache hit)
240 http cache once@https://registry.npmjs.org/once/-/once-1.4.0.tgz 0ms (cache hit)
241 http cache on-headers@https://registry.npmjs.org/on-headers/-/on-headers-1.1.0.tgz 0ms (cache hit)
242 http cache object.assign@https://registry.npmjs.org/object.assign/-/object.assign-4.1.7.tgz 0ms (cache hit)
243 http cache open@https://registry.npmjs.org/open/-/open-8.4.2.tgz 0ms (cache hit)
244 http cache object-keys@https://registry.npmjs.org/object-keys/-/object-keys-1.1.1.tgz 0ms (cache hit)
245 http cache on-finished@https://registry.npmjs.org/on-finished/-/on-finished-2.4.1.tgz 0ms (cache hit)
246 http cache obuf@https://registry.npmjs.org/obuf/-/obuf-1.1.2.tgz 0ms (cache hit)
247 http cache nth-check@https://registry.npmjs.org/nth-check/-/nth-check-2.1.1.tgz 0ms (cache hit)
248 http cache object-assign@https://registry.npmjs.org/object-assign/-/object-assign-4.1.1.tgz 0ms (cache hit)
249 http cache npm-run-path@https://registry.npmjs.org/npm-run-path/-/npm-run-path-2.0.2.tgz 0ms (cache hit)
250 http cache normalize-url@https://registry.npmjs.org/normalize-url/-/normalize-url-6.1.0.tgz 0ms (cache hit)
251 http cache node-releases@https://registry.npmjs.org/node-releases/-/node-releases-2.0.27.tgz 0ms (cache hit)
252 http cache normalize-path@https://registry.npmjs.org/normalize-path/-/normalize-path-3.0.0.tgz 0ms (cache hit)
253 http cache object-inspect@https://registry.npmjs.org/object-inspect/-/object-inspect-1.13.4.tgz 0ms (cache hit)
254 http cache normalize-package-data@https://registry.npmjs.org/normalize-package-data/-/normalize-package-data-2.5.0.tgz 0ms (cache hit)
255 http cache node-forge@https://registry.npmjs.org/node-forge/-/node-forge-1.3.3.tgz 0ms (cache hit)
256 http cache no-case@https://registry.npmjs.org/no-case/-/no-case-3.0.4.tgz 0ms (cache hit)
257 http cache nice-try@https://registry.npmjs.org/nice-try/-/nice-try-1.0.5.tgz 0ms (cache hit)
258 http cache neo-async@https://registry.npmjs.org/neo-async/-/neo-async-2.6.2.tgz 0ms (cache hit)
259 http cache node-fetch@https://registry.npmjs.org/node-fetch/-/node-fetch-2.7.0.tgz 0ms (cache hit)
260 http cache natural-compare@https://registry.npmjs.org/natural-compare/-/natural-compare-1.4.0.tgz 0ms (cache hit)
261 http cache negotiator@https://registry.npmjs.org/negotiator/-/negotiator-0.6.4.tgz 0ms (cache hit)
262 http cache mz@https://registry.npmjs.org/mz/-/mz-2.7.0.tgz 0ms (cache hit)
263 http cache nanoid@https://registry.npmjs.org/nanoid/-/nanoid-3.3.11.tgz 0ms (cache hit)
264 http cache multicast-dns@https://registry.npmjs.org/multicast-dns/-/multicast-dns-7.2.5.tgz 0ms (cache hit)
265 http cache ms@https://registry.npmjs.org/ms/-/ms-2.1.3.tgz 0ms (cache hit)
266 http cache mitt@https://registry.npmjs.org/mitt/-/mitt-3.0.1.tgz 1ms (cache hit)
267 http cache minipass@https://registry.npmjs.org/minipass/-/minipass-3.3.6.tgz 0ms (cache hit)
268 http cache module-alias@https://registry.npmjs.org/module-alias/-/module-alias-2.3.4.tgz 0ms (cache hit)
269 http cache minimist@https://registry.npmjs.org/minimist/-/minimist-1.2.8.tgz 0ms (cache hit)
270 http cache minimatch@https://registry.npmjs.org/minimatch/-/minimatch-3.1.2.tgz 0ms (cache hit)
271 http cache mrmime@https://registry.npmjs.org/mrmime/-/mrmime-2.0.1.tgz 0ms (cache hit)
272 http cache mini-css-extract-plugin@https://registry.npmjs.org/mini-css-extract-plugin/-/mini-css-extract-plugin-2.10.0.tgz 0ms (cache hit)
273 http cache minimalistic-assert@https://registry.npmjs.org/minimalistic-assert/-/minimalistic-assert-1.0.1.tgz 0ms (cache hit)
274 http cache mime-types@https://registry.npmjs.org/mime-types/-/mime-types-2.1.35.tgz 0ms (cache hit)
275 http cache mime@https://registry.npmjs.org/mime/-/mime-1.6.0.tgz 0ms (cache hit)
276 http cache micromatch@https://registry.npmjs.org/micromatch/-/micromatch-4.0.8.tgz 0ms (cache hit)
277 http cache merge2@https://registry.npmjs.org/merge2/-/merge2-1.4.1.tgz 0ms (cache hit)
278 http cache mimic-fn@https://registry.npmjs.org/mimic-fn/-/mimic-fn-2.1.0.tgz 0ms (cache hit)
279 http cache merge-stream@https://registry.npmjs.org/merge-stream/-/merge-stream-2.0.0.tgz 0ms (cache hit)
280 http cache methods@https://registry.npmjs.org/methods/-/methods-1.1.2.tgz 0ms (cache hit)
281 http cache mime-db@https://registry.npmjs.org/mime-db/-/mime-db-1.52.0.tgz 0ms (cache hit)
282 http cache memfs@https://registry.npmjs.org/memfs/-/memfs-3.5.3.tgz 0ms (cache hit)
283 http cache media-typer@https://registry.npmjs.org/media-typer/-/media-typer-0.3.0.tgz 0ms (cache hit)
284 http cache merge-source-map@https://registry.npmjs.org/merge-source-map/-/merge-source-map-1.1.0.tgz 0ms (cache hit)
285 http cache merge-descriptors@https://registry.npmjs.org/merge-descriptors/-/merge-descriptors-1.0.3.tgz 0ms (cache hit)
286 http cache mdn-data@https://registry.npmjs.org/mdn-data/-/mdn-data-2.0.14.tgz 0ms (cache hit)
287 http cache math-intrinsics@https://registry.npmjs.org/math-intrinsics/-/math-intrinsics-1.1.0.tgz 0ms (cache hit)
288 http cache lru-cache@https://registry.npmjs.org/lru-cache/-/lru-cache-5.1.1.tgz 0ms (cache hit)
289 http cache lower-case@https://registry.npmjs.org/lower-case/-/lower-case-2.0.2.tgz 0ms (cache hit)
290 http cache log-update@https://registry.npmjs.org/log-update/-/log-update-2.3.0.tgz 0ms (cache hit)
291 http cache magic-string@https://registry.npmjs.org/magic-string/-/magic-string-0.30.21.tgz 0ms (cache hit)
292 http cache lodash.uniq@https://registry.npmjs.org/lodash.uniq/-/lodash.uniq-4.5.0.tgz 0ms (cache hit)
293 http cache log-symbols@https://registry.npmjs.org/log-symbols/-/log-symbols-4.1.0.tgz 0ms (cache hit)
294 http cache lodash.memoize@https://registry.npmjs.org/lodash.memoize/-/lodash.memoize-4.1.2.tgz 0ms (cache hit)
295 http cache make-dir@https://registry.npmjs.org/make-dir/-/make-dir-3.1.0.tgz 0ms (cache hit)
296 http cache lodash.mapvalues@https://registry.npmjs.org/lodash.mapvalues/-/lodash.mapvalues-4.6.0.tgz 0ms (cache hit)
297 http cache lodash.merge@https://registry.npmjs.org/lodash.merge/-/lodash.merge-4.6.2.tgz 0ms (cache hit)
298 http cache lodash.kebabcase@https://registry.npmjs.org/lodash.kebabcase/-/lodash.kebabcase-4.1.1.tgz 0ms (cache hit)
299 http cache lodash.truncate@https://registry.npmjs.org/lodash.truncate/-/lodash.truncate-4.4.2.tgz 0ms (cache hit)
300 http cache lodash@https://registry.npmjs.org/lodash/-/lodash-4.17.23.tgz 0ms (cache hit)
301 http cache lodash.debounce@https://registry.npmjs.org/lodash.debounce/-/lodash.debounce-4.0.8.tgz 0ms (cache hit)
302 http cache lodash.defaultsdeep@https://registry.npmjs.org/lodash.defaultsdeep/-/lodash.defaultsdeep-4.6.1.tgz 0ms (cache hit)
303 http cache loader-utils@https://registry.npmjs.org/loader-utils/-/loader-utils-1.4.2.tgz 0ms (cache hit)
304 http cache locate-path@https://registry.npmjs.org/locate-path/-/locate-path-5.0.0.tgz 0ms (cache hit)
305 http cache lines-and-columns@https://registry.npmjs.org/lines-and-columns/-/lines-and-columns-1.2.4.tgz 0ms (cache hit)
306 http cache lilconfig@https://registry.npmjs.org/lilconfig/-/lilconfig-2.1.0.tgz 0ms (cache hit)
307 http cache loader-runner@https://registry.npmjs.org/loader-runner/-/loader-runner-4.3.1.tgz 0ms (cache hit)
308 http cache levn@https://registry.npmjs.org/levn/-/levn-0.4.1.tgz 0ms (cache hit)
309 http cache klona@https://registry.npmjs.org/klona/-/klona-2.0.6.tgz 0ms (cache hit)
310 http cache launch-editor-middleware@https://registry.npmjs.org/launch-editor-middleware/-/launch-editor-middleware-2.12.0.tgz 0ms (cache hit)
311 http cache keyv@https://registry.npmjs.org/keyv/-/keyv-4.5.4.tgz 0ms (cache hit)
312 http cache kind-of@https://registry.npmjs.org/kind-of/-/kind-of-6.0.3.tgz 0ms (cache hit)
313 http cache json5@https://registry.npmjs.org/json5/-/json5-2.2.3.tgz 0ms (cache hit)
314 http cache json-stable-stringify-without-jsonify@https://registry.npmjs.org/json-stable-stringify-without-jsonify/-/json-stable-stringify-without-jsonify-1.0.1.tgz 0ms (cache hit)
315 http cache jsonfile@https://registry.npmjs.org/jsonfile/-/jsonfile-6.2.0.tgz 0ms (cache hit)
316 http cache launch-editor@https://registry.npmjs.org/launch-editor/-/launch-editor-2.12.0.tgz 0ms (cache hit)
317 http cache json-schema-traverse@https://registry.npmjs.org/json-schema-traverse/-/json-schema-traverse-0.4.1.tgz 0ms (cache hit)
318 http cache json-parse-even-better-errors@https://registry.npmjs.org/json-parse-even-better-errors/-/json-parse-even-better-errors-2.3.1.tgz 0ms (cache hit)
319 http cache json-parse-better-errors@https://registry.npmjs.org/json-parse-better-errors/-/json-parse-better-errors-1.0.2.tgz 0ms (cache hit)
320 http cache jsesc@https://registry.npmjs.org/jsesc/-/jsesc-3.1.0.tgz 0ms (cache hit)
321 http cache js-tokens@https://registry.npmjs.org/js-tokens/-/js-tokens-4.0.0.tgz 0ms (cache hit)
322 http cache json-buffer@https://registry.npmjs.org/json-buffer/-/json-buffer-3.0.1.tgz 0ms (cache hit)
323 http cache js-message@https://registry.npmjs.org/js-message/-/js-message-1.0.7.tgz 0ms (cache hit)
324 http cache js-yaml@https://registry.npmjs.org/js-yaml/-/js-yaml-3.14.2.tgz 0ms (cache hit)
325 http cache javascript-stringify@https://registry.npmjs.org/javascript-stringify/-/javascript-stringify-2.1.0.tgz 0ms (cache hit)
326 http cache joi@https://registry.npmjs.org/joi/-/joi-17.13.3.tgz 0ms (cache hit)
327 http cache isobject@https://registry.npmjs.org/isobject/-/isobject-3.0.1.tgz 0ms (cache hit)
328 http cache jest-worker@https://registry.npmjs.org/jest-worker/-/jest-worker-27.5.1.tgz 0ms (cache hit)
329 http cache isexe@https://registry.npmjs.org/isexe/-/isexe-2.0.0.tgz 0ms (cache hit)
330 http cache isarray@https://registry.npmjs.org/isarray/-/isarray-1.0.0.tgz 0ms (cache hit)
331 http cache is-wsl@https://registry.npmjs.org/is-wsl/-/is-wsl-2.2.0.tgz 0ms (cache hit)
332 http cache is-unicode-supported@https://registry.npmjs.org/is-unicode-supported/-/is-unicode-supported-0.1.0.tgz 0ms (cache hit)
333 http cache is-stream@https://registry.npmjs.org/is-stream/-/is-stream-1.1.0.tgz 0ms (cache hit)
334 http cache is-what@https://registry.npmjs.org/is-what/-/is-what-5.5.0.tgz 0ms (cache hit)
335 http cache is-number@https://registry.npmjs.org/is-number/-/is-number-7.0.0.tgz 0ms (cache hit)
336 http cache is-plain-object@https://registry.npmjs.org/is-plain-object/-/is-plain-object-2.0.4.tgz 0ms (cache hit)
337 http cache is-plain-obj@https://registry.npmjs.org/is-plain-obj/-/is-plain-obj-3.0.0.tgz 0ms (cache hit)
338 http cache is-glob@https://registry.npmjs.org/is-glob/-/is-glob-4.0.3.tgz 0ms (cache hit)
339 http cache is-fullwidth-code-point@https://registry.npmjs.org/is-fullwidth-code-point/-/is-fullwidth-code-point-3.0.0.tgz 0ms (cache hit)
340 http cache is-interactive@https://registry.npmjs.org/is-interactive/-/is-interactive-1.0.0.tgz 0ms (cache hit)
341 http cache is-file-esm@https://registry.npmjs.org/is-file-esm/-/is-file-esm-1.0.0.tgz 0ms (cache hit)
342 http cache is-extglob@https://registry.npmjs.org/is-extglob/-/is-extglob-2.1.1.tgz 0ms (cache hit)
343 http cache is-docker@https://registry.npmjs.org/is-docker/-/is-docker-2.2.1.tgz 0ms (cache hit)
344 http cache is-core-module@https://registry.npmjs.org/is-core-module/-/is-core-module-2.16.1.tgz 0ms (cache hit)
345 http cache is-binary-path@https://registry.npmjs.org/is-binary-path/-/is-binary-path-2.1.0.tgz 0ms (cache hit)
346 http cache is-arrayish@https://registry.npmjs.org/is-arrayish/-/is-arrayish-0.2.1.tgz 0ms (cache hit)
347 http cache is-ci@https://registry.npmjs.org/is-ci/-/is-ci-1.2.1.tgz 0ms (cache hit)
348 http cache inherits@https://registry.npmjs.org/inherits/-/inherits-2.0.4.tgz 0ms (cache hit)
349 http cache ipaddr.js@https://registry.npmjs.org/ipaddr.js/-/ipaddr.js-2.3.0.tgz 0ms (cache hit)
350 http cache import-fresh@https://registry.npmjs.org/import-fresh/-/import-fresh-3.3.1.tgz 0ms (cache hit)
351 http cache ignore@https://registry.npmjs.org/ignore/-/ignore-4.0.6.tgz 0ms (cache hit)
352 http cache inflight@https://registry.npmjs.org/inflight/-/inflight-1.0.6.tgz 0ms (cache hit)
353 http cache imurmurhash@https://registry.npmjs.org/imurmurhash/-/imurmurhash-0.1.4.tgz 0ms (cache hit)
354 http cache ieee754@https://registry.npmjs.org/ieee754/-/ieee754-1.2.1.tgz 0ms (cache hit)
355 http cache icss-utils@https://registry.npmjs.org/icss-utils/-/icss-utils-5.1.0.tgz 0ms (cache hit)
356 http cache human-signals@https://registry.npmjs.org/human-signals/-/human-signals-2.1.0.tgz 0ms (cache hit)
357 http cache http-proxy@https://registry.npmjs.org/http-proxy/-/http-proxy-1.18.1.tgz 0ms (cache hit)
358 http cache http-parser-js@https://registry.npmjs.org/http-parser-js/-/http-parser-js-0.5.10.tgz 0ms (cache hit)
359 http cache iconv-lite@https://registry.npmjs.org/iconv-lite/-/iconv-lite-0.4.24.tgz 0ms (cache hit)
360 http cache http-errors@https://registry.npmjs.org/http-errors/-/http-errors-2.0.1.tgz 0ms (cache hit)
361 http cache http-proxy-middleware@https://registry.npmjs.org/http-proxy-middleware/-/http-proxy-middleware-2.0.9.tgz 0ms (cache hit)
362 http cache htmlparser2@https://registry.npmjs.org/htmlparser2/-/htmlparser2-6.1.0.tgz 0ms (cache hit)
363 http cache html-tags@https://registry.npmjs.org/html-tags/-/html-tags-2.0.0.tgz 0ms (cache hit)
364 http cache http-deceiver@https://registry.npmjs.org/http-deceiver/-/http-deceiver-1.2.7.tgz 0ms (cache hit)
365 http cache html-webpack-plugin@https://registry.npmjs.org/html-webpack-plugin/-/html-webpack-plugin-5.6.6.tgz 0ms (cache hit)
366 http cache html-escaper@https://registry.npmjs.org/html-escaper/-/html-escaper-2.0.2.tgz 0ms (cache hit)
367 http cache html-minifier-terser@https://registry.npmjs.org/html-minifier-terser/-/html-minifier-terser-6.1.0.tgz 0ms (cache hit)
368 http cache hosted-git-info@https://registry.npmjs.org/hosted-git-info/-/hosted-git-info-2.8.9.tgz 0ms (cache hit)
369 http cache highlight.js@https://registry.npmjs.org/highlight.js/-/highlight.js-10.7.3.tgz 0ms (cache hit)
370 http cache hpack.js@https://registry.npmjs.org/hpack.js/-/hpack.js-2.1.6.tgz 0ms (cache hit)
371 http cache he@https://registry.npmjs.org/he/-/he-1.2.0.tgz 0ms (cache hit)
372 http cache html-entities@https://registry.npmjs.org/html-entities/-/html-entities-2.6.0.tgz 0ms (cache hit)
373 http cache hookable@https://registry.npmjs.org/hookable/-/hookable-5.5.3.tgz 0ms (cache hit)
374 http cache has-tostringtag@https://registry.npmjs.org/has-tostringtag/-/has-tostringtag-1.0.2.tgz 0ms (cache hit)
375 http cache hash-sum@https://registry.npmjs.org/hash-sum/-/hash-sum-2.0.0.tgz 0ms (cache hit)
376 http cache hasown@https://registry.npmjs.org/hasown/-/hasown-2.0.2.tgz 0ms (cache hit)
377 http cache has-property-descriptors@https://registry.npmjs.org/has-property-descriptors/-/has-property-descriptors-1.0.2.tgz 0ms (cache hit)
378 http cache has-symbols@https://registry.npmjs.org/has-symbols/-/has-symbols-1.1.0.tgz 0ms (cache hit)
379 http cache has-flag@https://registry.npmjs.org/has-flag/-/has-flag-4.0.0.tgz 0ms (cache hit)
380 http cache handle-thing@https://registry.npmjs.org/handle-thing/-/handle-thing-2.0.1.tgz 0ms (cache hit)
381 http cache globals@https://registry.npmjs.org/globals/-/globals-13.24.0.tgz 0ms (cache hit)
382 http cache gopd@https://registry.npmjs.org/gopd/-/gopd-1.2.0.tgz 0ms (cache hit)
383 http cache globby@https://registry.npmjs.org/globby/-/globby-11.1.0.tgz 0ms (cache hit)
384 http cache gzip-size@https://registry.npmjs.org/gzip-size/-/gzip-size-6.0.0.tgz 0ms (cache hit)
385 http cache glob-parent@https://registry.npmjs.org/glob-parent/-/glob-parent-6.0.2.tgz 0ms (cache hit)
386 http cache graceful-fs@https://registry.npmjs.org/graceful-fs/-/graceful-fs-4.2.11.tgz 0ms (cache hit)
387 http cache glob-to-regexp@https://registry.npmjs.org/glob-to-regexp/-/glob-to-regexp-0.4.1.tgz 0ms (cache hit)
388 http cache glob@https://registry.npmjs.org/glob/-/glob-7.2.3.tgz 0ms (cache hit)
389 http cache get-proto@https://registry.npmjs.org/get-proto/-/get-proto-1.0.1.tgz 0ms (cache hit)
390 http cache get-intrinsic@https://registry.npmjs.org/get-intrinsic/-/get-intrinsic-1.3.0.tgz 0ms (cache hit)
391 http cache get-caller-file@https://registry.npmjs.org/get-caller-file/-/get-caller-file-2.0.5.tgz 0ms (cache hit)
392 http cache get-stream@https://registry.npmjs.org/get-stream/-/get-stream-4.1.0.tgz 0ms (cache hit)
393 http cache gensync@https://registry.npmjs.org/gensync/-/gensync-1.0.0-beta.2.tgz 0ms (cache hit)
394 http cache function-bind@https://registry.npmjs.org/function-bind/-/function-bind-1.1.2.tgz 1ms (cache hit)
395 http cache fs-monkey@https://registry.npmjs.org/fs-monkey/-/fs-monkey-1.1.0.tgz 0ms (cache hit)
396 http cache fresh@https://registry.npmjs.org/fresh/-/fresh-0.5.2.tgz 0ms (cache hit)
397 http cache functional-red-black-tree@https://registry.npmjs.org/functional-red-black-tree/-/functional-red-black-tree-1.0.1.tgz 0ms (cache hit)
398 http cache fs-extra@https://registry.npmjs.org/fs-extra/-/fs-extra-9.1.0.tgz 0ms (cache hit)
399 http cache forwarded@https://registry.npmjs.org/forwarded/-/forwarded-0.2.0.tgz 0ms (cache hit)
400 http cache follow-redirects@https://registry.npmjs.org/follow-redirects/-/follow-redirects-1.15.11.tgz 0ms (cache hit)
401 http cache fs.realpath@https://registry.npmjs.org/fs.realpath/-/fs.realpath-1.0.0.tgz 0ms (cache hit)
402 http cache flatted@https://registry.npmjs.org/flatted/-/flatted-3.3.3.tgz 0ms (cache hit)
403 http cache fraction.js@https://registry.npmjs.org/fraction.js/-/fraction.js-5.3.4.tgz 0ms (cache hit)
404 http cache form-data@https://registry.npmjs.org/form-data/-/form-data-4.0.5.tgz 0ms (cache hit)
405 http cache flat@https://registry.npmjs.org/flat/-/flat-5.0.2.tgz 0ms (cache hit)
406 http cache flat-cache@https://registry.npmjs.org/flat-cache/-/flat-cache-3.2.0.tgz 0ms (cache hit)
407 http cache finalhandler@https://registry.npmjs.org/finalhandler/-/finalhandler-1.3.2.tgz 0ms (cache hit)
408 http cache find-up@https://registry.npmjs.org/find-up/-/find-up-4.1.0.tgz 0ms (cache hit)
409 http cache fill-range@https://registry.npmjs.org/fill-range/-/fill-range-7.1.1.tgz 0ms (cache hit)
410 http cache file-entry-cache@https://registry.npmjs.org/file-entry-cache/-/file-entry-cache-6.0.1.tgz 0ms (cache hit)
411 http cache figures@https://registry.npmjs.org/figures/-/figures-2.0.0.tgz 0ms (cache hit)
412 http cache faye-websocket@https://registry.npmjs.org/faye-websocket/-/faye-websocket-0.11.4.tgz 0ms (cache hit)
413 http cache fast-json-stable-stringify@https://registry.npmjs.org/fast-json-stable-stringify/-/fast-json-stable-stringify-2.1.0.tgz 0ms (cache hit)
414 http cache find-cache-dir@https://registry.npmjs.org/find-cache-dir/-/find-cache-dir-3.3.2.tgz 0ms (cache hit)
415 http cache fastq@https://registry.npmjs.org/fastq/-/fastq-1.20.1.tgz 0ms (cache hit)
416 http cache fast-uri@https://registry.npmjs.org/fast-uri/-/fast-uri-3.1.0.tgz 0ms (cache hit)
417 http cache fast-levenshtein@https://registry.npmjs.org/fast-levenshtein/-/fast-levenshtein-2.0.6.tgz 0ms (cache hit)
418 http cache fast-glob@https://registry.npmjs.org/fast-glob/-/fast-glob-3.3.3.tgz 0ms (cache hit)
419 http cache execa@https://registry.npmjs.org/execa/-/execa-1.0.0.tgz 0ms (cache hit)
420 http cache fast-deep-equal@https://registry.npmjs.org/fast-deep-equal/-/fast-deep-equal-3.1.3.tgz 0ms (cache hit)
421 http cache express@https://registry.npmjs.org/express/-/express-4.22.1.tgz 0ms (cache hit)
422 http cache events@https://registry.npmjs.org/events/-/events-3.3.0.tgz 0ms (cache hit)
423 http cache eventemitter3@https://registry.npmjs.org/eventemitter3/-/eventemitter3-4.0.7.tgz 0ms (cache hit)
424 http cache estraverse@https://registry.npmjs.org/estraverse/-/estraverse-4.3.0.tgz 0ms (cache hit)
425 http cache estree-walker@https://registry.npmjs.org/estree-walker/-/estree-walker-2.0.2.tgz 0ms (cache hit)
426 http cache etag@https://registry.npmjs.org/etag/-/etag-1.8.1.tgz 0ms (cache hit)
427 http cache esutils@https://registry.npmjs.org/esutils/-/esutils-2.0.3.tgz 0ms (cache hit)
428 http cache esrecurse@https://registry.npmjs.org/esrecurse/-/esrecurse-4.3.0.tgz 0ms (cache hit)
429 http cache eslint-webpack-plugin@https://registry.npmjs.org/eslint-webpack-plugin/-/eslint-webpack-plugin-3.2.0.tgz 0ms (cache hit)
430 http cache event-pubsub@https://registry.npmjs.org/event-pubsub/-/event-pubsub-4.3.0.tgz 0ms (cache hit)
431 http cache espree@https://registry.npmjs.org/espree/-/espree-7.3.1.tgz 0ms (cache hit)
432 http cache esquery@https://registry.npmjs.org/esquery/-/esquery-1.7.0.tgz 0ms (cache hit)
433 http cache esprima@https://registry.npmjs.org/esprima/-/esprima-4.0.1.tgz 0ms (cache hit)
434 http cache eslint-utils@https://registry.npmjs.org/eslint-utils/-/eslint-utils-2.1.0.tgz 0ms (cache hit)
435 http cache eslint-visitor-keys@https://registry.npmjs.org/eslint-visitor-keys/-/eslint-visitor-keys-2.1.0.tgz 0ms (cache hit)
436 http cache escape-string-regexp@https://registry.npmjs.org/escape-string-regexp/-/escape-string-regexp-4.0.0.tgz 0ms (cache hit)
437 http cache eslint-scope@https://registry.npmjs.org/eslint-scope/-/eslint-scope-5.1.1.tgz 0ms (cache hit)
438 http cache eslint-plugin-vue@https://registry.npmjs.org/eslint-plugin-vue/-/eslint-plugin-vue-8.7.1.tgz 0ms (cache hit)
439 http cache escalade@https://registry.npmjs.org/escalade/-/escalade-3.2.0.tgz 0ms (cache hit)
440 http cache eslint@https://registry.npmjs.org/eslint/-/eslint-7.32.0.tgz 0ms (cache hit)
441 http cache es-set-tostringtag@https://registry.npmjs.org/es-set-tostringtag/-/es-set-tostringtag-2.1.0.tgz 0ms (cache hit)
442 http cache es-module-lexer@https://registry.npmjs.org/es-module-lexer/-/es-module-lexer-2.0.0.tgz 0ms (cache hit)
443 http cache es-object-atoms@https://registry.npmjs.org/es-object-atoms/-/es-object-atoms-1.1.1.tgz 0ms (cache hit)
444 http cache escape-html@https://registry.npmjs.org/escape-html/-/escape-html-1.0.3.tgz 0ms (cache hit)
445 http cache error-stack-parser@https://registry.npmjs.org/error-stack-parser/-/error-stack-parser-2.1.4.tgz 0ms (cache hit)
446 http cache es-errors@https://registry.npmjs.org/es-errors/-/es-errors-1.3.0.tgz 0ms (cache hit)
447 http cache enquirer@https://registry.npmjs.org/enquirer/-/enquirer-2.4.1.tgz 0ms (cache hit)
448 http cache es-define-property@https://registry.npmjs.org/es-define-property/-/es-define-property-1.0.1.tgz 0ms (cache hit)
449 http cache end-of-stream@https://registry.npmjs.org/end-of-stream/-/end-of-stream-1.4.5.tgz 0ms (cache hit)
450 http cache error-ex@https://registry.npmjs.org/error-ex/-/error-ex-1.3.4.tgz 0ms (cache hit)
451 http cache entities@https://registry.npmjs.org/entities/-/entities-7.0.1.tgz 0ms (cache hit)
452 http cache emojis-list@https://registry.npmjs.org/emojis-list/-/emojis-list-3.0.0.tgz 0ms (cache hit)
453 http cache ee-first@https://registry.npmjs.org/ee-first/-/ee-first-1.1.1.tgz 0ms (cache hit)
454 http cache encodeurl@https://registry.npmjs.org/encodeurl/-/encodeurl-2.0.0.tgz 0ms (cache hit)
455 http cache easy-stack@https://registry.npmjs.org/easy-stack/-/easy-stack-1.0.1.tgz 0ms (cache hit)
456 http cache emoji-regex@https://registry.npmjs.org/emoji-regex/-/emoji-regex-8.0.0.tgz 0ms (cache hit)
457 http cache enhanced-resolve@https://registry.npmjs.org/enhanced-resolve/-/enhanced-resolve-5.19.0.tgz 0ms (cache hit)
458 http cache duplexer@https://registry.npmjs.org/duplexer/-/duplexer-0.1.2.tgz 0ms (cache hit)
459 http cache electron-to-chromium@https://registry.npmjs.org/electron-to-chromium/-/electron-to-chromium-1.5.286.tgz 0ms (cache hit)
460 http cache dunder-proto@https://registry.npmjs.org/dunder-proto/-/dunder-proto-1.0.1.tgz 0ms (cache hit)
461 http cache dotenv-expand@https://registry.npmjs.org/dotenv-expand/-/dotenv-expand-5.1.0.tgz 0ms (cache hit)
462 http cache dot-case@https://registry.npmjs.org/dot-case/-/dot-case-3.0.4.tgz 0ms (cache hit)
463 http cache dotenv@https://registry.npmjs.org/dotenv/-/dotenv-10.0.0.tgz 0ms (cache hit)
464 http cache domutils@https://registry.npmjs.org/domutils/-/domutils-2.8.0.tgz 0ms (cache hit)
465 http cache domhandler@https://registry.npmjs.org/domhandler/-/domhandler-4.3.1.tgz 0ms (cache hit)
466 http cache dom-serializer@https://registry.npmjs.org/dom-serializer/-/dom-serializer-1.4.1.tgz 0ms (cache hit)
467 http cache doctrine@https://registry.npmjs.org/doctrine/-/doctrine-3.0.0.tgz 0ms (cache hit)
468 http cache domelementtype@https://registry.npmjs.org/domelementtype/-/domelementtype-2.3.0.tgz 0ms (cache hit)
469 http cache dns-packet@https://registry.npmjs.org/dns-packet/-/dns-packet-5.6.1.tgz 0ms (cache hit)
470 http cache dom-converter@https://registry.npmjs.org/dom-converter/-/dom-converter-0.2.0.tgz 0ms (cache hit)
471 http cache delayed-stream@https://registry.npmjs.org/delayed-stream/-/delayed-stream-1.0.0.tgz 0ms (cache hit)
472 http cache detect-node@https://registry.npmjs.org/detect-node/-/detect-node-2.1.0.tgz 0ms (cache hit)
473 http cache dir-glob@https://registry.npmjs.org/dir-glob/-/dir-glob-3.0.1.tgz 0ms (cache hit)
474 http cache depd@https://registry.npmjs.org/depd/-/depd-2.0.0.tgz 0ms (cache hit)
475 http cache define-properties@https://registry.npmjs.org/define-properties/-/define-properties-1.2.1.tgz 0ms (cache hit)
476 http cache destroy@https://registry.npmjs.org/destroy/-/destroy-1.2.0.tgz 0ms (cache hit)
477 http cache defaults@https://registry.npmjs.org/defaults/-/defaults-1.0.4.tgz 0ms (cache hit)
478 http cache define-lazy-prop@https://registry.npmjs.org/define-lazy-prop/-/define-lazy-prop-2.0.0.tgz 0ms (cache hit)
479 http cache deepmerge@https://registry.npmjs.org/deepmerge/-/deepmerge-1.5.2.tgz 0ms (cache hit)
480 http cache define-data-property@https://registry.npmjs.org/define-data-property/-/define-data-property-1.1.4.tgz 0ms (cache hit)
481 http cache debounce@https://registry.npmjs.org/debounce/-/debounce-1.2.1.tgz 0ms (cache hit)
482 http cache default-gateway@https://registry.npmjs.org/default-gateway/-/default-gateway-6.0.3.tgz 0ms (cache hit)
483 http cache deep-is@https://registry.npmjs.org/deep-is/-/deep-is-0.1.4.tgz 0ms (cache hit)
484 http cache debug@https://registry.npmjs.org/debug/-/debug-4.4.3.tgz 0ms (cache hit)
485 http cache csso@https://registry.npmjs.org/csso/-/csso-4.2.0.tgz 0ms (cache hit)
486 http cache csstype@https://registry.npmjs.org/csstype/-/csstype-3.2.3.tgz 0ms (cache hit)
487 http cache cssnano-utils@https://registry.npmjs.org/cssnano-utils/-/cssnano-utils-3.1.0.tgz 0ms (cache hit)
488 http cache cssnano-preset-default@https://registry.npmjs.org/cssnano-preset-default/-/cssnano-preset-default-5.2.14.tgz 0ms (cache hit)
489 http cache cssnano@https://registry.npmjs.org/cssnano/-/cssnano-5.1.15.tgz 0ms (cache hit)
490 http cache cssesc@https://registry.npmjs.org/cssesc/-/cssesc-3.0.0.tgz 0ms (cache hit)
491 http cache css-what@https://registry.npmjs.org/css-what/-/css-what-6.2.2.tgz 0ms (cache hit)
492 http cache css-minimizer-webpack-plugin@https://registry.npmjs.org/css-minimizer-webpack-plugin/-/css-minimizer-webpack-plugin-3.4.1.tgz 0ms (cache hit)
493 http cache css-tree@https://registry.npmjs.org/css-tree/-/css-tree-1.1.3.tgz 0ms (cache hit)
494 http cache cross-spawn@https://registry.npmjs.org/cross-spawn/-/cross-spawn-7.0.6.tgz 0ms (cache hit)
495 http cache css-select@https://registry.npmjs.org/css-select/-/css-select-4.3.0.tgz 0ms (cache hit)
496 http cache css-declaration-sorter@https://registry.npmjs.org/css-declaration-sorter/-/css-declaration-sorter-6.4.1.tgz 0ms (cache hit)
497 http cache cosmiconfig@https://registry.npmjs.org/cosmiconfig/-/cosmiconfig-7.1.0.tgz 0ms (cache hit)
498 http cache css-loader@https://registry.npmjs.org/css-loader/-/css-loader-6.11.0.tgz 0ms (cache hit)
499 http cache core-util-is@https://registry.npmjs.org/core-util-is/-/core-util-is-1.0.3.tgz 0ms (cache hit)
500 http cache core-js-compat@https://registry.npmjs.org/core-js-compat/-/core-js-compat-3.48.0.tgz 0ms (cache hit)
501 http cache copy-webpack-plugin@https://registry.npmjs.org/copy-webpack-plugin/-/copy-webpack-plugin-9.1.0.tgz 0ms (cache hit)
502 http cache core-js@https://registry.npmjs.org/core-js/-/core-js-3.48.0.tgz 0ms (cache hit)
503 http cache copy-anything@https://registry.npmjs.org/copy-anything/-/copy-anything-4.0.5.tgz 0ms (cache hit)
504 http cache cookie-signature@https://registry.npmjs.org/cookie-signature/-/cookie-signature-1.0.7.tgz 0ms (cache hit)
505 http cache cookie@https://registry.npmjs.org/cookie/-/cookie-0.7.2.tgz 0ms (cache hit)
506 http cache content-disposition@https://registry.npmjs.org/content-disposition/-/content-disposition-0.5.4.tgz 0ms (cache hit)
507 http cache convert-source-map@https://registry.npmjs.org/convert-source-map/-/convert-source-map-2.0.0.tgz 0ms (cache hit)
508 http cache content-type@https://registry.npmjs.org/content-type/-/content-type-1.0.5.tgz 0ms (cache hit)
509 http cache connect-history-api-fallback@https://registry.npmjs.org/connect-history-api-fallback/-/connect-history-api-fallback-2.0.0.tgz 0ms (cache hit)
510 http cache consolidate@https://registry.npmjs.org/consolidate/-/consolidate-0.15.1.tgz 0ms (cache hit)
511 http cache concat-map@https://registry.npmjs.org/concat-map/-/concat-map-0.0.1.tgz 0ms (cache hit)
512 http cache compressible@https://registry.npmjs.org/compressible/-/compressible-2.0.18.tgz 0ms (cache hit)
513 http cache compression@https://registry.npmjs.org/compression/-/compression-1.8.1.tgz 0ms (cache hit)
514 http cache commander@https://registry.npmjs.org/commander/-/commander-8.3.0.tgz 0ms (cache hit)
515 http cache colorette@https://registry.npmjs.org/colorette/-/colorette-2.0.20.tgz 0ms (cache hit)
516 http cache combined-stream@https://registry.npmjs.org/combined-stream/-/combined-stream-1.0.8.tgz 0ms (cache hit)
517 http cache colord@https://registry.npmjs.org/colord/-/colord-2.9.3.tgz 0ms (cache hit)
518 http cache color-convert@https://registry.npmjs.org/color-convert/-/color-convert-2.0.1.tgz 0ms (cache hit)
519 http cache color-name@https://registry.npmjs.org/color-name/-/color-name-1.1.4.tgz 0ms (cache hit)
520 http cache clone-deep@https://registry.npmjs.org/clone-deep/-/clone-deep-4.0.1.tgz 0ms (cache hit)
521 http cache cliui@https://registry.npmjs.org/cliui/-/cliui-7.0.4.tgz 0ms (cache hit)
522 http cache commondir@https://registry.npmjs.org/commondir/-/commondir-1.0.1.tgz 0ms (cache hit)
523 http cache clone@https://registry.npmjs.org/clone/-/clone-1.0.4.tgz 0ms (cache hit)
524 http cache cli-spinners@https://registry.npmjs.org/cli-spinners/-/cli-spinners-2.9.2.tgz 0ms (cache hit)
525 http cache cli-highlight@https://registry.npmjs.org/cli-highlight/-/cli-highlight-2.1.11.tgz 0ms (cache hit)
526 http cache cli-cursor@https://registry.npmjs.org/cli-cursor/-/cli-cursor-3.1.0.tgz 0ms (cache hit)
527 http cache ci-info@https://registry.npmjs.org/ci-info/-/ci-info-1.6.0.tgz 0ms (cache hit)
528 http cache clipboardy@https://registry.npmjs.org/clipboardy/-/clipboardy-2.3.0.tgz 0ms (cache hit)
529 http cache clean-css@https://registry.npmjs.org/clean-css/-/clean-css-5.3.3.tgz 0ms (cache hit)
530 http cache chalk@https://registry.npmjs.org/chalk/-/chalk-3.0.0.tgz 0ms (cache hit)
531 http cache caniuse-lite@https://registry.npmjs.org/caniuse-lite/-/caniuse-lite-1.0.30001769.tgz 0ms (cache hit)
532 http cache case-sensitive-paths-webpack-plugin@https://registry.npmjs.org/case-sensitive-paths-webpack-plugin/-/case-sensitive-paths-webpack-plugin-2.4.0.tgz 0ms (cache hit)
533 http cache chokidar@https://registry.npmjs.org/chokidar/-/chokidar-3.6.0.tgz 0ms (cache hit)
534 http cache caniuse-api@https://registry.npmjs.org/caniuse-api/-/caniuse-api-3.0.0.tgz 0ms (cache hit)
535 http cache chrome-trace-event@https://registry.npmjs.org/chrome-trace-event/-/chrome-trace-event-1.0.4.tgz 0ms (cache hit)
536 http cache camelcase@https://registry.npmjs.org/camelcase/-/camelcase-5.3.1.tgz 0ms (cache hit)
537 http cache callsites@https://registry.npmjs.org/callsites/-/callsites-3.1.0.tgz 0ms (cache hit)
538 http cache camel-case@https://registry.npmjs.org/camel-case/-/camel-case-4.1.2.tgz 0ms (cache hit)
539 http cache call-bind@https://registry.npmjs.org/call-bind/-/call-bind-1.0.8.tgz 0ms (cache hit)
540 http cache call-bind-apply-helpers@https://registry.npmjs.org/call-bind-apply-helpers/-/call-bind-apply-helpers-1.0.2.tgz 0ms (cache hit)
541 http cache buffer-from@https://registry.npmjs.org/buffer-from/-/buffer-from-1.1.2.tgz 0ms (cache hit)
542 http cache buffer@https://registry.npmjs.org/buffer/-/buffer-5.7.1.tgz 0ms (cache hit)
543 http cache bytes@https://registry.npmjs.org/bytes/-/bytes-3.1.2.tgz 0ms (cache hit)
544 http cache browserslist@https://registry.npmjs.org/browserslist/-/browserslist-4.28.1.tgz 0ms (cache hit)
545 http cache braces@https://registry.npmjs.org/braces/-/braces-3.0.3.tgz 0ms (cache hit)
546 http cache call-bound@https://registry.npmjs.org/call-bound/-/call-bound-1.0.4.tgz 0ms (cache hit)
547 http cache bonjour-service@https://registry.npmjs.org/bonjour-service/-/bonjour-service-1.3.0.tgz 0ms (cache hit)
548 http cache boolbase@https://registry.npmjs.org/boolbase/-/boolbase-1.0.0.tgz 0ms (cache hit)
549 http cache bluebird@https://registry.npmjs.org/bluebird/-/bluebird-3.7.2.tgz 0ms (cache hit)
550 http cache bl@https://registry.npmjs.org/bl/-/bl-4.1.0.tgz 0ms (cache hit)
551 http cache birpc@https://registry.npmjs.org/birpc/-/birpc-2.9.0.tgz 0ms (cache hit)
552 http cache binary-extensions@https://registry.npmjs.org/binary-extensions/-/binary-extensions-2.3.0.tgz 0ms (cache hit)
553 http cache body-parser@https://registry.npmjs.org/body-parser/-/body-parser-1.20.4.tgz 0ms (cache hit)
554 http cache brace-expansion@https://registry.npmjs.org/brace-expansion/-/brace-expansion-1.1.12.tgz 0ms (cache hit)
555 http cache big.js@https://registry.npmjs.org/big.js/-/big.js-5.2.2.tgz 0ms (cache hit)
556 http cache batch@https://registry.npmjs.org/batch/-/batch-0.6.1.tgz 0ms (cache hit)
557 http cache base64-js@https://registry.npmjs.org/base64-js/-/base64-js-1.5.1.tgz 0ms (cache hit)
558 http cache babel-plugin-polyfill-regenerator@https://registry.npmjs.org/babel-plugin-polyfill-regenerator/-/babel-plugin-polyfill-regenerator-0.6.6.tgz 0ms (cache hit)
559 http cache baseline-browser-mapping@https://registry.npmjs.org/baseline-browser-mapping/-/baseline-browser-mapping-2.9.19.tgz 0ms (cache hit)
560 http cache babel-plugin-polyfill-corejs2@https://registry.npmjs.org/babel-plugin-polyfill-corejs2/-/babel-plugin-polyfill-corejs2-0.4.15.tgz 0ms (cache hit)
561 http cache balanced-match@https://registry.npmjs.org/balanced-match/-/balanced-match-1.0.2.tgz 0ms (cache hit)
562 http cache babel-plugin-dynamic-import-node@https://registry.npmjs.org/babel-plugin-dynamic-import-node/-/babel-plugin-dynamic-import-node-2.3.3.tgz 0ms (cache hit)
563 http cache autoprefixer@https://registry.npmjs.org/autoprefixer/-/autoprefixer-10.4.24.tgz 0ms (cache hit)
564 http cache babel-loader@https://registry.npmjs.org/babel-loader/-/babel-loader-8.4.1.tgz 0ms (cache hit)
565 http cache babel-plugin-polyfill-corejs3@https://registry.npmjs.org/babel-plugin-polyfill-corejs3/-/babel-plugin-polyfill-corejs3-0.13.0.tgz 0ms (cache hit)
566 http cache asynckit@https://registry.npmjs.org/asynckit/-/asynckit-0.4.0.tgz 0ms (cache hit)
567 http cache array-union@https://registry.npmjs.org/array-union/-/array-union-2.1.0.tgz 0ms (cache hit)
568 http cache axios@https://registry.npmjs.org/axios/-/axios-1.13.5.tgz 0ms (cache hit)
569 http cache async@https://registry.npmjs.org/async/-/async-3.2.6.tgz 0ms (cache hit)
570 http cache array-flatten@https://registry.npmjs.org/array-flatten/-/array-flatten-1.1.1.tgz 0ms (cache hit)
571 http cache arch@https://registry.npmjs.org/arch/-/arch-2.2.0.tgz 0ms (cache hit)
572 http cache at-least-node@https://registry.npmjs.org/at-least-node/-/at-least-node-1.0.0.tgz 0ms (cache hit)
573 http cache any-promise@https://registry.npmjs.org/any-promise/-/any-promise-1.3.0.tgz 0ms (cache hit)
574 http cache argparse@https://registry.npmjs.org/argparse/-/argparse-1.0.10.tgz 0ms (cache hit)
575 http cache astral-regex@https://registry.npmjs.org/astral-regex/-/astral-regex-2.0.0.tgz 0ms (cache hit)
576 http cache ansi-regex@https://registry.npmjs.org/ansi-regex/-/ansi-regex-5.0.1.tgz 0ms (cache hit)
577 http cache ansi-html-community@https://registry.npmjs.org/ansi-html-community/-/ansi-html-community-0.0.8.tgz 0ms (cache hit)
578 http cache ansi-escapes@https://registry.npmjs.org/ansi-escapes/-/ansi-escapes-3.2.0.tgz 0ms (cache hit)
579 http cache anymatch@https://registry.npmjs.org/anymatch/-/anymatch-3.1.3.tgz 0ms (cache hit)
580 http cache ansi-styles@https://registry.npmjs.org/ansi-styles/-/ansi-styles-4.3.0.tgz 0ms (cache hit)
581 http cache ajv-keywords@https://registry.npmjs.org/ajv-keywords/-/ajv-keywords-3.5.2.tgz 0ms (cache hit)
582 http cache ansi-colors@https://registry.npmjs.org/ansi-colors/-/ansi-colors-4.1.3.tgz 0ms (cache hit)
583 http cache ajv@https://registry.npmjs.org/ajv/-/ajv-6.12.6.tgz 0ms (cache hit)
584 http cache ajv-formats@https://registry.npmjs.org/ajv-formats/-/ajv-formats-2.1.1.tgz 0ms (cache hit)
585 http cache acorn-walk@https://registry.npmjs.org/acorn-walk/-/acorn-walk-8.3.4.tgz 0ms (cache hit)
586 http cache address@https://registry.npmjs.org/address/-/address-1.2.2.tgz 0ms (cache hit)
587 http cache acorn@https://registry.npmjs.org/acorn/-/acorn-8.15.0.tgz 0ms (cache hit)
588 http cache @xtuc/long@https://registry.npmjs.org/@xtuc/long/-/long-4.2.2.tgz 0ms (cache hit)
589 http cache accepts@https://registry.npmjs.org/accepts/-/accepts-1.3.8.tgz 0ms (cache hit)
590 http cache acorn-import-phases@https://registry.npmjs.org/acorn-import-phases/-/acorn-import-phases-1.0.4.tgz 0ms (cache hit)
591 http cache @xtuc/ieee754@https://registry.npmjs.org/@xtuc/ieee754/-/ieee754-1.2.0.tgz 0ms (cache hit)
592 http cache acorn-jsx@https://registry.npmjs.org/acorn-jsx/-/acorn-jsx-5.3.2.tgz 0ms (cache hit)
593 http cache @webassemblyjs/wast-printer@https://registry.npmjs.org/@webassemblyjs/wast-printer/-/wast-printer-1.14.1.tgz 0ms (cache hit)
594 http cache @webassemblyjs/wasm-gen@https://registry.npmjs.org/@webassemblyjs/wasm-gen/-/wasm-gen-1.14.1.tgz 0ms (cache hit)
595 http cache @webassemblyjs/wasm-parser@https://registry.npmjs.org/@webassemblyjs/wasm-parser/-/wasm-parser-1.14.1.tgz 0ms (cache hit)
596 http cache @webassemblyjs/wasm-opt@https://registry.npmjs.org/@webassemblyjs/wasm-opt/-/wasm-opt-1.14.1.tgz 0ms (cache hit)
597 http cache @webassemblyjs/utf8@https://registry.npmjs.org/@webassemblyjs/utf8/-/utf8-1.13.2.tgz 0ms (cache hit)
598 http cache @webassemblyjs/wasm-edit@https://registry.npmjs.org/@webassemblyjs/wasm-edit/-/wasm-edit-1.14.1.tgz 0ms (cache hit)
599 http cache @webassemblyjs/helper-wasm-bytecode@https://registry.npmjs.org/@webassemblyjs/helper-wasm-bytecode/-/helper-wasm-bytecode-1.13.2.tgz 0ms (cache hit)
600 http cache @webassemblyjs/leb128@https://registry.npmjs.org/@webassemblyjs/leb128/-/leb128-1.13.2.tgz 0ms (cache hit)
601 http cache @webassemblyjs/helper-wasm-section@https://registry.npmjs.org/@webassemblyjs/helper-wasm-section/-/helper-wasm-section-1.14.1.tgz 0ms (cache hit)
602 http cache @webassemblyjs/ieee754@https://registry.npmjs.org/@webassemblyjs/ieee754/-/ieee754-1.13.2.tgz 0ms (cache hit)
603 http cache @webassemblyjs/helper-numbers@https://registry.npmjs.org/@webassemblyjs/helper-numbers/-/helper-numbers-1.13.2.tgz 0ms (cache hit)
604 http cache @webassemblyjs/helper-buffer@https://registry.npmjs.org/@webassemblyjs/helper-buffer/-/helper-buffer-1.14.1.tgz 0ms (cache hit)
605 http cache @vue/web-component-wrapper@https://registry.npmjs.org/@vue/web-component-wrapper/-/web-component-wrapper-1.3.0.tgz 0ms (cache hit)
606 http cache @webassemblyjs/floating-point-hex-parser@https://registry.npmjs.org/@webassemblyjs/floating-point-hex-parser/-/floating-point-hex-parser-1.13.2.tgz 0ms (cache hit)
607 http cache @webassemblyjs/ast@https://registry.npmjs.org/@webassemblyjs/ast/-/ast-1.14.1.tgz 0ms (cache hit)
608 http cache @webassemblyjs/helper-api-error@https://registry.npmjs.org/@webassemblyjs/helper-api-error/-/helper-api-error-1.13.2.tgz 0ms (cache hit)
609 http cache @vue/server-renderer@https://registry.npmjs.org/@vue/server-renderer/-/server-renderer-3.5.27.tgz 0ms (cache hit)
610 http cache @vue/shared@https://registry.npmjs.org/@vue/shared/-/shared-3.5.27.tgz 0ms (cache hit)
611 http cache @vue/vue-loader-v15@https://registry.npmjs.org/vue-loader/-/vue-loader-15.11.1.tgz 0ms (cache hit)
612 http cache @vue/reactivity@https://registry.npmjs.org/@vue/reactivity/-/reactivity-3.5.27.tgz 0ms (cache hit)
613 http cache @vue/runtime-core@https://registry.npmjs.org/@vue/runtime-core/-/runtime-core-3.5.27.tgz 0ms (cache hit)
614 http cache @vue/devtools-shared@https://registry.npmjs.org/@vue/devtools-shared/-/devtools-shared-7.7.9.tgz 0ms (cache hit)
615 http cache @vue/devtools-api@https://registry.npmjs.org/@vue/devtools-api/-/devtools-api-7.7.9.tgz 0ms (cache hit)
616 http cache @vue/runtime-dom@https://registry.npmjs.org/@vue/runtime-dom/-/runtime-dom-3.5.27.tgz 0ms (cache hit)
617 http cache @vue/devtools-kit@https://registry.npmjs.org/@vue/devtools-kit/-/devtools-kit-7.7.9.tgz 0ms (cache hit)
618 http cache @vue/compiler-dom@https://registry.npmjs.org/@vue/compiler-dom/-/compiler-dom-3.5.27.tgz 0ms (cache hit)
619 http cache @vue/component-compiler-utils@https://registry.npmjs.org/@vue/component-compiler-utils/-/component-compiler-utils-3.3.0.tgz 0ms (cache hit)
620 http cache @vue/compiler-sfc@https://registry.npmjs.org/@vue/compiler-sfc/-/compiler-sfc-3.5.27.tgz 0ms (cache hit)
621 http cache @vue/cli-service@https://registry.npmjs.org/@vue/cli-service/-/cli-service-5.0.9.tgz 0ms (cache hit)
622 http cache @vue/compiler-ssr@https://registry.npmjs.org/@vue/compiler-ssr/-/compiler-ssr-3.5.27.tgz 0ms (cache hit)
623 http cache @vue/cli-shared-utils@https://registry.npmjs.org/@vue/cli-shared-utils/-/cli-shared-utils-5.0.9.tgz 0ms (cache hit)
624 http cache @vue/compiler-core@https://registry.npmjs.org/@vue/compiler-core/-/compiler-core-3.5.27.tgz 0ms (cache hit)
625 http cache @vue/cli-plugin-vuex@https://registry.npmjs.org/@vue/cli-plugin-vuex/-/cli-plugin-vuex-5.0.9.tgz 0ms (cache hit)
626 http cache @vue/cli-plugin-eslint@https://registry.npmjs.org/@vue/cli-plugin-eslint/-/cli-plugin-eslint-5.0.9.tgz 0ms (cache hit)
627 http cache @vue/cli-plugin-router@https://registry.npmjs.org/@vue/cli-plugin-router/-/cli-plugin-router-5.0.9.tgz 0ms (cache hit)
628 http cache @vue/cli-plugin-babel@https://registry.npmjs.org/@vue/cli-plugin-babel/-/cli-plugin-babel-5.0.9.tgz 1ms (cache hit)
629 http cache @vue/babel-sugar-v-model@https://registry.npmjs.org/@vue/babel-sugar-v-model/-/babel-sugar-v-model-1.4.0.tgz 0ms (cache hit)
630 http cache @vue/cli-overlay@https://registry.npmjs.org/@vue/cli-overlay/-/cli-overlay-5.0.9.tgz 0ms (cache hit)
631 http cache @vue/babel-sugar-v-on@https://registry.npmjs.org/@vue/babel-sugar-v-on/-/babel-sugar-v-on-1.4.0.tgz 0ms (cache hit)
632 http cache @vue/babel-sugar-inject-h@https://registry.npmjs.org/@vue/babel-sugar-inject-h/-/babel-sugar-inject-h-1.4.0.tgz 0ms (cache hit)
633 http cache @vue/babel-sugar-functional-vue@https://registry.npmjs.org/@vue/babel-sugar-functional-vue/-/babel-sugar-functional-vue-1.4.0.tgz 0ms (cache hit)
634 http cache @vue/babel-sugar-composition-api-render-instance@https://registry.npmjs.org/@vue/babel-sugar-composition-api-render-instance/-/babel-sugar-composition-api-render-instance-1.4.0.tgz 0ms (cache hit)
635 http cache @vue/babel-preset-jsx@https://registry.npmjs.org/@vue/babel-preset-jsx/-/babel-preset-jsx-1.4.0.tgz 0ms (cache hit)
636 http cache @vue/babel-plugin-transform-vue-jsx@https://registry.npmjs.org/@vue/babel-plugin-transform-vue-jsx/-/babel-plugin-transform-vue-jsx-1.4.0.tgz 0ms (cache hit)
637 http cache @vue/babel-preset-app@https://registry.npmjs.org/@vue/babel-preset-app/-/babel-preset-app-5.0.9.tgz 0ms (cache hit)
638 http cache @vue/babel-plugin-resolve-type@https://registry.npmjs.org/@vue/babel-plugin-resolve-type/-/babel-plugin-resolve-type-1.5.0.tgz 0ms (cache hit)
639 http cache @vue/babel-sugar-composition-api-inject-h@https://registry.npmjs.org/@vue/babel-sugar-composition-api-inject-h/-/babel-sugar-composition-api-inject-h-1.4.0.tgz 0ms (cache hit)
640 http cache @vue/babel-helper-vue-jsx-merge-props@https://registry.npmjs.org/@vue/babel-helper-vue-jsx-merge-props/-/babel-helper-vue-jsx-merge-props-1.4.0.tgz 0ms (cache hit)
641 http cache @types/sockjs@https://registry.npmjs.org/@types/sockjs/-/sockjs-0.3.36.tgz 0ms (cache hit)
642 http cache @types/ws@https://registry.npmjs.org/@types/ws/-/ws-8.18.1.tgz 0ms (cache hit)
643 http cache @vue/babel-helper-vue-transform-on@https://registry.npmjs.org/@vue/babel-helper-vue-transform-on/-/babel-helper-vue-transform-on-1.5.0.tgz 0ms (cache hit)
644 http cache @types/serve-index@https://registry.npmjs.org/@types/serve-index/-/serve-index-1.9.4.tgz 0ms (cache hit)
645 http cache @vue/babel-plugin-jsx@https://registry.npmjs.org/@vue/babel-plugin-jsx/-/babel-plugin-jsx-1.5.0.tgz 0ms (cache hit)
646 http cache @types/send@https://registry.npmjs.org/@types/send/-/send-1.2.1.tgz 0ms (cache hit)
647 http cache @types/qs@https://registry.npmjs.org/@types/qs/-/qs-6.14.0.tgz 0ms (cache hit)
648 http cache @types/range-parser@https://registry.npmjs.org/@types/range-parser/-/range-parser-1.2.7.tgz 0ms (cache hit)
649 http cache @types/serve-static@https://registry.npmjs.org/@types/serve-static/-/serve-static-1.15.10.tgz 0ms (cache hit)
650 http cache @types/minimist@https://registry.npmjs.org/@types/minimist/-/minimist-1.2.5.tgz 0ms (cache hit)
651 http cache @types/parse-json@https://registry.npmjs.org/@types/parse-json/-/parse-json-4.0.2.tgz 0ms (cache hit)
652 http cache @types/node@https://registry.npmjs.org/@types/node/-/node-25.2.2.tgz 0ms (cache hit)
653 http cache @types/mime@https://registry.npmjs.org/@types/mime/-/mime-1.3.5.tgz 0ms (cache hit)
654 http cache @types/normalize-package-data@https://registry.npmjs.org/@types/normalize-package-data/-/normalize-package-data-2.4.4.tgz 0ms (cache hit)
655 http cache @types/node-forge@https://registry.npmjs.org/@types/node-forge/-/node-forge-1.3.14.tgz 0ms (cache hit)
656 http cache @types/http-proxy@https://registry.npmjs.org/@types/http-proxy/-/http-proxy-1.17.17.tgz 0ms (cache hit)
657 http cache @types/http-errors@https://registry.npmjs.org/@types/http-errors/-/http-errors-2.0.5.tgz 0ms (cache hit)
658 http cache @types/json-schema@https://registry.npmjs.org/@types/json-schema/-/json-schema-7.0.15.tgz 0ms (cache hit)
659 http cache @types/express-serve-static-core@https://registry.npmjs.org/@types/express-serve-static-core/-/express-serve-static-core-5.1.1.tgz 0ms (cache hit)
660 http cache @types/retry@https://registry.npmjs.org/@types/retry/-/retry-0.12.0.tgz 0ms (cache hit)
661 http cache @types/html-minifier-terser@https://registry.npmjs.org/@types/html-minifier-terser/-/html-minifier-terser-6.1.0.tgz 0ms (cache hit)
662 http cache @types/eslint-scope@https://registry.npmjs.org/@types/eslint-scope/-/eslint-scope-3.7.7.tgz 0ms (cache hit)
663 http cache @types/estree@https://registry.npmjs.org/@types/estree/-/estree-1.0.8.tgz 0ms (cache hit)
664 http cache @types/express@https://registry.npmjs.org/@types/express/-/express-4.17.25.tgz 0ms (cache hit)
665 http cache @types/connect-history-api-fallback@https://registry.npmjs.org/@types/connect-history-api-fallback/-/connect-history-api-fallback-1.5.4.tgz 0ms (cache hit)
666 http cache @trysound/sax@https://registry.npmjs.org/@trysound/sax/-/sax-0.2.0.tgz 0ms (cache hit)
667 http cache @types/eslint@https://registry.npmjs.org/@types/eslint/-/eslint-8.56.12.tgz 0ms (cache hit)
668 http cache @soda/friendly-errors-webpack-plugin@https://registry.npmjs.org/@soda/friendly-errors-webpack-plugin/-/friendly-errors-webpack-plugin-1.8.1.tgz 0ms (cache hit)
669 http cache @types/connect@https://registry.npmjs.org/@types/connect/-/connect-3.4.38.tgz 0ms (cache hit)
670 http cache @soda/get-current-script@https://registry.npmjs.org/@soda/get-current-script/-/get-current-script-1.0.2.tgz 0ms (cache hit)
671 http cache @sideway/pinpoint@https://registry.npmjs.org/@sideway/pinpoint/-/pinpoint-2.0.0.tgz 0ms (cache hit)
672 http cache @types/body-parser@https://registry.npmjs.org/@types/body-parser/-/body-parser-1.19.6.tgz 0ms (cache hit)
673 http cache @types/bonjour@https://registry.npmjs.org/@types/bonjour/-/bonjour-3.5.13.tgz 0ms (cache hit)
674 http cache @sideway/formula@https://registry.npmjs.org/@sideway/formula/-/formula-3.0.1.tgz 0ms (cache hit)
675 http cache @polka/url@https://registry.npmjs.org/@polka/url/-/url-1.0.0-next.29.tgz 0ms (cache hit)
676 http cache @node-ipc/js-queue@https://registry.npmjs.org/@node-ipc/js-queue/-/js-queue-2.0.3.tgz 0ms (cache hit)
677 http cache @sideway/address@https://registry.npmjs.org/@sideway/address/-/address-4.1.5.tgz 0ms (cache hit)
678 http cache @leichtgewicht/ip-codec@https://registry.npmjs.org/@leichtgewicht/ip-codec/-/ip-codec-2.0.5.tgz 0ms (cache hit)
679 http cache @nodelib/fs.stat@https://registry.npmjs.org/@nodelib/fs.stat/-/fs.stat-2.0.5.tgz 0ms (cache hit)
680 http cache @nicolo-ribaudo/eslint-scope-5-internals@https://registry.npmjs.org/@nicolo-ribaudo/eslint-scope-5-internals/-/eslint-scope-5-internals-5.1.1-v1.tgz 0ms (cache hit)
681 http cache @jridgewell/trace-mapping@https://registry.npmjs.org/@jridgewell/trace-mapping/-/trace-mapping-0.3.31.tgz 0ms (cache hit)
682 http cache @nodelib/fs.scandir@https://registry.npmjs.org/@nodelib/fs.scandir/-/fs.scandir-2.1.5.tgz 0ms (cache hit)
683 http cache @jridgewell/source-map@https://registry.npmjs.org/@jridgewell/source-map/-/source-map-0.3.11.tgz 0ms (cache hit)
684 http cache @jridgewell/resolve-uri@https://registry.npmjs.org/@jridgewell/resolve-uri/-/resolve-uri-3.1.2.tgz 0ms (cache hit)
685 http cache @jridgewell/sourcemap-codec@https://registry.npmjs.org/@jridgewell/sourcemap-codec/-/sourcemap-codec-1.5.5.tgz 0ms (cache hit)
686 http cache @humanwhocodes/object-schema@https://registry.npmjs.org/@humanwhocodes/object-schema/-/object-schema-1.2.1.tgz 0ms (cache hit)
687 http cache @jridgewell/remapping@https://registry.npmjs.org/@jridgewell/remapping/-/remapping-2.3.5.tgz 0ms (cache hit)
688 http cache @hapi/topo@https://registry.npmjs.org/@hapi/topo/-/topo-5.1.0.tgz 0ms (cache hit)
689 http cache @nodelib/fs.walk@https://registry.npmjs.org/@nodelib/fs.walk/-/fs.walk-1.2.8.tgz 0ms (cache hit)
690 http cache @hapi/hoek@https://registry.npmjs.org/@hapi/hoek/-/hoek-9.3.0.tgz 0ms (cache hit)
691 http cache @humanwhocodes/config-array@https://registry.npmjs.org/@humanwhocodes/config-array/-/config-array-0.5.0.tgz 0ms (cache hit)
692 http cache @jridgewell/gen-mapping@https://registry.npmjs.org/@jridgewell/gen-mapping/-/gen-mapping-0.3.13.tgz 0ms (cache hit)
693 http cache @discoveryjs/json-ext@https://registry.npmjs.org/@discoveryjs/json-ext/-/json-ext-0.5.7.tgz 0ms (cache hit)
694 http cache @babel/traverse@https://registry.npmjs.org/@babel/traverse/-/traverse-7.29.0.tgz 1ms (cache hit)
695 http cache @babel/types@https://registry.npmjs.org/@babel/types/-/types-7.29.0.tgz 0ms (cache hit)
696 http cache @babel/template@https://registry.npmjs.org/@babel/template/-/template-7.28.6.tgz 0ms (cache hit)
697 http cache @eslint/eslintrc@https://registry.npmjs.org/@eslint/eslintrc/-/eslintrc-0.4.3.tgz 0ms (cache hit)
698 http cache @babel/runtime@https://registry.npmjs.org/@babel/runtime/-/runtime-7.28.6.tgz 0ms (cache hit)
699 http cache @babel/preset-env@https://registry.npmjs.org/@babel/preset-env/-/preset-env-7.29.0.tgz 0ms (cache hit)
700 http cache @babel/preset-modules@https://registry.npmjs.org/@babel/preset-modules/-/preset-modules-0.1.6-no-external-plugins.tgz 0ms (cache hit)
701 http cache @babel/plugin-transform-unicode-regex@https://registry.npmjs.org/@babel/plugin-transform-unicode-regex/-/plugin-transform-unicode-regex-7.27.1.tgz 0ms (cache hit)
702 http cache @babel/plugin-transform-unicode-property-regex@https://registry.npmjs.org/@babel/plugin-transform-unicode-property-regex/-/plugin-transform-unicode-property-regex-7.28.6.tgz 0ms (cache hit)
703 http cache @babel/plugin-transform-unicode-sets-regex@https://registry.npmjs.org/@babel/plugin-transform-unicode-sets-regex/-/plugin-transform-unicode-sets-regex-7.28.6.tgz 0ms (cache hit)
704 http cache @babel/plugin-transform-unicode-escapes@https://registry.npmjs.org/@babel/plugin-transform-unicode-escapes/-/plugin-transform-unicode-escapes-7.27.1.tgz 0ms (cache hit)
705 http cache @babel/plugin-transform-typeof-symbol@https://registry.npmjs.org/@babel/plugin-transform-typeof-symbol/-/plugin-transform-typeof-symbol-7.27.1.tgz 0ms (cache hit)
706 http cache @babel/plugin-transform-template-literals@https://registry.npmjs.org/@babel/plugin-transform-template-literals/-/plugin-transform-template-literals-7.27.1.tgz 0ms (cache hit)
707 http cache @babel/plugin-transform-spread@https://registry.npmjs.org/@babel/plugin-transform-spread/-/plugin-transform-spread-7.28.6.tgz 0ms (cache hit)
708 http cache @babel/plugin-transform-runtime@https://registry.npmjs.org/@babel/plugin-transform-runtime/-/plugin-transform-runtime-7.29.0.tgz 0ms (cache hit)
709 http cache @babel/plugin-transform-shorthand-properties@https://registry.npmjs.org/@babel/plugin-transform-shorthand-properties/-/plugin-transform-shorthand-properties-7.27.1.tgz 0ms (cache hit)
710 http cache @babel/plugin-transform-sticky-regex@https://registry.npmjs.org/@babel/plugin-transform-sticky-regex/-/plugin-transform-sticky-regex-7.27.1.tgz 0ms (cache hit)
711 http cache @babel/plugin-transform-regenerator@https://registry.npmjs.org/@babel/plugin-transform-regenerator/-/plugin-transform-regenerator-7.29.0.tgz 0ms (cache hit)
712 http cache @babel/plugin-transform-reserved-words@https://registry.npmjs.org/@babel/plugin-transform-reserved-words/-/plugin-transform-reserved-words-7.27.1.tgz 0ms (cache hit)
713 http cache @babel/plugin-transform-private-methods@https://registry.npmjs.org/@babel/plugin-transform-private-methods/-/plugin-transform-private-methods-7.28.6.tgz 0ms (cache hit)
714 http cache @babel/plugin-transform-private-property-in-object@https://registry.npmjs.org/@babel/plugin-transform-private-property-in-object/-/plugin-transform-private-property-in-object-7.28.6.tgz 0ms (cache hit)
715 http cache @babel/plugin-transform-parameters@https://registry.npmjs.org/@babel/plugin-transform-parameters/-/plugin-transform-parameters-7.27.7.tgz 0ms (cache hit)
716 http cache @babel/plugin-transform-regexp-modifiers@https://registry.npmjs.org/@babel/plugin-transform-regexp-modifiers/-/plugin-transform-regexp-modifiers-7.28.6.tgz 0ms (cache hit)
717 http cache @babel/plugin-transform-property-literals@https://registry.npmjs.org/@babel/plugin-transform-property-literals/-/plugin-transform-property-literals-7.27.1.tgz 0ms (cache hit)
718 http cache @babel/plugin-transform-optional-chaining@https://registry.npmjs.org/@babel/plugin-transform-optional-chaining/-/plugin-transform-optional-chaining-7.28.6.tgz 0ms (cache hit)
719 http cache @babel/plugin-transform-optional-catch-binding@https://registry.npmjs.org/@babel/plugin-transform-optional-catch-binding/-/plugin-transform-optional-catch-binding-7.28.6.tgz 0ms (cache hit)
720 http cache @babel/plugin-transform-object-rest-spread@https://registry.npmjs.org/@babel/plugin-transform-object-rest-spread/-/plugin-transform-object-rest-spread-7.28.6.tgz 0ms (cache hit)
721 http cache @babel/plugin-transform-nullish-coalescing-operator@https://registry.npmjs.org/@babel/plugin-transform-nullish-coalescing-operator/-/plugin-transform-nullish-coalescing-operator-7.28.6.tgz 0ms (cache hit)
722 http cache @babel/plugin-transform-object-super@https://registry.npmjs.org/@babel/plugin-transform-object-super/-/plugin-transform-object-super-7.27.1.tgz 0ms (cache hit)
723 http cache @babel/plugin-transform-named-capturing-groups-regex@https://registry.npmjs.org/@babel/plugin-transform-named-capturing-groups-regex/-/plugin-transform-named-capturing-groups-regex-7.29.0.tgz 0ms (cache hit)
724 http cache @babel/plugin-transform-numeric-separator@https://registry.npmjs.org/@babel/plugin-transform-numeric-separator/-/plugin-transform-numeric-separator-7.28.6.tgz 0ms (cache hit)
725 http cache @babel/plugin-transform-modules-umd@https://registry.npmjs.org/@babel/plugin-transform-modules-umd/-/plugin-transform-modules-umd-7.27.1.tgz 0ms (cache hit)
726 http cache @babel/plugin-transform-modules-commonjs@https://registry.npmjs.org/@babel/plugin-transform-modules-commonjs/-/plugin-transform-modules-commonjs-7.28.6.tgz 0ms (cache hit)
727 http cache @babel/plugin-transform-new-target@https://registry.npmjs.org/@babel/plugin-transform-new-target/-/plugin-transform-new-target-7.27.1.tgz 0ms (cache hit)
728 http cache @babel/plugin-transform-modules-amd@https://registry.npmjs.org/@babel/plugin-transform-modules-amd/-/plugin-transform-modules-amd-7.27.1.tgz 0ms (cache hit)
729 http cache @babel/plugin-transform-modules-systemjs@https://registry.npmjs.org/@babel/plugin-transform-modules-systemjs/-/plugin-transform-modules-systemjs-7.29.0.tgz 0ms (cache hit)
730 http cache @babel/plugin-transform-member-expression-literals@https://registry.npmjs.org/@babel/plugin-transform-member-expression-literals/-/plugin-transform-member-expression-literals-7.27.1.tgz 0ms (cache hit)
731 http cache @babel/plugin-transform-json-strings@https://registry.npmjs.org/@babel/plugin-transform-json-strings/-/plugin-transform-json-strings-7.28.6.tgz 0ms (cache hit)
732 http cache @babel/plugin-transform-logical-assignment-operators@https://registry.npmjs.org/@babel/plugin-transform-logical-assignment-operators/-/plugin-transform-logical-assignment-operators-7.28.6.tgz 0ms (cache hit)
733 http cache @babel/plugin-transform-literals@https://registry.npmjs.org/@babel/plugin-transform-literals/-/plugin-transform-literals-7.27.1.tgz 0ms (cache hit)
734 http cache @babel/plugin-transform-for-of@https://registry.npmjs.org/@babel/plugin-transform-for-of/-/plugin-transform-for-of-7.27.1.tgz 0ms (cache hit)
735 http cache @babel/plugin-transform-export-namespace-from@https://registry.npmjs.org/@babel/plugin-transform-export-namespace-from/-/plugin-transform-export-namespace-from-7.27.1.tgz 0ms (cache hit)
736 http cache @babel/plugin-transform-function-name@https://registry.npmjs.org/@babel/plugin-transform-function-name/-/plugin-transform-function-name-7.27.1.tgz 0ms (cache hit)
737 http cache @babel/plugin-transform-dynamic-import@https://registry.npmjs.org/@babel/plugin-transform-dynamic-import/-/plugin-transform-dynamic-import-7.27.1.tgz 0ms (cache hit)
738 http cache @babel/plugin-transform-exponentiation-operator@https://registry.npmjs.org/@babel/plugin-transform-exponentiation-operator/-/plugin-transform-exponentiation-operator-7.28.6.tgz 0ms (cache hit)
739 http cache @babel/plugin-transform-duplicate-named-capturing-groups-regex@https://registry.npmjs.org/@babel/plugin-transform-duplicate-named-capturing-groups-regex/-/plugin-transform-duplicate-named-capturing-groups-regex-7.29.0.tgz 0ms (cache hit)
740 http cache @babel/plugin-transform-duplicate-keys@https://registry.npmjs.org/@babel/plugin-transform-duplicate-keys/-/plugin-transform-duplicate-keys-7.27.1.tgz 0ms (cache hit)
741 http cache @babel/plugin-transform-destructuring@https://registry.npmjs.org/@babel/plugin-transform-destructuring/-/plugin-transform-destructuring-7.28.5.tgz 0ms (cache hit)
742 http cache @babel/plugin-transform-dotall-regex@https://registry.npmjs.org/@babel/plugin-transform-dotall-regex/-/plugin-transform-dotall-regex-7.28.6.tgz 0ms (cache hit)
743 http cache @babel/plugin-transform-computed-properties@https://registry.npmjs.org/@babel/plugin-transform-computed-properties/-/plugin-transform-computed-properties-7.28.6.tgz 0ms (cache hit)
744 http cache @babel/plugin-transform-explicit-resource-management@https://registry.npmjs.org/@babel/plugin-transform-explicit-resource-management/-/plugin-transform-explicit-resource-management-7.28.6.tgz 0ms (cache hit)
745 http cache @babel/plugin-transform-classes@https://registry.npmjs.org/@babel/plugin-transform-classes/-/plugin-transform-classes-7.28.6.tgz 0ms (cache hit)
746 http cache @babel/plugin-transform-class-static-block@https://registry.npmjs.org/@babel/plugin-transform-class-static-block/-/plugin-transform-class-static-block-7.28.6.tgz 0ms (cache hit)
747 http cache @babel/plugin-transform-class-properties@https://registry.npmjs.org/@babel/plugin-transform-class-properties/-/plugin-transform-class-properties-7.28.6.tgz 0ms (cache hit)
748 http cache @babel/plugin-transform-async-to-generator@https://registry.npmjs.org/@babel/plugin-transform-async-to-generator/-/plugin-transform-async-to-generator-7.28.6.tgz 0ms (cache hit)
749 http cache @babel/plugin-transform-block-scoping@https://registry.npmjs.org/@babel/plugin-transform-block-scoping/-/plugin-transform-block-scoping-7.28.6.tgz 0ms (cache hit)
750 http cache @babel/plugin-transform-arrow-functions@https://registry.npmjs.org/@babel/plugin-transform-arrow-functions/-/plugin-transform-arrow-functions-7.27.1.tgz 0ms (cache hit)
751 http cache @babel/plugin-transform-async-generator-functions@https://registry.npmjs.org/@babel/plugin-transform-async-generator-functions/-/plugin-transform-async-generator-functions-7.29.0.tgz 0ms (cache hit)
752 http cache @babel/plugin-syntax-jsx@https://registry.npmjs.org/@babel/plugin-syntax-jsx/-/plugin-syntax-jsx-7.28.6.tgz 0ms (cache hit)
753 http cache @babel/plugin-syntax-import-attributes@https://registry.npmjs.org/@babel/plugin-syntax-import-attributes/-/plugin-syntax-import-attributes-7.28.6.tgz 0ms (cache hit)
754 http cache @babel/plugin-transform-block-scoped-functions@https://registry.npmjs.org/@babel/plugin-transform-block-scoped-functions/-/plugin-transform-block-scoped-functions-7.27.1.tgz 0ms (cache hit)
755 http cache @babel/plugin-syntax-dynamic-import@https://registry.npmjs.org/@babel/plugin-syntax-dynamic-import/-/plugin-syntax-dynamic-import-7.8.3.tgz 0ms (cache hit)
756 http cache @babel/plugin-syntax-unicode-sets-regex@https://registry.npmjs.org/@babel/plugin-syntax-unicode-sets-regex/-/plugin-syntax-unicode-sets-regex-7.18.6.tgz 0ms (cache hit)
757 http cache @babel/plugin-proposal-decorators@https://registry.npmjs.org/@babel/plugin-proposal-decorators/-/plugin-proposal-decorators-7.29.0.tgz 0ms (cache hit)
758 http cache @babel/plugin-bugfix-v8-static-class-fields-redefine-readonly@https://registry.npmjs.org/@babel/plugin-bugfix-v8-static-class-fields-redefine-readonly/-/plugin-bugfix-v8-static-class-fields-redefine-readonly-7.28.6.tgz 0ms (cache hit)
759 http cache @babel/plugin-syntax-import-assertions@https://registry.npmjs.org/@babel/plugin-syntax-import-assertions/-/plugin-syntax-import-assertions-7.28.6.tgz 0ms (cache hit)
760 http cache @babel/plugin-syntax-decorators@https://registry.npmjs.org/@babel/plugin-syntax-decorators/-/plugin-syntax-decorators-7.28.6.tgz 0ms (cache hit)
761 http cache @babel/plugin-proposal-class-properties@https://registry.npmjs.org/@babel/plugin-proposal-class-properties/-/plugin-proposal-class-properties-7.18.6.tgz 0ms (cache hit)
762 http cache @babel/plugin-bugfix-safari-class-field-initializer-scope@https://registry.npmjs.org/@babel/plugin-bugfix-safari-class-field-initializer-scope/-/plugin-bugfix-safari-class-field-initializer-scope-7.27.1.tgz 0ms (cache hit)
763 http cache @babel/plugin-bugfix-safari-id-destructuring-collision-in-function-expression@https://registry.npmjs.org/@babel/plugin-bugfix-safari-id-destructuring-collision-in-function-expression/-/plugin-bugfix-safari-id-destructuring-collision-in-function-expression-7.27.1.tgz 0ms (cache hit)
764 http cache @babel/plugin-bugfix-v8-spread-parameters-in-optional-chaining@https://registry.npmjs.org/@babel/plugin-bugfix-v8-spread-parameters-in-optional-chaining/-/plugin-bugfix-v8-spread-parameters-in-optional-chaining-7.27.1.tgz 0ms (cache hit)
765 http cache @babel/highlight@https://registry.npmjs.org/@babel/highlight/-/highlight-7.25.9.tgz 0ms (cache hit)
766 http cache @babel/plugin-proposal-private-property-in-object@https://registry.npmjs.org/@babel/plugin-proposal-private-property-in-object/-/plugin-proposal-private-property-in-object-7.21.0-placeholder-for-preset-env.2.tgz 1ms (cache hit)
767 http cache @babel/parser@https://registry.npmjs.org/@babel/parser/-/parser-7.29.0.tgz 0ms (cache hit)
768 http cache @babel/plugin-bugfix-firefox-class-in-computed-class-key@https://registry.npmjs.org/@babel/plugin-bugfix-firefox-class-in-computed-class-key/-/plugin-bugfix-firefox-class-in-computed-class-key-7.28.5.tgz 0ms (cache hit)
769 http cache @babel/helper-wrap-function@https://registry.npmjs.org/@babel/helper-wrap-function/-/helper-wrap-function-7.28.6.tgz 0ms (cache hit)
770 http cache @babel/helper-validator-option@https://registry.npmjs.org/@babel/helper-validator-option/-/helper-validator-option-7.27.1.tgz 0ms (cache hit)
771 http cache @babel/helpers@https://registry.npmjs.org/@babel/helpers/-/helpers-7.28.6.tgz 0ms (cache hit)
772 http cache @babel/helper-skip-transparent-expression-wrappers@https://registry.npmjs.org/@babel/helper-skip-transparent-expression-wrappers/-/helper-skip-transparent-expression-wrappers-7.27.1.tgz 0ms (cache hit)
773 http cache @babel/helper-replace-supers@https://registry.npmjs.org/@babel/helper-replace-supers/-/helper-replace-supers-7.28.6.tgz 0ms (cache hit)
774 http cache @babel/helper-plugin-utils@https://registry.npmjs.org/@babel/helper-plugin-utils/-/helper-plugin-utils-7.28.6.tgz 0ms (cache hit)
775 http cache @babel/helper-validator-identifier@https://registry.npmjs.org/@babel/helper-validator-identifier/-/helper-validator-identifier-7.28.5.tgz 0ms (cache hit)
776 http cache @babel/helper-string-parser@https://registry.npmjs.org/@babel/helper-string-parser/-/helper-string-parser-7.27.1.tgz 0ms (cache hit)
777 http cache @babel/helper-module-imports@https://registry.npmjs.org/@babel/helper-module-imports/-/helper-module-imports-7.28.6.tgz 0ms (cache hit)
778 http cache @babel/helper-remap-async-to-generator@https://registry.npmjs.org/@babel/helper-remap-async-to-generator/-/helper-remap-async-to-generator-7.27.1.tgz 0ms (cache hit)
779 http cache @babel/helper-globals@https://registry.npmjs.org/@babel/helper-globals/-/helper-globals-7.28.0.tgz 0ms (cache hit)
780 http cache @babel/helper-module-transforms@https://registry.npmjs.org/@babel/helper-module-transforms/-/helper-module-transforms-7.28.6.tgz 0ms (cache hit)
781 http cache @babel/helper-optimise-call-expression@https://registry.npmjs.org/@babel/helper-optimise-call-expression/-/helper-optimise-call-expression-7.27.1.tgz 0ms (cache hit)
782 http cache @babel/helper-define-polyfill-provider@https://registry.npmjs.org/@babel/helper-define-polyfill-provider/-/helper-define-polyfill-provider-0.6.6.tgz 0ms (cache hit)
783 http cache @babel/generator@https://registry.npmjs.org/@babel/generator/-/generator-7.29.1.tgz 0ms (cache hit)
784 http cache @babel/helper-annotate-as-pure@https://registry.npmjs.org/@babel/helper-annotate-as-pure/-/helper-annotate-as-pure-7.27.3.tgz 0ms (cache hit)
785 http cache @babel/helper-create-regexp-features-plugin@https://registry.npmjs.org/@babel/helper-create-regexp-features-plugin/-/helper-create-regexp-features-plugin-7.28.5.tgz 0ms (cache hit)
786 http cache @babel/helper-create-class-features-plugin@https://registry.npmjs.org/@babel/helper-create-class-features-plugin/-/helper-create-class-features-plugin-7.28.6.tgz 0ms (cache hit)
787 http cache @babel/helper-compilation-targets@https://registry.npmjs.org/@babel/helper-compilation-targets/-/helper-compilation-targets-7.28.6.tgz 0ms (cache hit)
788 http cache @babel/helper-member-expression-to-functions@https://registry.npmjs.org/@babel/helper-member-expression-to-functions/-/helper-member-expression-to-functions-7.28.5.tgz 0ms (cache hit)
789 http cache @babel/compat-data@https://registry.npmjs.org/@babel/compat-data/-/compat-data-7.29.0.tgz 0ms (cache hit)
790 http cache @babel/eslint-parser@https://registry.npmjs.org/@babel/eslint-parser/-/eslint-parser-7.28.6.tgz 0ms (cache hit)
791 http cache which@https://registry.npmjs.org/which/-/which-1.3.1.tgz 0ms (cache hit)
792 http cache @achrinza/node-ipc@https://registry.npmjs.org/@achrinza/node-ipc/-/node-ipc-9.2.10.tgz 0ms (cache hit)
793 http cache shebang-regex@https://registry.npmjs.org/shebang-regex/-/shebang-regex-1.0.0.tgz 0ms (cache hit)
794 http cache @babel/code-frame@https://registry.npmjs.org/@babel/code-frame/-/code-frame-7.29.0.tgz 0ms (cache hit)
795 http cache yallist@https://registry.npmjs.org/yallist/-/yallist-2.1.2.tgz 0ms (cache hit)
796 http cache shebang-command@https://registry.npmjs.org/shebang-command/-/shebang-command-1.2.0.tgz 0ms (cache hit)
797 http cache @babel/core@https://registry.npmjs.org/@babel/core/-/core-7.29.0.tgz 0ms (cache hit)
798 http cache lru-cache@https://registry.npmjs.org/lru-cache/-/lru-cache-4.1.5.tgz 0ms (cache hit)
799 http cache schema-utils@https://registry.npmjs.org/schema-utils/-/schema-utils-4.3.3.tgz 0ms (cache hit)
800 http cache normalize-path@https://registry.npmjs.org/normalize-path/-/normalize-path-1.0.0.tgz 0ms (cache hit)
801 http cache cross-spawn@https://registry.npmjs.org/cross-spawn/-/cross-spawn-5.1.0.tgz 0ms (cache hit)
802 http cache get-stream@https://registry.npmjs.org/get-stream/-/get-stream-3.0.0.tgz 0ms (cache hit)
803 http cache ajv-keywords@https://registry.npmjs.org/ajv-keywords/-/ajv-keywords-5.1.0.tgz 0ms (cache hit)
804 http cache execa@https://registry.npmjs.org/execa/-/execa-0.8.0.tgz 0ms (cache hit)
805 http cache ws@https://registry.npmjs.org/ws/-/ws-8.19.0.tgz 0ms (cache hit)
806 http cache schema-utils@https://registry.npmjs.org/schema-utils/-/schema-utils-4.3.3.tgz 0ms (cache hit)
807 http cache ajv@https://registry.npmjs.org/ajv/-/ajv-8.17.1.tgz 0ms (cache hit)
808 http cache schema-utils@https://registry.npmjs.org/schema-utils/-/schema-utils-4.3.3.tgz 0ms (cache hit)
809 http cache json-schema-traverse@https://registry.npmjs.org/json-schema-traverse/-/json-schema-traverse-1.0.0.tgz 0ms (cache hit)
810 http cache commander@https://registry.npmjs.org/commander/-/commander-7.2.0.tgz 0ms (cache hit)
811 http cache ajv@https://registry.npmjs.org/ajv/-/ajv-8.17.1.tgz 0ms (cache hit)
812 http cache json-schema-traverse@https://registry.npmjs.org/json-schema-traverse/-/json-schema-traverse-1.0.0.tgz 0ms (cache hit)
813 http cache ajv-keywords@https://registry.npmjs.org/ajv-keywords/-/ajv-keywords-5.1.0.tgz 0ms (cache hit)
814 http cache semver@https://registry.npmjs.org/semver/-/semver-7.7.4.tgz 0ms (cache hit)
815 http cache json-schema-traverse@https://registry.npmjs.org/json-schema-traverse/-/json-schema-traverse-1.0.0.tgz 0ms (cache hit)
816 http cache ajv@https://registry.npmjs.org/ajv/-/ajv-8.17.1.tgz 0ms (cache hit)
817 http cache @vue/devtools-api@https://registry.npmjs.org/@vue/devtools-api/-/devtools-api-6.6.4.tgz 0ms (cache hit)
818 http cache chalk@https://registry.npmjs.org/chalk/-/chalk-4.1.2.tgz 0ms (cache hit)
819 http cache hash-sum@https://registry.npmjs.org/hash-sum/-/hash-sum-1.0.2.tgz 0ms (cache hit)
820 http cache espree@https://registry.npmjs.org/espree/-/espree-9.6.1.tgz 0ms (cache hit)
821 http cache schema-utils@https://registry.npmjs.org/schema-utils/-/schema-utils-3.3.0.tgz 0ms (cache hit)
822 http cache eslint-scope@https://registry.npmjs.org/eslint-scope/-/eslint-scope-7.2.2.tgz 0ms (cache hit)
823 http cache ajv-keywords@https://registry.npmjs.org/ajv-keywords/-/ajv-keywords-5.1.0.tgz 0ms (cache hit)
824 http cache eslint-visitor-keys@https://registry.npmjs.org/eslint-visitor-keys/-/eslint-visitor-keys-3.4.3.tgz 0ms (cache hit)
825 http cache loader-utils@https://registry.npmjs.org/loader-utils/-/loader-utils-2.0.4.tgz 0ms (cache hit)
826 http cache estraverse@https://registry.npmjs.org/estraverse/-/estraverse-5.3.0.tgz 0ms (cache hit)
827 http cache commander@https://registry.npmjs.org/commander/-/commander-2.20.3.tgz 0ms (cache hit)
828 http cache commander@https://registry.npmjs.org/commander/-/commander-7.2.0.tgz 0ms (cache hit)
829 http cache ajv-keywords@https://registry.npmjs.org/ajv-keywords/-/ajv-keywords-5.1.0.tgz 0ms (cache hit)
830 http cache http-errors@https://registry.npmjs.org/http-errors/-/http-errors-1.8.1.tgz 0ms (cache hit)
831 http cache ajv@https://registry.npmjs.org/ajv/-/ajv-8.17.1.tgz 0ms (cache hit)
832 http cache json-schema-traverse@https://registry.npmjs.org/json-schema-traverse/-/json-schema-traverse-1.0.0.tgz 0ms (cache hit)
833 http cache ajv@https://registry.npmjs.org/ajv/-/ajv-8.17.1.tgz 0ms (cache hit)
834 http cache json-schema-traverse@https://registry.npmjs.org/json-schema-traverse/-/json-schema-traverse-1.0.0.tgz 0ms (cache hit)
835 http cache statuses@https://registry.npmjs.org/statuses/-/statuses-1.5.0.tgz 0ms (cache hit)
836 http cache type-fest@https://registry.npmjs.org/type-fest/-/type-fest-0.8.1.tgz 0ms (cache hit)
837 http cache debug@https://registry.npmjs.org/debug/-/debug-2.6.9.tgz 0ms (cache hit)
838 http cache schema-utils@https://registry.npmjs.org/schema-utils/-/schema-utils-4.3.3.tgz 0ms (cache hit)
839 http cache ms@https://registry.npmjs.org/ms/-/ms-2.0.0.tgz 0ms (cache hit)
840 http cache debug@https://registry.npmjs.org/debug/-/debug-2.6.9.tgz 0ms (cache hit)
841 http cache ipaddr.js@https://registry.npmjs.org/ipaddr.js/-/ipaddr.js-1.9.1.tgz 0ms (cache hit)
842 http cache depd@https://registry.npmjs.org/depd/-/depd-1.1.2.tgz 0ms (cache hit)
843 http cache type-fest@https://registry.npmjs.org/type-fest/-/type-fest-0.6.0.tgz 0ms (cache hit)
844 http cache ms@https://registry.npmjs.org/ms/-/ms-2.0.0.tgz 0ms (cache hit)
845 http cache escape-string-regexp@https://registry.npmjs.org/escape-string-regexp/-/escape-string-regexp-1.0.5.tgz 0ms (cache hit)
846 http cache color-name@https://registry.npmjs.org/color-name/-/color-name-1.1.3.tgz 0ms (cache hit)
847 http cache supports-color@https://registry.npmjs.org/supports-color/-/supports-color-5.5.0.tgz 0ms (cache hit)
848 http cache postcss-selector-parser@https://registry.npmjs.org/postcss-selector-parser/-/postcss-selector-parser-7.1.1.tgz 0ms (cache hit)
849 http cache has-flag@https://registry.npmjs.org/has-flag/-/has-flag-3.0.0.tgz 0ms (cache hit)
850 http cache postcss-selector-parser@https://registry.npmjs.org/postcss-selector-parser/-/postcss-selector-parser-7.1.1.tgz 0ms (cache hit)
851 http cache chalk@https://registry.npmjs.org/chalk/-/chalk-4.1.2.tgz 0ms (cache hit)
852 http cache semver@https://registry.npmjs.org/semver/-/semver-7.7.4.tgz 0ms (cache hit)
853 http cache chalk@https://registry.npmjs.org/chalk/-/chalk-2.4.2.tgz 0ms (cache hit)
854 http cache ansi-styles@https://registry.npmjs.org/ansi-styles/-/ansi-styles-3.2.1.tgz 0ms (cache hit)
855 http cache color-convert@https://registry.npmjs.org/color-convert/-/color-convert-1.9.3.tgz 0ms (cache hit)
856 http cache semver@https://registry.npmjs.org/semver/-/semver-5.7.2.tgz 0ms (cache hit)
857 http cache parse5@https://registry.npmjs.org/parse5/-/parse5-6.0.1.tgz 0ms (cache hit)
858 http cache path-key@https://registry.npmjs.org/path-key/-/path-key-2.0.1.tgz 0ms (cache hit)
859 http cache json-schema-traverse@https://registry.npmjs.org/json-schema-traverse/-/json-schema-traverse-1.0.0.tgz 0ms (cache hit)
860 http cache wrap-ansi@https://registry.npmjs.org/wrap-ansi/-/wrap-ansi-3.0.1.tgz 0ms (cache hit)
861 http cache yallist@https://registry.npmjs.org/yallist/-/yallist-4.0.0.tgz 0ms (cache hit)
862 http cache schema-utils@https://registry.npmjs.org/schema-utils/-/schema-utils-4.3.3.tgz 0ms (cache hit)
863 http cache strip-ansi@https://registry.npmjs.org/strip-ansi/-/strip-ansi-4.0.0.tgz 0ms (cache hit)
864 http cache ajv-keywords@https://registry.npmjs.org/ajv-keywords/-/ajv-keywords-5.1.0.tgz 0ms (cache hit)
865 http cache onetime@https://registry.npmjs.org/onetime/-/onetime-2.0.1.tgz 0ms (cache hit)
866 http cache restore-cursor@https://registry.npmjs.org/restore-cursor/-/restore-cursor-2.0.0.tgz 0ms (cache hit)
867 http cache ajv@https://registry.npmjs.org/ajv/-/ajv-8.17.1.tgz 0ms (cache hit)
868 http cache string-width@https://registry.npmjs.org/string-width/-/string-width-2.1.1.tgz 0ms (cache hit)
869 http cache is-fullwidth-code-point@https://registry.npmjs.org/is-fullwidth-code-point/-/is-fullwidth-code-point-2.0.0.tgz 0ms (cache hit)
870 http cache mimic-fn@https://registry.npmjs.org/mimic-fn/-/mimic-fn-1.2.0.tgz 0ms (cache hit)
871 http cache supports-color@https://registry.npmjs.org/supports-color/-/supports-color-8.1.1.tgz 0ms (cache hit)
872 http cache chalk@https://registry.npmjs.org/chalk/-/chalk-4.1.2.tgz 0ms (cache hit)
873 http cache entities@https://registry.npmjs.org/entities/-/entities-2.2.0.tgz 0ms (cache hit)
874 http cache json5@https://registry.npmjs.org/json5/-/json5-1.0.2.tgz 0ms (cache hit)
875 http cache cli-cursor@https://registry.npmjs.org/cli-cursor/-/cli-cursor-2.1.0.tgz 0ms (cache hit)
876 http cache ansi-regex@https://registry.npmjs.org/ansi-regex/-/ansi-regex-3.0.1.tgz 0ms (cache hit)
877 http cache ignore@https://registry.npmjs.org/ignore/-/ignore-5.3.2.tgz 0ms (cache hit)
878 http cache string_decoder@https://registry.npmjs.org/string_decoder/-/string_decoder-1.1.1.tgz 0ms (cache hit)
879 http cache readable-stream@https://registry.npmjs.org/readable-stream/-/readable-stream-2.3.8.tgz 0ms (cache hit)
880 http cache debug@https://registry.npmjs.org/debug/-/debug-2.6.9.tgz 0ms (cache hit)
881 http cache glob-parent@https://registry.npmjs.org/glob-parent/-/glob-parent-5.1.2.tgz 0ms (cache hit)
882 http cache ms@https://registry.npmjs.org/ms/-/ms-2.0.0.tgz 0ms (cache hit)
883 http cache safe-buffer@https://registry.npmjs.org/safe-buffer/-/safe-buffer-5.1.2.tgz 0ms (cache hit)
884 http cache debug@https://registry.npmjs.org/debug/-/debug-2.6.9.tgz 0ms (cache hit)
885 http cache ms@https://registry.npmjs.org/ms/-/ms-2.0.0.tgz 0ms (cache hit)
886 http cache which@https://registry.npmjs.org/which/-/which-1.3.1.tgz 0ms (cache hit)
887 http cache estraverse@https://registry.npmjs.org/estraverse/-/estraverse-5.3.0.tgz 0ms (cache hit)
888 http cache shebang-regex@https://registry.npmjs.org/shebang-regex/-/shebang-regex-1.0.0.tgz 0ms (cache hit)
889 http cache escape-string-regexp@https://registry.npmjs.org/escape-string-regexp/-/escape-string-regexp-1.0.5.tgz 0ms (cache hit)
890 http cache path-key@https://registry.npmjs.org/path-key/-/path-key-2.0.1.tgz 0ms (cache hit)
891 http cache eslint-visitor-keys@https://registry.npmjs.org/eslint-visitor-keys/-/eslint-visitor-keys-1.3.0.tgz 0ms (cache hit)
892 http cache semver@https://registry.npmjs.org/semver/-/semver-5.7.2.tgz 0ms (cache hit)
893 http cache cross-spawn@https://registry.npmjs.org/cross-spawn/-/cross-spawn-6.0.6.tgz 0ms (cache hit)
894 http cache estraverse@https://registry.npmjs.org/estraverse/-/estraverse-5.3.0.tgz 0ms (cache hit)
895 http cache acorn@https://registry.npmjs.org/acorn/-/acorn-7.4.1.tgz 0ms (cache hit)
896 http cache shebang-command@https://registry.npmjs.org/shebang-command/-/shebang-command-1.2.0.tgz 0ms (cache hit)
897 http cache supports-color@https://registry.npmjs.org/supports-color/-/supports-color-8.1.1.tgz 0ms (cache hit)
898 http cache ajv@https://registry.npmjs.org/ajv/-/ajv-8.17.1.tgz 0ms (cache hit)
899 http cache jest-worker@https://registry.npmjs.org/jest-worker/-/jest-worker-28.1.3.tgz 0ms (cache hit)
900 http cache schema-utils@https://registry.npmjs.org/schema-utils/-/schema-utils-4.3.3.tgz 0ms (cache hit)
901 http cache ajv-keywords@https://registry.npmjs.org/ajv-keywords/-/ajv-keywords-5.1.0.tgz 0ms (cache hit)
902 http cache json-schema-traverse@https://registry.npmjs.org/json-schema-traverse/-/json-schema-traverse-1.0.0.tgz 0ms (cache hit)
903 http cache semver@https://registry.npmjs.org/semver/-/semver-7.7.4.tgz 0ms (cache hit)
904 http cache eslint-utils@https://registry.npmjs.org/eslint-utils/-/eslint-utils-3.0.0.tgz 0ms (cache hit)
905 http cache @babel/code-frame@https://registry.npmjs.org/@babel/code-frame/-/code-frame-7.12.11.tgz 0ms (cache hit)
906 http cache eslint-visitor-keys@https://registry.npmjs.org/eslint-visitor-keys/-/eslint-visitor-keys-1.3.0.tgz 0ms (cache hit)
907 http cache chalk@https://registry.npmjs.org/chalk/-/chalk-4.1.2.tgz 0ms (cache hit)
908 http cache glob-parent@https://registry.npmjs.org/glob-parent/-/glob-parent-5.1.2.tgz 0ms (cache hit)
909 http cache semver@https://registry.npmjs.org/semver/-/semver-7.7.4.tgz 0ms (cache hit)
910 http cache is-stream@https://registry.npmjs.org/is-stream/-/is-stream-2.0.1.tgz 0ms (cache hit)
911 http cache entities@https://registry.npmjs.org/entities/-/entities-2.2.0.tgz 0ms (cache hit)
912 http cache npm-run-path@https://registry.npmjs.org/npm-run-path/-/npm-run-path-4.0.1.tgz 0ms (cache hit)
913 http cache schema-utils@https://registry.npmjs.org/schema-utils/-/schema-utils-4.3.3.tgz 0ms (cache hit)
914 http cache json-schema-traverse@https://registry.npmjs.org/json-schema-traverse/-/json-schema-traverse-1.0.0.tgz 0ms (cache hit)
915 http cache ajv-keywords@https://registry.npmjs.org/ajv-keywords/-/ajv-keywords-5.1.0.tgz 0ms (cache hit)
916 http cache semver@https://registry.npmjs.org/semver/-/semver-7.7.4.tgz 0ms (cache hit)
917 http cache execa@https://registry.npmjs.org/execa/-/execa-5.1.1.tgz 0ms (cache hit)
918 http cache schema-utils@https://registry.npmjs.org/schema-utils/-/schema-utils-3.3.0.tgz 0ms (cache hit)
919 http cache debug@https://registry.npmjs.org/debug/-/debug-2.6.9.tgz 0ms (cache hit)
920 http cache ms@https://registry.npmjs.org/ms/-/ms-2.0.0.tgz 0ms (cache hit)
921 http cache ajv@https://registry.npmjs.org/ajv/-/ajv-8.17.1.tgz 0ms (cache hit)
922 http cache chalk@https://registry.npmjs.org/chalk/-/chalk-4.1.2.tgz 0ms (cache hit)
923 http cache get-stream@https://registry.npmjs.org/get-stream/-/get-stream-6.0.1.tgz 0ms (cache hit)
924 http cache glob-parent@https://registry.npmjs.org/glob-parent/-/glob-parent-5.1.2.tgz 0ms (cache hit)
925 http cache loader-utils@https://registry.npmjs.org/loader-utils/-/loader-utils-2.0.4.tgz 0ms (cache hit)
926 http cache debug@https://registry.npmjs.org/debug/-/debug-2.6.9.tgz 0ms (cache hit)
927 http cache hash-sum@https://registry.npmjs.org/hash-sum/-/hash-sum-1.0.2.tgz 0ms (cache hit)
928 http cache ms@https://registry.npmjs.org/ms/-/ms-2.0.0.tgz 0ms (cache hit)
929 http cache ajv@https://registry.npmjs.org/ajv/-/ajv-8.17.1.tgz 0ms (cache hit)
930 http cache negotiator@https://registry.npmjs.org/negotiator/-/negotiator-0.6.3.tgz 0ms (cache hit)
931 http cache postcss@https://registry.npmjs.org/postcss/-/postcss-7.0.39.tgz 0ms (cache hit)
932 http cache json-schema-traverse@https://registry.npmjs.org/json-schema-traverse/-/json-schema-traverse-1.0.0.tgz 0ms (cache hit)
933 http cache picocolors@https://registry.npmjs.org/picocolors/-/picocolors-0.2.1.tgz 0ms (cache hit)
934 http cache lru-cache@https://registry.npmjs.org/lru-cache/-/lru-cache-4.1.5.tgz 0ms (cache hit)
935 http cache hash-sum@https://registry.npmjs.org/hash-sum/-/hash-sum-1.0.2.tgz 0ms (cache hit)
936 http cache @types/express-serve-static-core@https://registry.npmjs.org/@types/express-serve-static-core/-/express-serve-static-core-4.19.8.tgz 0ms (cache hit)
937 http cache yallist@https://registry.npmjs.org/yallist/-/yallist-2.1.2.tgz 0ms (cache hit)
938 http cache semver@https://registry.npmjs.org/semver/-/semver-7.7.4.tgz 0ms (cache hit)
939 http cache yallist@https://registry.npmjs.org/yallist/-/yallist-4.0.0.tgz 0ms (cache hit)
940 http cache lru-cache@https://registry.npmjs.org/lru-cache/-/lru-cache-6.0.0.tgz 0ms (cache hit)
941 http cache chalk@https://registry.npmjs.org/chalk/-/chalk-4.1.2.tgz 0ms (cache hit)
942 http cache babel-plugin-polyfill-corejs3@https://registry.npmjs.org/babel-plugin-polyfill-corejs3/-/babel-plugin-polyfill-corejs3-0.14.0.tgz 0ms (cache hit)
943 http cache semver@https://registry.npmjs.org/semver/-/semver-7.7.4.tgz 0ms (cache hit)
944 http cache has-flag@https://registry.npmjs.org/has-flag/-/has-flag-3.0.0.tgz 0ms (cache hit)
945 http cache @types/send@https://registry.npmjs.org/@types/send/-/send-0.17.6.tgz 0ms (cache hit)
946 http cache escape-string-regexp@https://registry.npmjs.org/escape-string-regexp/-/escape-string-regexp-1.0.5.tgz 0ms (cache hit)
947 http cache color-convert@https://registry.npmjs.org/color-convert/-/color-convert-1.9.3.tgz 0ms (cache hit)
948 http cache supports-color@https://registry.npmjs.org/supports-color/-/supports-color-5.5.0.tgz 0ms (cache hit)
949 http cache ansi-styles@https://registry.npmjs.org/ansi-styles/-/ansi-styles-3.2.1.tgz 0ms (cache hit)
950 silly tarball no local data for yorkie@https://registry.npmjs.org/yorkie/-/yorkie-2.0.0.tgz. Extracting by manifest.
951 silly tarball no local data for yargs-parser@https://registry.npmjs.org/yargs-parser/-/yargs-parser-20.2.9.tgz. Extracting by manifest.
952 silly tarball no local data for yargs@https://registry.npmjs.org/yargs/-/yargs-16.2.0.tgz. Extracting by manifest.
953 silly tarball no local data for y18n@https://registry.npmjs.org/y18n/-/y18n-5.0.8.tgz. Extracting by manifest.
954 silly tarball no local data for yaml@https://registry.npmjs.org/yaml/-/yaml-1.10.2.tgz. Extracting by manifest.
955 silly tarball no local data for yallist@https://registry.npmjs.org/yallist/-/yallist-3.1.1.tgz. Extracting by manifest.
956 silly tarball no local data for wrap-ansi@https://registry.npmjs.org/wrap-ansi/-/wrap-ansi-7.0.0.tgz. Extracting by manifest.
957 silly tarball no local data for wrappy@https://registry.npmjs.org/wrappy/-/wrappy-1.0.2.tgz. Extracting by manifest.
958 silly tarball no local data for ws@https://registry.npmjs.org/ws/-/ws-7.5.10.tgz. Extracting by manifest.
959 silly tarball no local data for whatwg-url@https://registry.npmjs.org/whatwg-url/-/whatwg-url-5.0.0.tgz. Extracting by manifest.
960 http cache color-name@https://registry.npmjs.org/color-name/-/color-name-1.1.3.tgz 0ms (cache hit)
961 silly tarball no local data for whatwg-fetch@https://registry.npmjs.org/whatwg-fetch/-/whatwg-fetch-3.6.20.tgz. Extracting by manifest.
962 silly tarball no local data for word-wrap@https://registry.npmjs.org/word-wrap/-/word-wrap-1.2.5.tgz. Extracting by manifest.
963 silly tarball no local data for which@https://registry.npmjs.org/which/-/which-2.0.2.tgz. Extracting by manifest.
964 silly tarball no local data for websocket-driver@https://registry.npmjs.org/websocket-driver/-/websocket-driver-0.7.4.tgz. Extracting by manifest.
965 silly tarball no local data for websocket-extensions@https://registry.npmjs.org/websocket-extensions/-/websocket-extensions-0.1.4.tgz. Extracting by manifest.
966 silly tarball no local data for webpack-sources@https://registry.npmjs.org/webpack-sources/-/webpack-sources-3.3.3.tgz. Extracting by manifest.
967 silly tarball no local data for webpack-merge@https://registry.npmjs.org/webpack-merge/-/webpack-merge-5.10.0.tgz. Extracting by manifest.
968 silly tarball no local data for webpack-dev-server@https://registry.npmjs.org/webpack-dev-server/-/webpack-dev-server-4.15.2.tgz. Extracting by manifest.
969 silly tarball no local data for webpack-virtual-modules@https://registry.npmjs.org/webpack-virtual-modules/-/webpack-virtual-modules-0.4.6.tgz. Extracting by manifest.
970 silly tarball no local data for webpack-chain@https://registry.npmjs.org/webpack-chain/-/webpack-chain-6.5.1.tgz. Extracting by manifest.
971 silly tarball no local data for webpack-dev-middleware@https://registry.npmjs.org/webpack-dev-middleware/-/webpack-dev-middleware-5.3.4.tgz. Extracting by manifest.
972 silly tarball no local data for webidl-conversions@https://registry.npmjs.org/webidl-conversions/-/webidl-conversions-3.0.1.tgz. Extracting by manifest.
973 silly tarball no local data for webpack@https://registry.npmjs.org/webpack/-/webpack-5.105.0.tgz. Extracting by manifest.
974 silly tarball no local data for wbuf@https://registry.npmjs.org/wbuf/-/wbuf-1.7.3.tgz. Extracting by manifest.
975 silly tarball no local data for watchpack@https://registry.npmjs.org/watchpack/-/watchpack-2.5.1.tgz. Extracting by manifest.
976 silly tarball no local data for webpack-bundle-analyzer@https://registry.npmjs.org/webpack-bundle-analyzer/-/webpack-bundle-analyzer-4.10.2.tgz. Extracting by manifest.
977 silly tarball no local data for wildcard@https://registry.npmjs.org/wildcard/-/wildcard-2.0.1.tgz. Extracting by manifest.
978 silly tarball no local data for vue-template-es2015-compiler@https://registry.npmjs.org/vue-template-es2015-compiler/-/vue-template-es2015-compiler-1.9.1.tgz. Extracting by manifest.
979 silly tarball no local data for wcwidth@https://registry.npmjs.org/wcwidth/-/wcwidth-1.0.1.tgz. Extracting by manifest.
980 silly tarball no local data for vue-style-loader@https://registry.npmjs.org/vue-style-loader/-/vue-style-loader-4.1.3.tgz. Extracting by manifest.
981 http cache chalk@https://registry.npmjs.org/chalk/-/chalk-2.4.2.tgz 0ms (cache hit)
982 silly tarball no local data for vue-router@https://registry.npmjs.org/vue-router/-/vue-router-4.6.4.tgz. Extracting by manifest.
983 silly tarball no local data for vue-eslint-parser@https://registry.npmjs.org/vue-eslint-parser/-/vue-eslint-parser-8.3.0.tgz. Extracting by manifest.
984 silly tarball no local data for vary@https://registry.npmjs.org/vary/-/vary-1.1.2.tgz. Extracting by manifest.
985 silly tarball no local data for vue-loader@https://registry.npmjs.org/vue-loader/-/vue-loader-17.4.2.tgz. Extracting by manifest.
986 silly tarball no local data for validate-npm-package-license@https://registry.npmjs.org/validate-npm-package-license/-/validate-npm-package-license-3.0.4.tgz. Extracting by manifest.
987 silly tarball no local data for vue@https://registry.npmjs.org/vue/-/vue-3.5.27.tgz. Extracting by manifest.
988 silly tarball no local data for v8-compile-cache@https://registry.npmjs.org/v8-compile-cache/-/v8-compile-cache-2.4.0.tgz. Extracting by manifest.
989 silly tarball no local data for vue-hot-reload-api@https://registry.npmjs.org/vue-hot-reload-api/-/vue-hot-reload-api-2.3.4.tgz. Extracting by manifest.
990 silly tarball no local data for uuid@https://registry.npmjs.org/uuid/-/uuid-8.3.2.tgz. Extracting by manifest.
991 silly tarball no local data for utila@https://registry.npmjs.org/utila/-/utila-0.4.0.tgz. Extracting by manifest.
992 silly tarball no local data for util-deprecate@https://registry.npmjs.org/util-deprecate/-/util-deprecate-1.0.2.tgz. Extracting by manifest.
993 silly tarball no local data for utils-merge@https://registry.npmjs.org/utils-merge/-/utils-merge-1.0.1.tgz. Extracting by manifest.
994 silly tarball no local data for update-browserslist-db@https://registry.npmjs.org/update-browserslist-db/-/update-browserslist-db-1.2.3.tgz. Extracting by manifest.
995 silly tarball no local data for uri-js@https://registry.npmjs.org/uri-js/-/uri-js-4.4.1.tgz. Extracting by manifest.
996 silly tarball no local data for unpipe@https://registry.npmjs.org/unpipe/-/unpipe-1.0.0.tgz. Extracting by manifest.
997 silly tarball no local data for universalify@https://registry.npmjs.org/universalify/-/universalify-2.0.1.tgz. Extracting by manifest.
998 silly tarball no local data for unicode-property-aliases-ecmascript@https://registry.npmjs.org/unicode-property-aliases-ecmascript/-/unicode-property-aliases-ecmascript-2.2.0.tgz. Extracting by manifest.
999 silly tarball no local data for unicode-match-property-value-ecmascript@https://registry.npmjs.org/unicode-match-property-value-ecmascript/-/unicode-match-property-value-ecmascript-2.2.1.tgz. Extracting by manifest.
1000 silly tarball no local data for unicode-match-property-ecmascript@https://registry.npmjs.org/unicode-match-property-ecmascript/-/unicode-match-property-ecmascript-2.0.0.tgz. Extracting by manifest.
1001 silly tarball no local data for type-is@https://registry.npmjs.org/type-is/-/type-is-1.6.18.tgz. Extracting by manifest.
1002 silly tarball no local data for type-fest@https://registry.npmjs.org/type-fest/-/type-fest-0.20.2.tgz. Extracting by manifest.
1003 silly tarball no local data for undici-types@https://registry.npmjs.org/undici-types/-/undici-types-7.16.0.tgz. Extracting by manifest.
1004 silly tarball no local data for unicode-canonical-property-names-ecmascript@https://registry.npmjs.org/unicode-canonical-property-names-ecmascript/-/unicode-canonical-property-names-ecmascript-2.0.1.tgz. Extracting by manifest.
1005 silly tarball no local data for type-check@https://registry.npmjs.org/type-check/-/type-check-0.4.0.tgz. Extracting by manifest.
1006 silly tarball no local data for tslib@https://registry.npmjs.org/tslib/-/tslib-2.8.1.tgz. Extracting by manifest.
1007 silly tarball no local data for toidentifier@https://registry.npmjs.org/toidentifier/-/toidentifier-1.0.1.tgz. Extracting by manifest.
1008 silly tarball no local data for tr46@https://registry.npmjs.org/tr46/-/tr46-0.0.3.tgz. Extracting by manifest.
1009 silly tarball no local data for totalist@https://registry.npmjs.org/totalist/-/totalist-3.0.1.tgz. Extracting by manifest.
1010 silly tarball no local data for thunky@https://registry.npmjs.org/thunky/-/thunky-1.1.0.tgz. Extracting by manifest.
1011 silly tarball no local data for to-regex-range@https://registry.npmjs.org/to-regex-range/-/to-regex-range-5.0.1.tgz. Extracting by manifest.
1012 silly tarball no local data for terser-webpack-plugin@https://registry.npmjs.org/terser-webpack-plugin/-/terser-webpack-plugin-5.3.16.tgz. Extracting by manifest.
1013 silly tarball no local data for thenify-all@https://registry.npmjs.org/thenify-all/-/thenify-all-1.6.0.tgz. Extracting by manifest.
1014 silly tarball no local data for text-table@https://registry.npmjs.org/text-table/-/text-table-0.2.0.tgz. Extracting by manifest.
1015 silly tarball no local data for thenify@https://registry.npmjs.org/thenify/-/thenify-3.3.1.tgz. Extracting by manifest.
1016 silly tarball no local data for terser@https://registry.npmjs.org/terser/-/terser-5.46.0.tgz. Extracting by manifest.
1017 silly tarball no local data for tapable@https://registry.npmjs.org/tapable/-/tapable-2.3.0.tgz. Extracting by manifest.
1018 silly tarball no local data for supports-color@https://registry.npmjs.org/supports-color/-/supports-color-7.2.0.tgz. Extracting by manifest.
1019 silly tarball no local data for table@https://registry.npmjs.org/table/-/table-6.9.0.tgz. Extracting by manifest.
1020 silly tarball no local data for svgo@https://registry.npmjs.org/svgo/-/svgo-2.8.0.tgz. Extracting by manifest.
1021 silly tarball no local data for svg-tags@https://registry.npmjs.org/svg-tags/-/svg-tags-1.0.0.tgz. Extracting by manifest.
1022 silly tarball no local data for thread-loader@https://registry.npmjs.org/thread-loader/-/thread-loader-3.0.4.tgz. Extracting by manifest.
1023 silly tarball no local data for supports-preserve-symlinks-flag@https://registry.npmjs.org/supports-preserve-symlinks-flag/-/supports-preserve-symlinks-flag-1.0.0.tgz. Extracting by manifest.
1024 silly tarball no local data for stylehacks@https://registry.npmjs.org/stylehacks/-/stylehacks-5.1.1.tgz. Extracting by manifest.
1025 silly tarball no local data for superjson@https://registry.npmjs.org/superjson/-/superjson-2.2.6.tgz. Extracting by manifest.
1026 silly tarball no local data for strip-json-comments@https://registry.npmjs.org/strip-json-comments/-/strip-json-comments-3.1.1.tgz. Extracting by manifest.
1027 silly tarball no local data for strip-indent@https://registry.npmjs.org/strip-indent/-/strip-indent-2.0.0.tgz. Extracting by manifest.
1028 silly tarball no local data for strip-ansi@https://registry.npmjs.org/strip-ansi/-/strip-ansi-6.0.1.tgz. Extracting by manifest.
1029 silly tarball no local data for strip-eof@https://registry.npmjs.org/strip-eof/-/strip-eof-1.0.0.tgz. Extracting by manifest.
1030 silly tarball no local data for string-width@https://registry.npmjs.org/string-width/-/string-width-4.2.3.tgz. Extracting by manifest.
1031 silly tarball no local data for strip-final-newline@https://registry.npmjs.org/strip-final-newline/-/strip-final-newline-2.0.0.tgz. Extracting by manifest.
1032 silly tarball no local data for string_decoder@https://registry.npmjs.org/string_decoder/-/string_decoder-1.3.0.tgz. Extracting by manifest.
1033 silly tarball no local data for stackframe@https://registry.npmjs.org/stackframe/-/stackframe-1.3.4.tgz. Extracting by manifest.
1034 silly tarball no local data for statuses@https://registry.npmjs.org/statuses/-/statuses-2.0.2.tgz. Extracting by manifest.
1035 silly tarball no local data for ssri@https://registry.npmjs.org/ssri/-/ssri-8.0.1.tgz. Extracting by manifest.
1036 silly tarball no local data for stable@https://registry.npmjs.org/stable/-/stable-0.1.8.tgz. Extracting by manifest.
1037 silly tarball no local data for sprintf-js@https://registry.npmjs.org/sprintf-js/-/sprintf-js-1.0.3.tgz. Extracting by manifest.
1038 silly tarball no local data for speakingurl@https://registry.npmjs.org/speakingurl/-/speakingurl-14.0.1.tgz. Extracting by manifest.
1039 silly tarball no local data for spdy@https://registry.npmjs.org/spdy/-/spdy-4.0.2.tgz. Extracting by manifest.
1040 silly tarball no local data for spdy-transport@https://registry.npmjs.org/spdy-transport/-/spdy-transport-3.0.0.tgz. Extracting by manifest.
1041 silly tarball no local data for spdx-license-ids@https://registry.npmjs.org/spdx-license-ids/-/spdx-license-ids-3.0.22.tgz. Extracting by manifest.
1042 silly tarball no local data for spdx-exceptions@https://registry.npmjs.org/spdx-exceptions/-/spdx-exceptions-2.5.0.tgz. Extracting by manifest.
1043 silly tarball no local data for source-map-support@https://registry.npmjs.org/source-map-support/-/source-map-support-0.5.21.tgz. Extracting by manifest.
1044 silly tarball no local data for source-map-js@https://registry.npmjs.org/source-map-js/-/source-map-js-1.2.1.tgz. Extracting by manifest.
1045 silly tarball no local data for spdx-expression-parse@https://registry.npmjs.org/spdx-expression-parse/-/spdx-expression-parse-3.0.1.tgz. Extracting by manifest.
1046 silly tarball no local data for spdx-correct@https://registry.npmjs.org/spdx-correct/-/spdx-correct-3.2.0.tgz. Extracting by manifest.
1047 silly tarball no local data for source-map@https://registry.npmjs.org/source-map/-/source-map-0.6.1.tgz. Extracting by manifest.
1048 silly tarball no local data for sockjs@https://registry.npmjs.org/sockjs/-/sockjs-0.3.24.tgz. Extracting by manifest.
1049 silly tarball no local data for slash@https://registry.npmjs.org/slash/-/slash-3.0.0.tgz. Extracting by manifest.
1050 silly tarball no local data for slice-ansi@https://registry.npmjs.org/slice-ansi/-/slice-ansi-4.0.0.tgz. Extracting by manifest.
1051 silly tarball no local data for sirv@https://registry.npmjs.org/sirv/-/sirv-2.0.4.tgz. Extracting by manifest.
1052 silly tarball no local data for side-channel-weakmap@https://registry.npmjs.org/side-channel-weakmap/-/side-channel-weakmap-1.0.2.tgz. Extracting by manifest.
1053 silly tarball no local data for signal-exit@https://registry.npmjs.org/signal-exit/-/signal-exit-3.0.7.tgz. Extracting by manifest.
1054 silly tarball no local data for side-channel-map@https://registry.npmjs.org/side-channel-map/-/side-channel-map-1.0.1.tgz. Extracting by manifest.
1055 silly tarball no local data for side-channel-list@https://registry.npmjs.org/side-channel-list/-/side-channel-list-1.0.0.tgz. Extracting by manifest.
1056 silly tarball no local data for side-channel@https://registry.npmjs.org/side-channel/-/side-channel-1.1.0.tgz. Extracting by manifest.
1057 silly tarball no local data for shell-quote@https://registry.npmjs.org/shell-quote/-/shell-quote-1.8.3.tgz. Extracting by manifest.
1058 silly tarball no local data for shebang-command@https://registry.npmjs.org/shebang-command/-/shebang-command-2.0.0.tgz. Extracting by manifest.
1059 silly tarball no local data for shallow-clone@https://registry.npmjs.org/shallow-clone/-/shallow-clone-3.0.1.tgz. Extracting by manifest.
1060 silly tarball no local data for shebang-regex@https://registry.npmjs.org/shebang-regex/-/shebang-regex-3.0.0.tgz. Extracting by manifest.
1061 silly tarball no local data for setprototypeof@https://registry.npmjs.org/setprototypeof/-/setprototypeof-1.2.0.tgz. Extracting by manifest.
1062 silly tarball no local data for set-function-length@https://registry.npmjs.org/set-function-length/-/set-function-length-1.2.2.tgz. Extracting by manifest.
1063 silly tarball no local data for serve-static@https://registry.npmjs.org/serve-static/-/serve-static-1.16.3.tgz. Extracting by manifest.
1064 silly tarball no local data for serve-index@https://registry.npmjs.org/serve-index/-/serve-index-1.9.2.tgz. Extracting by manifest.
1065 silly tarball no local data for serialize-javascript@https://registry.npmjs.org/serialize-javascript/-/serialize-javascript-6.0.2.tgz. Extracting by manifest.
1066 silly tarball no local data for selfsigned@https://registry.npmjs.org/selfsigned/-/selfsigned-2.4.1.tgz. Extracting by manifest.
1067 silly tarball no local data for semver@https://registry.npmjs.org/semver/-/semver-6.3.1.tgz. Extracting by manifest.
1068 silly tarball no local data for send@https://registry.npmjs.org/send/-/send-0.19.2.tgz. Extracting by manifest.
1069 silly tarball no local data for schema-utils@https://registry.npmjs.org/schema-utils/-/schema-utils-2.7.1.tgz. Extracting by manifest.
1070 silly tarball no local data for select-hose@https://registry.npmjs.org/select-hose/-/select-hose-2.0.0.tgz. Extracting by manifest.
1071 silly tarball no local data for safer-buffer@https://registry.npmjs.org/safer-buffer/-/safer-buffer-2.1.2.tgz. Extracting by manifest.
1072 silly tarball no local data for rimraf@https://registry.npmjs.org/rimraf/-/rimraf-3.0.2.tgz. Extracting by manifest.
1073 silly tarball no local data for run-parallel@https://registry.npmjs.org/run-parallel/-/run-parallel-1.2.0.tgz. Extracting by manifest.
1074 silly tarball no local data for retry@https://registry.npmjs.org/retry/-/retry-0.13.1.tgz. Extracting by manifest.
1075 silly tarball no local data for restore-cursor@https://registry.npmjs.org/restore-cursor/-/restore-cursor-3.1.0.tgz. Extracting by manifest.
1076 silly tarball no local data for rfdc@https://registry.npmjs.org/rfdc/-/rfdc-1.4.1.tgz. Extracting by manifest.
1077 silly tarball no local data for safe-buffer@https://registry.npmjs.org/safe-buffer/-/safe-buffer-5.2.1.tgz. Extracting by manifest.
1078 silly tarball no local data for reusify@https://registry.npmjs.org/reusify/-/reusify-1.1.0.tgz. Extracting by manifest.
1079 silly tarball no local data for resolve-from@https://registry.npmjs.org/resolve-from/-/resolve-from-4.0.0.tgz. Extracting by manifest.
1080 silly tarball no local data for requires-port@https://registry.npmjs.org/requires-port/-/requires-port-1.0.0.tgz. Extracting by manifest.
1081 silly tarball no local data for resolve@https://registry.npmjs.org/resolve/-/resolve-1.22.11.tgz. Extracting by manifest.
1082 silly tarball no local data for renderkid@https://registry.npmjs.org/renderkid/-/renderkid-3.0.0.tgz. Extracting by manifest.
1083 silly tarball no local data for require-directory@https://registry.npmjs.org/require-directory/-/require-directory-2.1.1.tgz. Extracting by manifest.
1084 silly tarball no local data for regjsparser@https://registry.npmjs.org/regjsparser/-/regjsparser-0.13.0.tgz. Extracting by manifest.
1085 silly tarball no local data for relateurl@https://registry.npmjs.org/relateurl/-/relateurl-0.2.7.tgz. Extracting by manifest.
1086 silly tarball no local data for require-from-string@https://registry.npmjs.org/require-from-string/-/require-from-string-2.0.2.tgz. Extracting by manifest.
1087 silly tarball no local data for regexpu-core@https://registry.npmjs.org/regexpu-core/-/regexpu-core-6.4.0.tgz. Extracting by manifest.
1088 silly tarball no local data for regexpp@https://registry.npmjs.org/regexpp/-/regexpp-3.2.0.tgz. Extracting by manifest.
1089 silly tarball no local data for regjsgen@https://registry.npmjs.org/regjsgen/-/regjsgen-0.8.0.tgz. Extracting by manifest.
1090 silly tarball no local data for readdirp@https://registry.npmjs.org/readdirp/-/readdirp-3.6.0.tgz. Extracting by manifest.
1091 silly tarball no local data for regenerate@https://registry.npmjs.org/regenerate/-/regenerate-1.4.2.tgz. Extracting by manifest.
1092 silly tarball no local data for regenerate-unicode-properties@https://registry.npmjs.org/regenerate-unicode-properties/-/regenerate-unicode-properties-10.2.2.tgz. Extracting by manifest.
1093 silly tarball no local data for read-pkg@https://registry.npmjs.org/read-pkg/-/read-pkg-5.2.0.tgz. Extracting by manifest.
1094 silly tarball no local data for readable-stream@https://registry.npmjs.org/readable-stream/-/readable-stream-3.6.2.tgz. Extracting by manifest.
1095 silly tarball no local data for range-parser@https://registry.npmjs.org/range-parser/-/range-parser-1.2.1.tgz. Extracting by manifest.
1096 silly tarball no local data for read-pkg-up@https://registry.npmjs.org/read-pkg-up/-/read-pkg-up-7.0.1.tgz. Extracting by manifest.
1097 silly tarball no local data for randombytes@https://registry.npmjs.org/randombytes/-/randombytes-2.1.0.tgz. Extracting by manifest.
1098 silly tarball no local data for punycode@https://registry.npmjs.org/punycode/-/punycode-2.3.1.tgz. Extracting by manifest.
1099 silly tarball no local data for queue-microtask@https://registry.npmjs.org/queue-microtask/-/queue-microtask-1.2.3.tgz. Extracting by manifest.
1100 silly tarball no local data for qs@https://registry.npmjs.org/qs/-/qs-6.14.1.tgz. Extracting by manifest.
1101 silly tarball no local data for raw-body@https://registry.npmjs.org/raw-body/-/raw-body-2.5.3.tgz. Extracting by manifest.
1102 silly tarball no local data for proxy-from-env@https://registry.npmjs.org/proxy-from-env/-/proxy-from-env-1.1.0.tgz. Extracting by manifest.
1103 silly tarball no local data for pump@https://registry.npmjs.org/pump/-/pump-3.0.3.tgz. Extracting by manifest.
1104 silly tarball no local data for progress-webpack-plugin@https://registry.npmjs.org/progress-webpack-plugin/-/progress-webpack-plugin-1.0.16.tgz. Extracting by manifest.
1105 silly tarball no local data for prettier@https://registry.npmjs.org/prettier/-/prettier-2.8.8.tgz. Extracting by manifest.
1106 silly tarball no local data for progress@https://registry.npmjs.org/progress/-/progress-2.0.3.tgz. Extracting by manifest.
1107 silly tarball no local data for pseudomap@https://registry.npmjs.org/pseudomap/-/pseudomap-1.0.2.tgz. Extracting by manifest.
1108 silly tarball no local data for pretty-error@https://registry.npmjs.org/pretty-error/-/pretty-error-4.0.0.tgz. Extracting by manifest.
1109 silly tarball no local data for process-nextick-args@https://registry.npmjs.org/process-nextick-args/-/process-nextick-args-2.0.1.tgz. Extracting by manifest.
1110 silly tarball no local data for proxy-addr@https://registry.npmjs.org/proxy-addr/-/proxy-addr-2.0.7.tgz. Extracting by manifest.
1111 silly tarball no local data for prelude-ls@https://registry.npmjs.org/prelude-ls/-/prelude-ls-1.2.1.tgz. Extracting by manifest.
1112 silly tarball no local data for postcss-value-parser@https://registry.npmjs.org/postcss-value-parser/-/postcss-value-parser-4.2.0.tgz. Extracting by manifest.
1113 silly tarball no local data for postcss-unique-selectors@https://registry.npmjs.org/postcss-unique-selectors/-/postcss-unique-selectors-5.1.1.tgz. Extracting by manifest.
1114 silly tarball no local data for postcss-selector-parser@https://registry.npmjs.org/postcss-selector-parser/-/postcss-selector-parser-6.1.2.tgz. Extracting by manifest.
1115 silly tarball no local data for postcss-svgo@https://registry.npmjs.org/postcss-svgo/-/postcss-svgo-5.1.0.tgz. Extracting by manifest.
1116 silly tarball no local data for postcss-reduce-transforms@https://registry.npmjs.org/postcss-reduce-transforms/-/postcss-reduce-transforms-5.1.0.tgz. Extracting by manifest.
1117 silly tarball no local data for postcss-ordered-values@https://registry.npmjs.org/postcss-ordered-values/-/postcss-ordered-values-5.1.3.tgz. Extracting by manifest.
1118 silly tarball no local data for postcss-normalize-whitespace@https://registry.npmjs.org/postcss-normalize-whitespace/-/postcss-normalize-whitespace-5.1.1.tgz. Extracting by manifest.
1119 silly tarball no local data for postcss-reduce-initial@https://registry.npmjs.org/postcss-reduce-initial/-/postcss-reduce-initial-5.1.2.tgz. Extracting by manifest.
1120 silly tarball no local data for postcss-normalize-url@https://registry.npmjs.org/postcss-normalize-url/-/postcss-normalize-url-5.1.0.tgz. Extracting by manifest.
1121 silly tarball no local data for postcss-normalize-repeat-style@https://registry.npmjs.org/postcss-normalize-repeat-style/-/postcss-normalize-repeat-style-5.1.1.tgz. Extracting by manifest.
1122 silly tarball no local data for postcss-normalize-unicode@https://registry.npmjs.org/postcss-normalize-unicode/-/postcss-normalize-unicode-5.1.1.tgz. Extracting by manifest.
1123 silly tarball no local data for postcss-normalize-string@https://registry.npmjs.org/postcss-normalize-string/-/postcss-normalize-string-5.1.0.tgz. Extracting by manifest.
1124 silly tarball no local data for postcss-normalize-timing-functions@https://registry.npmjs.org/postcss-normalize-timing-functions/-/postcss-normalize-timing-functions-5.1.0.tgz. Extracting by manifest.
1125 silly tarball no local data for postcss-normalize-positions@https://registry.npmjs.org/postcss-normalize-positions/-/postcss-normalize-positions-5.1.1.tgz. Extracting by manifest.
1126 silly tarball no local data for postcss-normalize-display-values@https://registry.npmjs.org/postcss-normalize-display-values/-/postcss-normalize-display-values-5.1.0.tgz. Extracting by manifest.
1127 silly tarball no local data for postcss-normalize-charset@https://registry.npmjs.org/postcss-normalize-charset/-/postcss-normalize-charset-5.1.0.tgz. Extracting by manifest.
1128 silly tarball no local data for postcss-modules-values@https://registry.npmjs.org/postcss-modules-values/-/postcss-modules-values-4.0.0.tgz. Extracting by manifest.
1129 silly tarball no local data for postcss-modules-extract-imports@https://registry.npmjs.org/postcss-modules-extract-imports/-/postcss-modules-extract-imports-3.1.0.tgz. Extracting by manifest.
1130 silly tarball no local data for postcss-modules-scope@https://registry.npmjs.org/postcss-modules-scope/-/postcss-modules-scope-3.2.1.tgz. Extracting by manifest.
1131 silly tarball no local data for postcss-minify-selectors@https://registry.npmjs.org/postcss-minify-selectors/-/postcss-minify-selectors-5.2.1.tgz. Extracting by manifest.
1132 silly tarball no local data for postcss-minify-font-values@https://registry.npmjs.org/postcss-minify-font-values/-/postcss-minify-font-values-5.1.0.tgz. Extracting by manifest.
1133 silly tarball no local data for postcss-merge-rules@https://registry.npmjs.org/postcss-merge-rules/-/postcss-merge-rules-5.1.4.tgz. Extracting by manifest.
1134 silly tarball no local data for postcss-merge-longhand@https://registry.npmjs.org/postcss-merge-longhand/-/postcss-merge-longhand-5.1.7.tgz. Extracting by manifest.
1135 silly tarball no local data for postcss-minify-gradients@https://registry.npmjs.org/postcss-minify-gradients/-/postcss-minify-gradients-5.1.1.tgz. Extracting by manifest.
1136 silly tarball no local data for postcss-modules-local-by-default@https://registry.npmjs.org/postcss-modules-local-by-default/-/postcss-modules-local-by-default-4.2.0.tgz. Extracting by manifest.
1137 silly tarball no local data for postcss-discard-overridden@https://registry.npmjs.org/postcss-discard-overridden/-/postcss-discard-overridden-5.1.0.tgz. Extracting by manifest.
1138 silly tarball no local data for postcss-minify-params@https://registry.npmjs.org/postcss-minify-params/-/postcss-minify-params-5.1.4.tgz. Extracting by manifest.
1139 silly tarball no local data for postcss-loader@https://registry.npmjs.org/postcss-loader/-/postcss-loader-6.2.1.tgz. Extracting by manifest.
1140 silly tarball no local data for postcss-colormin@https://registry.npmjs.org/postcss-colormin/-/postcss-colormin-5.3.1.tgz. Extracting by manifest.
1141 silly tarball no local data for postcss-discard-duplicates@https://registry.npmjs.org/postcss-discard-duplicates/-/postcss-discard-duplicates-5.1.0.tgz. Extracting by manifest.
1142 silly tarball no local data for postcss-discard-empty@https://registry.npmjs.org/postcss-discard-empty/-/postcss-discard-empty-5.1.1.tgz. Extracting by manifest.
1143 silly tarball no local data for postcss-calc@https://registry.npmjs.org/postcss-calc/-/postcss-calc-8.2.4.tgz. Extracting by manifest.
1144 silly tarball no local data for postcss@https://registry.npmjs.org/postcss/-/postcss-8.5.6.tgz. Extracting by manifest.
1145 silly tarball no local data for pkg-dir@https://registry.npmjs.org/pkg-dir/-/pkg-dir-4.2.0.tgz. Extracting by manifest.
1146 silly tarball no local data for portfinder@https://registry.npmjs.org/portfinder/-/portfinder-1.0.38.tgz. Extracting by manifest.
1147 silly tarball no local data for postcss-convert-values@https://registry.npmjs.org/postcss-convert-values/-/postcss-convert-values-5.1.3.tgz. Extracting by manifest.
1148 silly tarball no local data for postcss-discard-comments@https://registry.npmjs.org/postcss-discard-comments/-/postcss-discard-comments-5.1.2.tgz. Extracting by manifest.
1149 silly tarball no local data for pinia@https://registry.npmjs.org/pinia/-/pinia-3.0.4.tgz. Extracting by manifest.
1150 silly tarball no local data for perfect-debounce@https://registry.npmjs.org/perfect-debounce/-/perfect-debounce-1.0.0.tgz. Extracting by manifest.
1151 silly tarball no local data for path-type@https://registry.npmjs.org/path-type/-/path-type-4.0.0.tgz. Extracting by manifest.
1152 silly tarball no local data for picomatch@https://registry.npmjs.org/picomatch/-/picomatch-2.3.1.tgz. Extracting by manifest.
1153 silly tarball no local data for picocolors@https://registry.npmjs.org/picocolors/-/picocolors-1.1.1.tgz. Extracting by manifest.
1154 silly tarball no local data for path-parse@https://registry.npmjs.org/path-parse/-/path-parse-1.0.7.tgz. Extracting by manifest.
1155 silly tarball no local data for path-to-regexp@https://registry.npmjs.org/path-to-regexp/-/path-to-regexp-0.1.12.tgz. Extracting by manifest.
1156 silly tarball no local data for path-key@https://registry.npmjs.org/path-key/-/path-key-3.1.1.tgz. Extracting by manifest.
1157 silly tarball no local data for pascal-case@https://registry.npmjs.org/pascal-case/-/pascal-case-3.1.2.tgz. Extracting by manifest.
1158 silly tarball no local data for parseurl@https://registry.npmjs.org/parseurl/-/parseurl-1.3.3.tgz. Extracting by manifest.
1159 silly tarball no local data for parse5@https://registry.npmjs.org/parse5/-/parse5-5.1.1.tgz. Extracting by manifest.
1160 silly tarball no local data for path-is-absolute@https://registry.npmjs.org/path-is-absolute/-/path-is-absolute-1.0.1.tgz. Extracting by manifest.
1161 silly tarball no local data for path-exists@https://registry.npmjs.org/path-exists/-/path-exists-4.0.0.tgz. Extracting by manifest.
1162 silly tarball no local data for parse-json@https://registry.npmjs.org/parse-json/-/parse-json-5.2.0.tgz. Extracting by manifest.
1163 silly tarball no local data for parent-module@https://registry.npmjs.org/parent-module/-/parent-module-1.0.1.tgz. Extracting by manifest.
1164 silly tarball no local data for parse5-htmlparser2-tree-adapter@https://registry.npmjs.org/parse5-htmlparser2-tree-adapter/-/parse5-htmlparser2-tree-adapter-6.0.1.tgz. Extracting by manifest.
1165 silly tarball no local data for param-case@https://registry.npmjs.org/param-case/-/param-case-3.0.4.tgz. Extracting by manifest.
1166 silly tarball no local data for p-try@https://registry.npmjs.org/p-try/-/p-try-2.2.0.tgz. Extracting by manifest.
1167 silly tarball no local data for p-retry@https://registry.npmjs.org/p-retry/-/p-retry-4.6.2.tgz. Extracting by manifest.
1168 silly tarball no local data for p-locate@https://registry.npmjs.org/p-locate/-/p-locate-4.1.0.tgz. Extracting by manifest.
1169 silly tarball no local data for p-limit@https://registry.npmjs.org/p-limit/-/p-limit-2.3.0.tgz. Extracting by manifest.
1170 silly tarball no local data for p-finally@https://registry.npmjs.org/p-finally/-/p-finally-1.0.0.tgz. Extracting by manifest.
1171 silly tarball no local data for ora@https://registry.npmjs.org/ora/-/ora-5.4.1.tgz. Extracting by manifest.
1172 silly tarball no local data for optionator@https://registry.npmjs.org/optionator/-/optionator-0.9.4.tgz. Extracting by manifest.
1173 silly tarball no local data for onetime@https://registry.npmjs.org/onetime/-/onetime-5.1.2.tgz. Extracting by manifest.
1174 silly tarball no local data for opener@https://registry.npmjs.org/opener/-/opener-1.5.2.tgz. Extracting by manifest.
1175 silly tarball no local data for once@https://registry.npmjs.org/once/-/once-1.4.0.tgz. Extracting by manifest.
1176 silly tarball no local data for on-headers@https://registry.npmjs.org/on-headers/-/on-headers-1.1.0.tgz. Extracting by manifest.
1177 silly tarball no local data for object.assign@https://registry.npmjs.org/object.assign/-/object.assign-4.1.7.tgz. Extracting by manifest.
1178 silly tarball no local data for open@https://registry.npmjs.org/open/-/open-8.4.2.tgz. Extracting by manifest.
1179 silly tarball no local data for object-keys@https://registry.npmjs.org/object-keys/-/object-keys-1.1.1.tgz. Extracting by manifest.
1180 silly tarball no local data for on-finished@https://registry.npmjs.org/on-finished/-/on-finished-2.4.1.tgz. Extracting by manifest.
1181 silly tarball no local data for obuf@https://registry.npmjs.org/obuf/-/obuf-1.1.2.tgz. Extracting by manifest.
1182 silly tarball no local data for nth-check@https://registry.npmjs.org/nth-check/-/nth-check-2.1.1.tgz. Extracting by manifest.
1183 silly tarball no local data for object-assign@https://registry.npmjs.org/object-assign/-/object-assign-4.1.1.tgz. Extracting by manifest.
1184 silly tarball no local data for npm-run-path@https://registry.npmjs.org/npm-run-path/-/npm-run-path-2.0.2.tgz. Extracting by manifest.
1185 silly tarball no local data for normalize-url@https://registry.npmjs.org/normalize-url/-/normalize-url-6.1.0.tgz. Extracting by manifest.
1186 silly tarball no local data for node-releases@https://registry.npmjs.org/node-releases/-/node-releases-2.0.27.tgz. Extracting by manifest.
1187 silly tarball no local data for normalize-path@https://registry.npmjs.org/normalize-path/-/normalize-path-3.0.0.tgz. Extracting by manifest.
1188 silly tarball no local data for object-inspect@https://registry.npmjs.org/object-inspect/-/object-inspect-1.13.4.tgz. Extracting by manifest.
1189 silly tarball no local data for normalize-package-data@https://registry.npmjs.org/normalize-package-data/-/normalize-package-data-2.5.0.tgz. Extracting by manifest.
1190 silly tarball no local data for node-forge@https://registry.npmjs.org/node-forge/-/node-forge-1.3.3.tgz. Extracting by manifest.
1191 silly tarball no local data for no-case@https://registry.npmjs.org/no-case/-/no-case-3.0.4.tgz. Extracting by manifest.
1192 silly tarball no local data for nice-try@https://registry.npmjs.org/nice-try/-/nice-try-1.0.5.tgz. Extracting by manifest.
1193 silly tarball no local data for neo-async@https://registry.npmjs.org/neo-async/-/neo-async-2.6.2.tgz. Extracting by manifest.
1194 silly tarball no local data for node-fetch@https://registry.npmjs.org/node-fetch/-/node-fetch-2.7.0.tgz. Extracting by manifest.
1195 silly tarball no local data for natural-compare@https://registry.npmjs.org/natural-compare/-/natural-compare-1.4.0.tgz. Extracting by manifest.
1196 silly tarball no local data for negotiator@https://registry.npmjs.org/negotiator/-/negotiator-0.6.4.tgz. Extracting by manifest.
1197 silly tarball no local data for mz@https://registry.npmjs.org/mz/-/mz-2.7.0.tgz. Extracting by manifest.
1198 silly tarball no local data for nanoid@https://registry.npmjs.org/nanoid/-/nanoid-3.3.11.tgz. Extracting by manifest.
1199 silly tarball no local data for multicast-dns@https://registry.npmjs.org/multicast-dns/-/multicast-dns-7.2.5.tgz. Extracting by manifest.
1200 silly tarball no local data for ms@https://registry.npmjs.org/ms/-/ms-2.1.3.tgz. Extracting by manifest.
1201 silly tarball no local data for mitt@https://registry.npmjs.org/mitt/-/mitt-3.0.1.tgz. Extracting by manifest.
1202 silly tarball no local data for minipass@https://registry.npmjs.org/minipass/-/minipass-3.3.6.tgz. Extracting by manifest.
1203 silly tarball no local data for module-alias@https://registry.npmjs.org/module-alias/-/module-alias-2.3.4.tgz. Extracting by manifest.
1204 silly tarball no local data for minimist@https://registry.npmjs.org/minimist/-/minimist-1.2.8.tgz. Extracting by manifest.
1205 silly tarball no local data for minimatch@https://registry.npmjs.org/minimatch/-/minimatch-3.1.2.tgz. Extracting by manifest.
1206 silly tarball no local data for mrmime@https://registry.npmjs.org/mrmime/-/mrmime-2.0.1.tgz. Extracting by manifest.
1207 silly tarball no local data for mini-css-extract-plugin@https://registry.npmjs.org/mini-css-extract-plugin/-/mini-css-extract-plugin-2.10.0.tgz. Extracting by manifest.
1208 silly tarball no local data for minimalistic-assert@https://registry.npmjs.org/minimalistic-assert/-/minimalistic-assert-1.0.1.tgz. Extracting by manifest.
1209 silly tarball no local data for mime-types@https://registry.npmjs.org/mime-types/-/mime-types-2.1.35.tgz. Extracting by manifest.
1210 silly tarball no local data for mime@https://registry.npmjs.org/mime/-/mime-1.6.0.tgz. Extracting by manifest.
1211 silly tarball no local data for micromatch@https://registry.npmjs.org/micromatch/-/micromatch-4.0.8.tgz. Extracting by manifest.
1212 silly tarball no local data for merge2@https://registry.npmjs.org/merge2/-/merge2-1.4.1.tgz. Extracting by manifest.
1213 silly tarball no local data for mimic-fn@https://registry.npmjs.org/mimic-fn/-/mimic-fn-2.1.0.tgz. Extracting by manifest.
1214 silly tarball no local data for merge-stream@https://registry.npmjs.org/merge-stream/-/merge-stream-2.0.0.tgz. Extracting by manifest.
1215 silly tarball no local data for methods@https://registry.npmjs.org/methods/-/methods-1.1.2.tgz. Extracting by manifest.
1216 silly tarball no local data for mime-db@https://registry.npmjs.org/mime-db/-/mime-db-1.52.0.tgz. Extracting by manifest.
1217 silly tarball no local data for memfs@https://registry.npmjs.org/memfs/-/memfs-3.5.3.tgz. Extracting by manifest.
1218 silly tarball no local data for media-typer@https://registry.npmjs.org/media-typer/-/media-typer-0.3.0.tgz. Extracting by manifest.
1219 silly tarball no local data for merge-source-map@https://registry.npmjs.org/merge-source-map/-/merge-source-map-1.1.0.tgz. Extracting by manifest.
1220 silly tarball no local data for merge-descriptors@https://registry.npmjs.org/merge-descriptors/-/merge-descriptors-1.0.3.tgz. Extracting by manifest.
1221 silly tarball no local data for mdn-data@https://registry.npmjs.org/mdn-data/-/mdn-data-2.0.14.tgz. Extracting by manifest.
1222 silly tarball no local data for math-intrinsics@https://registry.npmjs.org/math-intrinsics/-/math-intrinsics-1.1.0.tgz. Extracting by manifest.
1223 silly tarball no local data for lru-cache@https://registry.npmjs.org/lru-cache/-/lru-cache-5.1.1.tgz. Extracting by manifest.
1224 silly tarball no local data for lower-case@https://registry.npmjs.org/lower-case/-/lower-case-2.0.2.tgz. Extracting by manifest.
1225 silly tarball no local data for log-update@https://registry.npmjs.org/log-update/-/log-update-2.3.0.tgz. Extracting by manifest.
1226 silly tarball no local data for magic-string@https://registry.npmjs.org/magic-string/-/magic-string-0.30.21.tgz. Extracting by manifest.
1227 silly tarball no local data for lodash.uniq@https://registry.npmjs.org/lodash.uniq/-/lodash.uniq-4.5.0.tgz. Extracting by manifest.
1228 silly tarball no local data for log-symbols@https://registry.npmjs.org/log-symbols/-/log-symbols-4.1.0.tgz. Extracting by manifest.
1229 silly tarball no local data for lodash.memoize@https://registry.npmjs.org/lodash.memoize/-/lodash.memoize-4.1.2.tgz. Extracting by manifest.
1230 silly tarball no local data for make-dir@https://registry.npmjs.org/make-dir/-/make-dir-3.1.0.tgz. Extracting by manifest.
1231 silly tarball no local data for lodash.mapvalues@https://registry.npmjs.org/lodash.mapvalues/-/lodash.mapvalues-4.6.0.tgz. Extracting by manifest.
1232 silly tarball no local data for lodash.merge@https://registry.npmjs.org/lodash.merge/-/lodash.merge-4.6.2.tgz. Extracting by manifest.
1233 silly tarball no local data for lodash.truncate@https://registry.npmjs.org/lodash.truncate/-/lodash.truncate-4.4.2.tgz. Extracting by manifest.
1234 silly tarball no local data for lodash@https://registry.npmjs.org/lodash/-/lodash-4.17.23.tgz. Extracting by manifest.
1235 silly tarball no local data for lodash.debounce@https://registry.npmjs.org/lodash.debounce/-/lodash.debounce-4.0.8.tgz. Extracting by manifest.
1236 silly tarball no local data for lodash.kebabcase@https://registry.npmjs.org/lodash.kebabcase/-/lodash.kebabcase-4.1.1.tgz. Extracting by manifest.
1237 silly tarball no local data for lodash.defaultsdeep@https://registry.npmjs.org/lodash.defaultsdeep/-/lodash.defaultsdeep-4.6.1.tgz. Extracting by manifest.
1238 silly tarball no local data for loader-utils@https://registry.npmjs.org/loader-utils/-/loader-utils-1.4.2.tgz. Extracting by manifest.
1239 silly tarball no local data for locate-path@https://registry.npmjs.org/locate-path/-/locate-path-5.0.0.tgz. Extracting by manifest.
1240 silly tarball no local data for lines-and-columns@https://registry.npmjs.org/lines-and-columns/-/lines-and-columns-1.2.4.tgz. Extracting by manifest.
1241 silly tarball no local data for lilconfig@https://registry.npmjs.org/lilconfig/-/lilconfig-2.1.0.tgz. Extracting by manifest.
1242 silly tarball no local data for loader-runner@https://registry.npmjs.org/loader-runner/-/loader-runner-4.3.1.tgz. Extracting by manifest.
1243 silly tarball no local data for levn@https://registry.npmjs.org/levn/-/levn-0.4.1.tgz. Extracting by manifest.
1244 silly tarball no local data for klona@https://registry.npmjs.org/klona/-/klona-2.0.6.tgz. Extracting by manifest.
1245 silly tarball no local data for launch-editor-middleware@https://registry.npmjs.org/launch-editor-middleware/-/launch-editor-middleware-2.12.0.tgz. Extracting by manifest.
1246 silly tarball no local data for keyv@https://registry.npmjs.org/keyv/-/keyv-4.5.4.tgz. Extracting by manifest.
1247 silly tarball no local data for kind-of@https://registry.npmjs.org/kind-of/-/kind-of-6.0.3.tgz. Extracting by manifest.
1248 silly tarball no local data for json-stable-stringify-without-jsonify@https://registry.npmjs.org/json-stable-stringify-without-jsonify/-/json-stable-stringify-without-jsonify-1.0.1.tgz. Extracting by manifest.
1249 silly tarball no local data for json5@https://registry.npmjs.org/json5/-/json5-2.2.3.tgz. Extracting by manifest.
1250 silly tarball no local data for jsonfile@https://registry.npmjs.org/jsonfile/-/jsonfile-6.2.0.tgz. Extracting by manifest.
1251 silly tarball no local data for launch-editor@https://registry.npmjs.org/launch-editor/-/launch-editor-2.12.0.tgz. Extracting by manifest.
1252 silly tarball no local data for json-schema-traverse@https://registry.npmjs.org/json-schema-traverse/-/json-schema-traverse-0.4.1.tgz. Extracting by manifest.
1253 silly tarball no local data for json-parse-even-better-errors@https://registry.npmjs.org/json-parse-even-better-errors/-/json-parse-even-better-errors-2.3.1.tgz. Extracting by manifest.
1254 silly tarball no local data for json-parse-better-errors@https://registry.npmjs.org/json-parse-better-errors/-/json-parse-better-errors-1.0.2.tgz. Extracting by manifest.
1255 silly tarball no local data for jsesc@https://registry.npmjs.org/jsesc/-/jsesc-3.1.0.tgz. Extracting by manifest.
1256 silly tarball no local data for js-tokens@https://registry.npmjs.org/js-tokens/-/js-tokens-4.0.0.tgz. Extracting by manifest.
1257 silly tarball no local data for json-buffer@https://registry.npmjs.org/json-buffer/-/json-buffer-3.0.1.tgz. Extracting by manifest.
1258 silly tarball no local data for js-message@https://registry.npmjs.org/js-message/-/js-message-1.0.7.tgz. Extracting by manifest.
1259 silly tarball no local data for js-yaml@https://registry.npmjs.org/js-yaml/-/js-yaml-3.14.2.tgz. Extracting by manifest.
1260 silly tarball no local data for javascript-stringify@https://registry.npmjs.org/javascript-stringify/-/javascript-stringify-2.1.0.tgz. Extracting by manifest.
1261 silly tarball no local data for joi@https://registry.npmjs.org/joi/-/joi-17.13.3.tgz. Extracting by manifest.
1262 silly tarball no local data for isobject@https://registry.npmjs.org/isobject/-/isobject-3.0.1.tgz. Extracting by manifest.
1263 silly tarball no local data for jest-worker@https://registry.npmjs.org/jest-worker/-/jest-worker-27.5.1.tgz. Extracting by manifest.
1264 silly tarball no local data for isexe@https://registry.npmjs.org/isexe/-/isexe-2.0.0.tgz. Extracting by manifest.
1265 silly tarball no local data for isarray@https://registry.npmjs.org/isarray/-/isarray-1.0.0.tgz. Extracting by manifest.
1266 silly tarball no local data for is-wsl@https://registry.npmjs.org/is-wsl/-/is-wsl-2.2.0.tgz. Extracting by manifest.
1267 silly tarball no local data for is-unicode-supported@https://registry.npmjs.org/is-unicode-supported/-/is-unicode-supported-0.1.0.tgz. Extracting by manifest.
1268 silly tarball no local data for is-stream@https://registry.npmjs.org/is-stream/-/is-stream-1.1.0.tgz. Extracting by manifest.
1269 silly tarball no local data for is-what@https://registry.npmjs.org/is-what/-/is-what-5.5.0.tgz. Extracting by manifest.
1270 silly tarball no local data for is-number@https://registry.npmjs.org/is-number/-/is-number-7.0.0.tgz. Extracting by manifest.
1271 silly tarball no local data for is-plain-object@https://registry.npmjs.org/is-plain-object/-/is-plain-object-2.0.4.tgz. Extracting by manifest.
1272 silly tarball no local data for is-plain-obj@https://registry.npmjs.org/is-plain-obj/-/is-plain-obj-3.0.0.tgz. Extracting by manifest.
1273 silly tarball no local data for is-glob@https://registry.npmjs.org/is-glob/-/is-glob-4.0.3.tgz. Extracting by manifest.
1274 silly tarball no local data for is-fullwidth-code-point@https://registry.npmjs.org/is-fullwidth-code-point/-/is-fullwidth-code-point-3.0.0.tgz. Extracting by manifest.
1275 silly tarball no local data for is-interactive@https://registry.npmjs.org/is-interactive/-/is-interactive-1.0.0.tgz. Extracting by manifest.
1276 silly tarball no local data for is-file-esm@https://registry.npmjs.org/is-file-esm/-/is-file-esm-1.0.0.tgz. Extracting by manifest.
1277 silly tarball no local data for is-extglob@https://registry.npmjs.org/is-extglob/-/is-extglob-2.1.1.tgz. Extracting by manifest.
1278 silly tarball no local data for is-docker@https://registry.npmjs.org/is-docker/-/is-docker-2.2.1.tgz. Extracting by manifest.
1279 silly tarball no local data for is-core-module@https://registry.npmjs.org/is-core-module/-/is-core-module-2.16.1.tgz. Extracting by manifest.
1280 silly tarball no local data for is-binary-path@https://registry.npmjs.org/is-binary-path/-/is-binary-path-2.1.0.tgz. Extracting by manifest.
1281 silly tarball no local data for is-arrayish@https://registry.npmjs.org/is-arrayish/-/is-arrayish-0.2.1.tgz. Extracting by manifest.
1282 silly tarball no local data for is-ci@https://registry.npmjs.org/is-ci/-/is-ci-1.2.1.tgz. Extracting by manifest.
1283 silly tarball no local data for inherits@https://registry.npmjs.org/inherits/-/inherits-2.0.4.tgz. Extracting by manifest.
1284 silly tarball no local data for ipaddr.js@https://registry.npmjs.org/ipaddr.js/-/ipaddr.js-2.3.0.tgz. Extracting by manifest.
1285 silly tarball no local data for import-fresh@https://registry.npmjs.org/import-fresh/-/import-fresh-3.3.1.tgz. Extracting by manifest.
1286 silly tarball no local data for imurmurhash@https://registry.npmjs.org/imurmurhash/-/imurmurhash-0.1.4.tgz. Extracting by manifest.
1287 silly tarball no local data for inflight@https://registry.npmjs.org/inflight/-/inflight-1.0.6.tgz. Extracting by manifest.
1288 silly tarball no local data for ignore@https://registry.npmjs.org/ignore/-/ignore-4.0.6.tgz. Extracting by manifest.
1289 silly tarball no local data for ieee754@https://registry.npmjs.org/ieee754/-/ieee754-1.2.1.tgz. Extracting by manifest.
1290 silly tarball no local data for icss-utils@https://registry.npmjs.org/icss-utils/-/icss-utils-5.1.0.tgz. Extracting by manifest.
1291 silly tarball no local data for human-signals@https://registry.npmjs.org/human-signals/-/human-signals-2.1.0.tgz. Extracting by manifest.
1292 silly tarball no local data for http-proxy@https://registry.npmjs.org/http-proxy/-/http-proxy-1.18.1.tgz. Extracting by manifest.
1293 silly tarball no local data for http-parser-js@https://registry.npmjs.org/http-parser-js/-/http-parser-js-0.5.10.tgz. Extracting by manifest.
1294 silly tarball no local data for iconv-lite@https://registry.npmjs.org/iconv-lite/-/iconv-lite-0.4.24.tgz. Extracting by manifest.
1295 silly tarball no local data for http-errors@https://registry.npmjs.org/http-errors/-/http-errors-2.0.1.tgz. Extracting by manifest.
1296 silly tarball no local data for http-proxy-middleware@https://registry.npmjs.org/http-proxy-middleware/-/http-proxy-middleware-2.0.9.tgz. Extracting by manifest.
1297 silly tarball no local data for htmlparser2@https://registry.npmjs.org/htmlparser2/-/htmlparser2-6.1.0.tgz. Extracting by manifest.
1298 silly tarball no local data for html-tags@https://registry.npmjs.org/html-tags/-/html-tags-2.0.0.tgz. Extracting by manifest.
1299 silly tarball no local data for http-deceiver@https://registry.npmjs.org/http-deceiver/-/http-deceiver-1.2.7.tgz. Extracting by manifest.
1300 silly tarball no local data for html-webpack-plugin@https://registry.npmjs.org/html-webpack-plugin/-/html-webpack-plugin-5.6.6.tgz. Extracting by manifest.
1301 silly tarball no local data for html-escaper@https://registry.npmjs.org/html-escaper/-/html-escaper-2.0.2.tgz. Extracting by manifest.
1302 silly tarball no local data for html-minifier-terser@https://registry.npmjs.org/html-minifier-terser/-/html-minifier-terser-6.1.0.tgz. Extracting by manifest.
1303 silly tarball no local data for hosted-git-info@https://registry.npmjs.org/hosted-git-info/-/hosted-git-info-2.8.9.tgz. Extracting by manifest.
1304 silly tarball no local data for highlight.js@https://registry.npmjs.org/highlight.js/-/highlight.js-10.7.3.tgz. Extracting by manifest.
1305 silly tarball no local data for hpack.js@https://registry.npmjs.org/hpack.js/-/hpack.js-2.1.6.tgz. Extracting by manifest.
1306 silly tarball no local data for he@https://registry.npmjs.org/he/-/he-1.2.0.tgz. Extracting by manifest.
1307 silly tarball no local data for html-entities@https://registry.npmjs.org/html-entities/-/html-entities-2.6.0.tgz. Extracting by manifest.
1308 silly tarball no local data for hookable@https://registry.npmjs.org/hookable/-/hookable-5.5.3.tgz. Extracting by manifest.
1309 silly tarball no local data for has-tostringtag@https://registry.npmjs.org/has-tostringtag/-/has-tostringtag-1.0.2.tgz. Extracting by manifest.
1310 silly tarball no local data for hash-sum@https://registry.npmjs.org/hash-sum/-/hash-sum-2.0.0.tgz. Extracting by manifest.
1311 silly tarball no local data for hasown@https://registry.npmjs.org/hasown/-/hasown-2.0.2.tgz. Extracting by manifest.
1312 silly tarball no local data for has-property-descriptors@https://registry.npmjs.org/has-property-descriptors/-/has-property-descriptors-1.0.2.tgz. Extracting by manifest.
1313 silly tarball no local data for has-symbols@https://registry.npmjs.org/has-symbols/-/has-symbols-1.1.0.tgz. Extracting by manifest.
1314 silly tarball no local data for has-flag@https://registry.npmjs.org/has-flag/-/has-flag-4.0.0.tgz. Extracting by manifest.
1315 silly tarball no local data for handle-thing@https://registry.npmjs.org/handle-thing/-/handle-thing-2.0.1.tgz. Extracting by manifest.
1316 silly tarball no local data for globals@https://registry.npmjs.org/globals/-/globals-13.24.0.tgz. Extracting by manifest.
1317 silly tarball no local data for gopd@https://registry.npmjs.org/gopd/-/gopd-1.2.0.tgz. Extracting by manifest.
1318 silly tarball no local data for globby@https://registry.npmjs.org/globby/-/globby-11.1.0.tgz. Extracting by manifest.
1319 silly tarball no local data for gzip-size@https://registry.npmjs.org/gzip-size/-/gzip-size-6.0.0.tgz. Extracting by manifest.
1320 silly tarball no local data for glob-parent@https://registry.npmjs.org/glob-parent/-/glob-parent-6.0.2.tgz. Extracting by manifest.
1321 silly tarball no local data for graceful-fs@https://registry.npmjs.org/graceful-fs/-/graceful-fs-4.2.11.tgz. Extracting by manifest.
1322 silly tarball no local data for glob-to-regexp@https://registry.npmjs.org/glob-to-regexp/-/glob-to-regexp-0.4.1.tgz. Extracting by manifest.
1323 silly tarball no local data for glob@https://registry.npmjs.org/glob/-/glob-7.2.3.tgz. Extracting by manifest.
1324 silly tarball no local data for get-proto@https://registry.npmjs.org/get-proto/-/get-proto-1.0.1.tgz. Extracting by manifest.
1325 silly tarball no local data for get-intrinsic@https://registry.npmjs.org/get-intrinsic/-/get-intrinsic-1.3.0.tgz. Extracting by manifest.
1326 silly tarball no local data for get-caller-file@https://registry.npmjs.org/get-caller-file/-/get-caller-file-2.0.5.tgz. Extracting by manifest.
1327 silly tarball no local data for get-stream@https://registry.npmjs.org/get-stream/-/get-stream-4.1.0.tgz. Extracting by manifest.
1328 silly tarball no local data for gensync@https://registry.npmjs.org/gensync/-/gensync-1.0.0-beta.2.tgz. Extracting by manifest.
1329 silly tarball no local data for function-bind@https://registry.npmjs.org/function-bind/-/function-bind-1.1.2.tgz. Extracting by manifest.
1330 silly tarball no local data for fs-monkey@https://registry.npmjs.org/fs-monkey/-/fs-monkey-1.1.0.tgz. Extracting by manifest.
1331 silly tarball no local data for fresh@https://registry.npmjs.org/fresh/-/fresh-0.5.2.tgz. Extracting by manifest.
1332 silly tarball no local data for functional-red-black-tree@https://registry.npmjs.org/functional-red-black-tree/-/functional-red-black-tree-1.0.1.tgz. Extracting by manifest.
1333 silly tarball no local data for forwarded@https://registry.npmjs.org/forwarded/-/forwarded-0.2.0.tgz. Extracting by manifest.
1334 silly tarball no local data for fs-extra@https://registry.npmjs.org/fs-extra/-/fs-extra-9.1.0.tgz. Extracting by manifest.
1335 silly tarball no local data for follow-redirects@https://registry.npmjs.org/follow-redirects/-/follow-redirects-1.15.11.tgz. Extracting by manifest.
1336 silly tarball no local data for fs.realpath@https://registry.npmjs.org/fs.realpath/-/fs.realpath-1.0.0.tgz. Extracting by manifest.
1337 silly tarball no local data for flatted@https://registry.npmjs.org/flatted/-/flatted-3.3.3.tgz. Extracting by manifest.
1338 silly tarball no local data for fraction.js@https://registry.npmjs.org/fraction.js/-/fraction.js-5.3.4.tgz. Extracting by manifest.
1339 silly tarball no local data for form-data@https://registry.npmjs.org/form-data/-/form-data-4.0.5.tgz. Extracting by manifest.
1340 silly tarball no local data for flat@https://registry.npmjs.org/flat/-/flat-5.0.2.tgz. Extracting by manifest.
1341 silly tarball no local data for flat-cache@https://registry.npmjs.org/flat-cache/-/flat-cache-3.2.0.tgz. Extracting by manifest.
1342 silly tarball no local data for finalhandler@https://registry.npmjs.org/finalhandler/-/finalhandler-1.3.2.tgz. Extracting by manifest.
1343 silly tarball no local data for find-up@https://registry.npmjs.org/find-up/-/find-up-4.1.0.tgz. Extracting by manifest.
1344 silly tarball no local data for fill-range@https://registry.npmjs.org/fill-range/-/fill-range-7.1.1.tgz. Extracting by manifest.
1345 silly tarball no local data for file-entry-cache@https://registry.npmjs.org/file-entry-cache/-/file-entry-cache-6.0.1.tgz. Extracting by manifest.
1346 silly tarball no local data for figures@https://registry.npmjs.org/figures/-/figures-2.0.0.tgz. Extracting by manifest.
1347 silly tarball no local data for faye-websocket@https://registry.npmjs.org/faye-websocket/-/faye-websocket-0.11.4.tgz. Extracting by manifest.
1348 silly tarball no local data for fast-json-stable-stringify@https://registry.npmjs.org/fast-json-stable-stringify/-/fast-json-stable-stringify-2.1.0.tgz. Extracting by manifest.
1349 silly tarball no local data for find-cache-dir@https://registry.npmjs.org/find-cache-dir/-/find-cache-dir-3.3.2.tgz. Extracting by manifest.
1350 silly tarball no local data for fastq@https://registry.npmjs.org/fastq/-/fastq-1.20.1.tgz. Extracting by manifest.
1351 silly tarball no local data for fast-uri@https://registry.npmjs.org/fast-uri/-/fast-uri-3.1.0.tgz. Extracting by manifest.
1352 silly tarball no local data for fast-levenshtein@https://registry.npmjs.org/fast-levenshtein/-/fast-levenshtein-2.0.6.tgz. Extracting by manifest.
1353 silly tarball no local data for fast-glob@https://registry.npmjs.org/fast-glob/-/fast-glob-3.3.3.tgz. Extracting by manifest.
1354 silly tarball no local data for execa@https://registry.npmjs.org/execa/-/execa-1.0.0.tgz. Extracting by manifest.
1355 silly tarball no local data for fast-deep-equal@https://registry.npmjs.org/fast-deep-equal/-/fast-deep-equal-3.1.3.tgz. Extracting by manifest.
1356 silly tarball no local data for express@https://registry.npmjs.org/express/-/express-4.22.1.tgz. Extracting by manifest.
1357 silly tarball no local data for events@https://registry.npmjs.org/events/-/events-3.3.0.tgz. Extracting by manifest.
1358 silly tarball no local data for eventemitter3@https://registry.npmjs.org/eventemitter3/-/eventemitter3-4.0.7.tgz. Extracting by manifest.
1359 silly tarball no local data for estraverse@https://registry.npmjs.org/estraverse/-/estraverse-4.3.0.tgz. Extracting by manifest.
1360 silly tarball no local data for estree-walker@https://registry.npmjs.org/estree-walker/-/estree-walker-2.0.2.tgz. Extracting by manifest.
1361 silly tarball no local data for etag@https://registry.npmjs.org/etag/-/etag-1.8.1.tgz. Extracting by manifest.
1362 silly tarball no local data for esutils@https://registry.npmjs.org/esutils/-/esutils-2.0.3.tgz. Extracting by manifest.
1363 silly tarball no local data for esrecurse@https://registry.npmjs.org/esrecurse/-/esrecurse-4.3.0.tgz. Extracting by manifest.
1364 silly tarball no local data for eslint-webpack-plugin@https://registry.npmjs.org/eslint-webpack-plugin/-/eslint-webpack-plugin-3.2.0.tgz. Extracting by manifest.
1365 silly tarball no local data for event-pubsub@https://registry.npmjs.org/event-pubsub/-/event-pubsub-4.3.0.tgz. Extracting by manifest.
1366 silly tarball no local data for espree@https://registry.npmjs.org/espree/-/espree-7.3.1.tgz. Extracting by manifest.
1367 silly tarball no local data for esquery@https://registry.npmjs.org/esquery/-/esquery-1.7.0.tgz. Extracting by manifest.
1368 silly tarball no local data for esprima@https://registry.npmjs.org/esprima/-/esprima-4.0.1.tgz. Extracting by manifest.
1369 silly tarball no local data for eslint-utils@https://registry.npmjs.org/eslint-utils/-/eslint-utils-2.1.0.tgz. Extracting by manifest.
1370 silly tarball no local data for eslint-visitor-keys@https://registry.npmjs.org/eslint-visitor-keys/-/eslint-visitor-keys-2.1.0.tgz. Extracting by manifest.
1371 silly tarball no local data for escape-string-regexp@https://registry.npmjs.org/escape-string-regexp/-/escape-string-regexp-4.0.0.tgz. Extracting by manifest.
1372 silly tarball no local data for eslint-scope@https://registry.npmjs.org/eslint-scope/-/eslint-scope-5.1.1.tgz. Extracting by manifest.
1373 silly tarball no local data for eslint-plugin-vue@https://registry.npmjs.org/eslint-plugin-vue/-/eslint-plugin-vue-8.7.1.tgz. Extracting by manifest.
1374 silly tarball no local data for escalade@https://registry.npmjs.org/escalade/-/escalade-3.2.0.tgz. Extracting by manifest.
1375 silly tarball no local data for eslint@https://registry.npmjs.org/eslint/-/eslint-7.32.0.tgz. Extracting by manifest.
1376 silly tarball no local data for es-set-tostringtag@https://registry.npmjs.org/es-set-tostringtag/-/es-set-tostringtag-2.1.0.tgz. Extracting by manifest.
1377 silly tarball no local data for es-module-lexer@https://registry.npmjs.org/es-module-lexer/-/es-module-lexer-2.0.0.tgz. Extracting by manifest.
1378 silly tarball no local data for es-object-atoms@https://registry.npmjs.org/es-object-atoms/-/es-object-atoms-1.1.1.tgz. Extracting by manifest.
1379 silly tarball no local data for escape-html@https://registry.npmjs.org/escape-html/-/escape-html-1.0.3.tgz. Extracting by manifest.
1380 silly tarball no local data for error-stack-parser@https://registry.npmjs.org/error-stack-parser/-/error-stack-parser-2.1.4.tgz. Extracting by manifest.
1381 silly tarball no local data for es-errors@https://registry.npmjs.org/es-errors/-/es-errors-1.3.0.tgz. Extracting by manifest.
1382 silly tarball no local data for enquirer@https://registry.npmjs.org/enquirer/-/enquirer-2.4.1.tgz. Extracting by manifest.
1383 silly tarball no local data for es-define-property@https://registry.npmjs.org/es-define-property/-/es-define-property-1.0.1.tgz. Extracting by manifest.
1384 silly tarball no local data for end-of-stream@https://registry.npmjs.org/end-of-stream/-/end-of-stream-1.4.5.tgz. Extracting by manifest.
1385 silly tarball no local data for error-ex@https://registry.npmjs.org/error-ex/-/error-ex-1.3.4.tgz. Extracting by manifest.
1386 silly tarball no local data for entities@https://registry.npmjs.org/entities/-/entities-7.0.1.tgz. Extracting by manifest.
1387 silly tarball no local data for emojis-list@https://registry.npmjs.org/emojis-list/-/emojis-list-3.0.0.tgz. Extracting by manifest.
1388 silly tarball no local data for ee-first@https://registry.npmjs.org/ee-first/-/ee-first-1.1.1.tgz. Extracting by manifest.
1389 silly tarball no local data for encodeurl@https://registry.npmjs.org/encodeurl/-/encodeurl-2.0.0.tgz. Extracting by manifest.
1390 silly tarball no local data for easy-stack@https://registry.npmjs.org/easy-stack/-/easy-stack-1.0.1.tgz. Extracting by manifest.
1391 silly tarball no local data for emoji-regex@https://registry.npmjs.org/emoji-regex/-/emoji-regex-8.0.0.tgz. Extracting by manifest.
1392 silly tarball no local data for enhanced-resolve@https://registry.npmjs.org/enhanced-resolve/-/enhanced-resolve-5.19.0.tgz. Extracting by manifest.
1393 silly tarball no local data for duplexer@https://registry.npmjs.org/duplexer/-/duplexer-0.1.2.tgz. Extracting by manifest.
1394 silly tarball no local data for dunder-proto@https://registry.npmjs.org/dunder-proto/-/dunder-proto-1.0.1.tgz. Extracting by manifest.
1395 silly tarball no local data for electron-to-chromium@https://registry.npmjs.org/electron-to-chromium/-/electron-to-chromium-1.5.286.tgz. Extracting by manifest.
1396 silly tarball no local data for dotenv-expand@https://registry.npmjs.org/dotenv-expand/-/dotenv-expand-5.1.0.tgz. Extracting by manifest.
1397 silly tarball no local data for dot-case@https://registry.npmjs.org/dot-case/-/dot-case-3.0.4.tgz. Extracting by manifest.
1398 silly tarball no local data for dotenv@https://registry.npmjs.org/dotenv/-/dotenv-10.0.0.tgz. Extracting by manifest.
1399 silly tarball no local data for domutils@https://registry.npmjs.org/domutils/-/domutils-2.8.0.tgz. Extracting by manifest.
1400 silly tarball no local data for domhandler@https://registry.npmjs.org/domhandler/-/domhandler-4.3.1.tgz. Extracting by manifest.
1401 silly tarball no local data for dom-serializer@https://registry.npmjs.org/dom-serializer/-/dom-serializer-1.4.1.tgz. Extracting by manifest.
1402 silly tarball no local data for doctrine@https://registry.npmjs.org/doctrine/-/doctrine-3.0.0.tgz. Extracting by manifest.
1403 silly tarball no local data for domelementtype@https://registry.npmjs.org/domelementtype/-/domelementtype-2.3.0.tgz. Extracting by manifest.
1404 silly tarball no local data for dns-packet@https://registry.npmjs.org/dns-packet/-/dns-packet-5.6.1.tgz. Extracting by manifest.
1405 silly tarball no local data for dom-converter@https://registry.npmjs.org/dom-converter/-/dom-converter-0.2.0.tgz. Extracting by manifest.
1406 silly tarball no local data for delayed-stream@https://registry.npmjs.org/delayed-stream/-/delayed-stream-1.0.0.tgz. Extracting by manifest.
1407 silly tarball no local data for detect-node@https://registry.npmjs.org/detect-node/-/detect-node-2.1.0.tgz. Extracting by manifest.
1408 silly tarball no local data for dir-glob@https://registry.npmjs.org/dir-glob/-/dir-glob-3.0.1.tgz. Extracting by manifest.
1409 silly tarball no local data for depd@https://registry.npmjs.org/depd/-/depd-2.0.0.tgz. Extracting by manifest.
1410 silly tarball no local data for define-properties@https://registry.npmjs.org/define-properties/-/define-properties-1.2.1.tgz. Extracting by manifest.
1411 silly tarball no local data for destroy@https://registry.npmjs.org/destroy/-/destroy-1.2.0.tgz. Extracting by manifest.
1412 silly tarball no local data for defaults@https://registry.npmjs.org/defaults/-/defaults-1.0.4.tgz. Extracting by manifest.
1413 silly tarball no local data for define-lazy-prop@https://registry.npmjs.org/define-lazy-prop/-/define-lazy-prop-2.0.0.tgz. Extracting by manifest.
1414 silly tarball no local data for deepmerge@https://registry.npmjs.org/deepmerge/-/deepmerge-1.5.2.tgz. Extracting by manifest.
1415 silly tarball no local data for define-data-property@https://registry.npmjs.org/define-data-property/-/define-data-property-1.1.4.tgz. Extracting by manifest.
1416 silly tarball no local data for debounce@https://registry.npmjs.org/debounce/-/debounce-1.2.1.tgz. Extracting by manifest.
1417 silly tarball no local data for default-gateway@https://registry.npmjs.org/default-gateway/-/default-gateway-6.0.3.tgz. Extracting by manifest.
1418 silly tarball no local data for deep-is@https://registry.npmjs.org/deep-is/-/deep-is-0.1.4.tgz. Extracting by manifest.
1419 silly tarball no local data for debug@https://registry.npmjs.org/debug/-/debug-4.4.3.tgz. Extracting by manifest.
1420 silly tarball no local data for csso@https://registry.npmjs.org/csso/-/csso-4.2.0.tgz. Extracting by manifest.
1421 silly tarball no local data for csstype@https://registry.npmjs.org/csstype/-/csstype-3.2.3.tgz. Extracting by manifest.
1422 silly tarball no local data for cssnano-utils@https://registry.npmjs.org/cssnano-utils/-/cssnano-utils-3.1.0.tgz. Extracting by manifest.
1423 silly tarball no local data for cssnano-preset-default@https://registry.npmjs.org/cssnano-preset-default/-/cssnano-preset-default-5.2.14.tgz. Extracting by manifest.
1424 silly tarball no local data for cssnano@https://registry.npmjs.org/cssnano/-/cssnano-5.1.15.tgz. Extracting by manifest.
1425 silly tarball no local data for cssesc@https://registry.npmjs.org/cssesc/-/cssesc-3.0.0.tgz. Extracting by manifest.
1426 silly tarball no local data for css-what@https://registry.npmjs.org/css-what/-/css-what-6.2.2.tgz. Extracting by manifest.
1427 silly tarball no local data for css-minimizer-webpack-plugin@https://registry.npmjs.org/css-minimizer-webpack-plugin/-/css-minimizer-webpack-plugin-3.4.1.tgz. Extracting by manifest.
1428 silly tarball no local data for css-tree@https://registry.npmjs.org/css-tree/-/css-tree-1.1.3.tgz. Extracting by manifest.
1429 silly tarball no local data for cross-spawn@https://registry.npmjs.org/cross-spawn/-/cross-spawn-7.0.6.tgz. Extracting by manifest.
1430 silly tarball no local data for css-select@https://registry.npmjs.org/css-select/-/css-select-4.3.0.tgz. Extracting by manifest.
1431 silly tarball no local data for css-declaration-sorter@https://registry.npmjs.org/css-declaration-sorter/-/css-declaration-sorter-6.4.1.tgz. Extracting by manifest.
1432 silly tarball no local data for cosmiconfig@https://registry.npmjs.org/cosmiconfig/-/cosmiconfig-7.1.0.tgz. Extracting by manifest.
1433 silly tarball no local data for css-loader@https://registry.npmjs.org/css-loader/-/css-loader-6.11.0.tgz. Extracting by manifest.
1434 silly tarball no local data for core-util-is@https://registry.npmjs.org/core-util-is/-/core-util-is-1.0.3.tgz. Extracting by manifest.
1435 silly tarball no local data for core-js-compat@https://registry.npmjs.org/core-js-compat/-/core-js-compat-3.48.0.tgz. Extracting by manifest.
1436 silly tarball no local data for copy-webpack-plugin@https://registry.npmjs.org/copy-webpack-plugin/-/copy-webpack-plugin-9.1.0.tgz. Extracting by manifest.
1437 silly tarball no local data for core-js@https://registry.npmjs.org/core-js/-/core-js-3.48.0.tgz. Extracting by manifest.
1438 silly tarball no local data for copy-anything@https://registry.npmjs.org/copy-anything/-/copy-anything-4.0.5.tgz. Extracting by manifest.
1439 silly tarball no local data for cookie-signature@https://registry.npmjs.org/cookie-signature/-/cookie-signature-1.0.7.tgz. Extracting by manifest.
1440 silly tarball no local data for cookie@https://registry.npmjs.org/cookie/-/cookie-0.7.2.tgz. Extracting by manifest.
1441 silly tarball no local data for content-disposition@https://registry.npmjs.org/content-disposition/-/content-disposition-0.5.4.tgz. Extracting by manifest.
1442 silly tarball no local data for convert-source-map@https://registry.npmjs.org/convert-source-map/-/convert-source-map-2.0.0.tgz. Extracting by manifest.
1443 silly tarball no local data for content-type@https://registry.npmjs.org/content-type/-/content-type-1.0.5.tgz. Extracting by manifest.
1444 silly tarball no local data for connect-history-api-fallback@https://registry.npmjs.org/connect-history-api-fallback/-/connect-history-api-fallback-2.0.0.tgz. Extracting by manifest.
1445 silly tarball no local data for consolidate@https://registry.npmjs.org/consolidate/-/consolidate-0.15.1.tgz. Extracting by manifest.
1446 silly tarball no local data for concat-map@https://registry.npmjs.org/concat-map/-/concat-map-0.0.1.tgz. Extracting by manifest.
1447 silly tarball no local data for compressible@https://registry.npmjs.org/compressible/-/compressible-2.0.18.tgz. Extracting by manifest.
1448 silly tarball no local data for compression@https://registry.npmjs.org/compression/-/compression-1.8.1.tgz. Extracting by manifest.
1449 silly tarball no local data for commander@https://registry.npmjs.org/commander/-/commander-8.3.0.tgz. Extracting by manifest.
1450 silly tarball no local data for colorette@https://registry.npmjs.org/colorette/-/colorette-2.0.20.tgz. Extracting by manifest.
1451 silly tarball no local data for combined-stream@https://registry.npmjs.org/combined-stream/-/combined-stream-1.0.8.tgz. Extracting by manifest.
1452 silly tarball no local data for colord@https://registry.npmjs.org/colord/-/colord-2.9.3.tgz. Extracting by manifest.
1453 silly tarball no local data for color-convert@https://registry.npmjs.org/color-convert/-/color-convert-2.0.1.tgz. Extracting by manifest.
1454 silly tarball no local data for color-name@https://registry.npmjs.org/color-name/-/color-name-1.1.4.tgz. Extracting by manifest.
1455 silly tarball no local data for clone-deep@https://registry.npmjs.org/clone-deep/-/clone-deep-4.0.1.tgz. Extracting by manifest.
1456 silly tarball no local data for cliui@https://registry.npmjs.org/cliui/-/cliui-7.0.4.tgz. Extracting by manifest.
1457 silly tarball no local data for commondir@https://registry.npmjs.org/commondir/-/commondir-1.0.1.tgz. Extracting by manifest.
1458 silly tarball no local data for clone@https://registry.npmjs.org/clone/-/clone-1.0.4.tgz. Extracting by manifest.
1459 silly tarball no local data for cli-spinners@https://registry.npmjs.org/cli-spinners/-/cli-spinners-2.9.2.tgz. Extracting by manifest.
1460 silly tarball no local data for cli-highlight@https://registry.npmjs.org/cli-highlight/-/cli-highlight-2.1.11.tgz. Extracting by manifest.
1461 silly tarball no local data for cli-cursor@https://registry.npmjs.org/cli-cursor/-/cli-cursor-3.1.0.tgz. Extracting by manifest.
1462 silly tarball no local data for ci-info@https://registry.npmjs.org/ci-info/-/ci-info-1.6.0.tgz. Extracting by manifest.
1463 silly tarball no local data for clipboardy@https://registry.npmjs.org/clipboardy/-/clipboardy-2.3.0.tgz. Extracting by manifest.
1464 silly tarball no local data for clean-css@https://registry.npmjs.org/clean-css/-/clean-css-5.3.3.tgz. Extracting by manifest.
1465 silly tarball no local data for chalk@https://registry.npmjs.org/chalk/-/chalk-3.0.0.tgz. Extracting by manifest.
1466 silly tarball no local data for caniuse-lite@https://registry.npmjs.org/caniuse-lite/-/caniuse-lite-1.0.30001769.tgz. Extracting by manifest.
1467 silly tarball no local data for case-sensitive-paths-webpack-plugin@https://registry.npmjs.org/case-sensitive-paths-webpack-plugin/-/case-sensitive-paths-webpack-plugin-2.4.0.tgz. Extracting by manifest.
1468 silly tarball no local data for chokidar@https://registry.npmjs.org/chokidar/-/chokidar-3.6.0.tgz. Extracting by manifest.
1469 silly tarball no local data for caniuse-api@https://registry.npmjs.org/caniuse-api/-/caniuse-api-3.0.0.tgz. Extracting by manifest.
1470 silly tarball no local data for chrome-trace-event@https://registry.npmjs.org/chrome-trace-event/-/chrome-trace-event-1.0.4.tgz. Extracting by manifest.
1471 silly tarball no local data for camelcase@https://registry.npmjs.org/camelcase/-/camelcase-5.3.1.tgz. Extracting by manifest.
1472 silly tarball no local data for callsites@https://registry.npmjs.org/callsites/-/callsites-3.1.0.tgz. Extracting by manifest.
1473 silly tarball no local data for camel-case@https://registry.npmjs.org/camel-case/-/camel-case-4.1.2.tgz. Extracting by manifest.
1474 silly tarball no local data for call-bind@https://registry.npmjs.org/call-bind/-/call-bind-1.0.8.tgz. Extracting by manifest.
1475 silly tarball no local data for call-bind-apply-helpers@https://registry.npmjs.org/call-bind-apply-helpers/-/call-bind-apply-helpers-1.0.2.tgz. Extracting by manifest.
1476 silly tarball no local data for buffer-from@https://registry.npmjs.org/buffer-from/-/buffer-from-1.1.2.tgz. Extracting by manifest.
1477 silly tarball no local data for buffer@https://registry.npmjs.org/buffer/-/buffer-5.7.1.tgz. Extracting by manifest.
1478 silly tarball no local data for bytes@https://registry.npmjs.org/bytes/-/bytes-3.1.2.tgz. Extracting by manifest.
1479 silly tarball no local data for browserslist@https://registry.npmjs.org/browserslist/-/browserslist-4.28.1.tgz. Extracting by manifest.
1480 silly tarball no local data for braces@https://registry.npmjs.org/braces/-/braces-3.0.3.tgz. Extracting by manifest.
1481 silly tarball no local data for call-bound@https://registry.npmjs.org/call-bound/-/call-bound-1.0.4.tgz. Extracting by manifest.
1482 silly tarball no local data for bonjour-service@https://registry.npmjs.org/bonjour-service/-/bonjour-service-1.3.0.tgz. Extracting by manifest.
1483 silly tarball no local data for boolbase@https://registry.npmjs.org/boolbase/-/boolbase-1.0.0.tgz. Extracting by manifest.
1484 silly tarball no local data for bluebird@https://registry.npmjs.org/bluebird/-/bluebird-3.7.2.tgz. Extracting by manifest.
1485 silly tarball no local data for bl@https://registry.npmjs.org/bl/-/bl-4.1.0.tgz. Extracting by manifest.
1486 silly tarball no local data for birpc@https://registry.npmjs.org/birpc/-/birpc-2.9.0.tgz. Extracting by manifest.
1487 silly tarball no local data for binary-extensions@https://registry.npmjs.org/binary-extensions/-/binary-extensions-2.3.0.tgz. Extracting by manifest.
1488 silly tarball no local data for body-parser@https://registry.npmjs.org/body-parser/-/body-parser-1.20.4.tgz. Extracting by manifest.
1489 silly tarball no local data for brace-expansion@https://registry.npmjs.org/brace-expansion/-/brace-expansion-1.1.12.tgz. Extracting by manifest.
1490 silly tarball no local data for big.js@https://registry.npmjs.org/big.js/-/big.js-5.2.2.tgz. Extracting by manifest.
1491 silly tarball no local data for batch@https://registry.npmjs.org/batch/-/batch-0.6.1.tgz. Extracting by manifest.
1492 silly tarball no local data for babel-plugin-polyfill-regenerator@https://registry.npmjs.org/babel-plugin-polyfill-regenerator/-/babel-plugin-polyfill-regenerator-0.6.6.tgz. Extracting by manifest.
1493 silly tarball no local data for base64-js@https://registry.npmjs.org/base64-js/-/base64-js-1.5.1.tgz. Extracting by manifest.
1494 silly tarball no local data for baseline-browser-mapping@https://registry.npmjs.org/baseline-browser-mapping/-/baseline-browser-mapping-2.9.19.tgz. Extracting by manifest.
1495 silly tarball no local data for babel-plugin-polyfill-corejs2@https://registry.npmjs.org/babel-plugin-polyfill-corejs2/-/babel-plugin-polyfill-corejs2-0.4.15.tgz. Extracting by manifest.
1496 silly tarball no local data for balanced-match@https://registry.npmjs.org/balanced-match/-/balanced-match-1.0.2.tgz. Extracting by manifest.
1497 silly tarball no local data for babel-plugin-dynamic-import-node@https://registry.npmjs.org/babel-plugin-dynamic-import-node/-/babel-plugin-dynamic-import-node-2.3.3.tgz. Extracting by manifest.
1498 silly tarball no local data for autoprefixer@https://registry.npmjs.org/autoprefixer/-/autoprefixer-10.4.24.tgz. Extracting by manifest.
1499 silly tarball no local data for babel-loader@https://registry.npmjs.org/babel-loader/-/babel-loader-8.4.1.tgz. Extracting by manifest.
1500 silly tarball no local data for babel-plugin-polyfill-corejs3@https://registry.npmjs.org/babel-plugin-polyfill-corejs3/-/babel-plugin-polyfill-corejs3-0.13.0.tgz. Extracting by manifest.
1501 silly tarball no local data for asynckit@https://registry.npmjs.org/asynckit/-/asynckit-0.4.0.tgz. Extracting by manifest.
1502 silly tarball no local data for array-union@https://registry.npmjs.org/array-union/-/array-union-2.1.0.tgz. Extracting by manifest.
1503 silly tarball no local data for axios@https://registry.npmjs.org/axios/-/axios-1.13.5.tgz. Extracting by manifest.
1504 silly tarball no local data for async@https://registry.npmjs.org/async/-/async-3.2.6.tgz. Extracting by manifest.
1505 silly tarball no local data for array-flatten@https://registry.npmjs.org/array-flatten/-/array-flatten-1.1.1.tgz. Extracting by manifest.
1506 silly tarball no local data for arch@https://registry.npmjs.org/arch/-/arch-2.2.0.tgz. Extracting by manifest.
1507 silly tarball no local data for at-least-node@https://registry.npmjs.org/at-least-node/-/at-least-node-1.0.0.tgz. Extracting by manifest.
1508 silly tarball no local data for any-promise@https://registry.npmjs.org/any-promise/-/any-promise-1.3.0.tgz. Extracting by manifest.
1509 silly tarball no local data for argparse@https://registry.npmjs.org/argparse/-/argparse-1.0.10.tgz. Extracting by manifest.
1510 silly tarball no local data for astral-regex@https://registry.npmjs.org/astral-regex/-/astral-regex-2.0.0.tgz. Extracting by manifest.
1511 silly tarball no local data for ansi-regex@https://registry.npmjs.org/ansi-regex/-/ansi-regex-5.0.1.tgz. Extracting by manifest.
1512 silly tarball no local data for ansi-html-community@https://registry.npmjs.org/ansi-html-community/-/ansi-html-community-0.0.8.tgz. Extracting by manifest.
1513 silly tarball no local data for ansi-escapes@https://registry.npmjs.org/ansi-escapes/-/ansi-escapes-3.2.0.tgz. Extracting by manifest.
1514 silly tarball no local data for anymatch@https://registry.npmjs.org/anymatch/-/anymatch-3.1.3.tgz. Extracting by manifest.
1515 silly tarball no local data for ansi-styles@https://registry.npmjs.org/ansi-styles/-/ansi-styles-4.3.0.tgz. Extracting by manifest.
1516 silly tarball no local data for ansi-colors@https://registry.npmjs.org/ansi-colors/-/ansi-colors-4.1.3.tgz. Extracting by manifest.
1517 silly tarball no local data for ajv-keywords@https://registry.npmjs.org/ajv-keywords/-/ajv-keywords-3.5.2.tgz. Extracting by manifest.
1518 silly tarball no local data for ajv@https://registry.npmjs.org/ajv/-/ajv-6.12.6.tgz. Extracting by manifest.
1519 silly tarball no local data for ajv-formats@https://registry.npmjs.org/ajv-formats/-/ajv-formats-2.1.1.tgz. Extracting by manifest.
1520 silly tarball no local data for acorn-walk@https://registry.npmjs.org/acorn-walk/-/acorn-walk-8.3.4.tgz. Extracting by manifest.
1521 silly tarball no local data for address@https://registry.npmjs.org/address/-/address-1.2.2.tgz. Extracting by manifest.
1522 silly tarball no local data for acorn@https://registry.npmjs.org/acorn/-/acorn-8.15.0.tgz. Extracting by manifest.
1523 silly tarball no local data for @xtuc/long@https://registry.npmjs.org/@xtuc/long/-/long-4.2.2.tgz. Extracting by manifest.
1524 silly tarball no local data for accepts@https://registry.npmjs.org/accepts/-/accepts-1.3.8.tgz. Extracting by manifest.
1525 silly tarball no local data for acorn-import-phases@https://registry.npmjs.org/acorn-import-phases/-/acorn-import-phases-1.0.4.tgz. Extracting by manifest.
1526 silly tarball no local data for @xtuc/ieee754@https://registry.npmjs.org/@xtuc/ieee754/-/ieee754-1.2.0.tgz. Extracting by manifest.
1527 silly tarball no local data for acorn-jsx@https://registry.npmjs.org/acorn-jsx/-/acorn-jsx-5.3.2.tgz. Extracting by manifest.
1528 silly tarball no local data for @webassemblyjs/wast-printer@https://registry.npmjs.org/@webassemblyjs/wast-printer/-/wast-printer-1.14.1.tgz. Extracting by manifest.
1529 silly tarball no local data for @webassemblyjs/wasm-gen@https://registry.npmjs.org/@webassemblyjs/wasm-gen/-/wasm-gen-1.14.1.tgz. Extracting by manifest.
1530 silly tarball no local data for @webassemblyjs/wasm-parser@https://registry.npmjs.org/@webassemblyjs/wasm-parser/-/wasm-parser-1.14.1.tgz. Extracting by manifest.
1531 silly tarball no local data for @webassemblyjs/wasm-opt@https://registry.npmjs.org/@webassemblyjs/wasm-opt/-/wasm-opt-1.14.1.tgz. Extracting by manifest.
1532 silly tarball no local data for @webassemblyjs/utf8@https://registry.npmjs.org/@webassemblyjs/utf8/-/utf8-1.13.2.tgz. Extracting by manifest.
1533 silly tarball no local data for @webassemblyjs/wasm-edit@https://registry.npmjs.org/@webassemblyjs/wasm-edit/-/wasm-edit-1.14.1.tgz. Extracting by manifest.
1534 silly tarball no local data for @webassemblyjs/helper-wasm-bytecode@https://registry.npmjs.org/@webassemblyjs/helper-wasm-bytecode/-/helper-wasm-bytecode-1.13.2.tgz. Extracting by manifest.
1535 silly tarball no local data for @webassemblyjs/leb128@https://registry.npmjs.org/@webassemblyjs/leb128/-/leb128-1.13.2.tgz. Extracting by manifest.
1536 silly tarball no local data for @webassemblyjs/helper-wasm-section@https://registry.npmjs.org/@webassemblyjs/helper-wasm-section/-/helper-wasm-section-1.14.1.tgz. Extracting by manifest.
1537 silly tarball no local data for @webassemblyjs/ieee754@https://registry.npmjs.org/@webassemblyjs/ieee754/-/ieee754-1.13.2.tgz. Extracting by manifest.
1538 silly tarball no local data for @webassemblyjs/helper-numbers@https://registry.npmjs.org/@webassemblyjs/helper-numbers/-/helper-numbers-1.13.2.tgz. Extracting by manifest.
1539 silly tarball no local data for @webassemblyjs/helper-buffer@https://registry.npmjs.org/@webassemblyjs/helper-buffer/-/helper-buffer-1.14.1.tgz. Extracting by manifest.
1540 silly tarball no local data for @vue/web-component-wrapper@https://registry.npmjs.org/@vue/web-component-wrapper/-/web-component-wrapper-1.3.0.tgz. Extracting by manifest.
1541 silly tarball no local data for @webassemblyjs/floating-point-hex-parser@https://registry.npmjs.org/@webassemblyjs/floating-point-hex-parser/-/floating-point-hex-parser-1.13.2.tgz. Extracting by manifest.
1542 silly tarball no local data for @webassemblyjs/ast@https://registry.npmjs.org/@webassemblyjs/ast/-/ast-1.14.1.tgz. Extracting by manifest.
1543 silly tarball no local data for @webassemblyjs/helper-api-error@https://registry.npmjs.org/@webassemblyjs/helper-api-error/-/helper-api-error-1.13.2.tgz. Extracting by manifest.
1544 silly tarball no local data for @vue/server-renderer@https://registry.npmjs.org/@vue/server-renderer/-/server-renderer-3.5.27.tgz. Extracting by manifest.
1545 silly tarball no local data for @vue/shared@https://registry.npmjs.org/@vue/shared/-/shared-3.5.27.tgz. Extracting by manifest.
1546 silly tarball no local data for @vue/vue-loader-v15@https://registry.npmjs.org/vue-loader/-/vue-loader-15.11.1.tgz. Extracting by manifest.
1547 silly tarball no local data for @vue/reactivity@https://registry.npmjs.org/@vue/reactivity/-/reactivity-3.5.27.tgz. Extracting by manifest.
1548 silly tarball no local data for @vue/runtime-core@https://registry.npmjs.org/@vue/runtime-core/-/runtime-core-3.5.27.tgz. Extracting by manifest.
1549 silly tarball no local data for @vue/devtools-shared@https://registry.npmjs.org/@vue/devtools-shared/-/devtools-shared-7.7.9.tgz. Extracting by manifest.
1550 silly tarball no local data for @vue/devtools-api@https://registry.npmjs.org/@vue/devtools-api/-/devtools-api-7.7.9.tgz. Extracting by manifest.
1551 silly tarball no local data for @vue/runtime-dom@https://registry.npmjs.org/@vue/runtime-dom/-/runtime-dom-3.5.27.tgz. Extracting by manifest.
1552 silly tarball no local data for @vue/devtools-kit@https://registry.npmjs.org/@vue/devtools-kit/-/devtools-kit-7.7.9.tgz. Extracting by manifest.
1553 silly tarball no local data for @vue/compiler-dom@https://registry.npmjs.org/@vue/compiler-dom/-/compiler-dom-3.5.27.tgz. Extracting by manifest.
1554 silly tarball no local data for @vue/component-compiler-utils@https://registry.npmjs.org/@vue/component-compiler-utils/-/component-compiler-utils-3.3.0.tgz. Extracting by manifest.
1555 silly tarball no local data for @vue/compiler-sfc@https://registry.npmjs.org/@vue/compiler-sfc/-/compiler-sfc-3.5.27.tgz. Extracting by manifest.
1556 silly tarball no local data for @vue/cli-service@https://registry.npmjs.org/@vue/cli-service/-/cli-service-5.0.9.tgz. Extracting by manifest.
1557 silly tarball no local data for @vue/compiler-ssr@https://registry.npmjs.org/@vue/compiler-ssr/-/compiler-ssr-3.5.27.tgz. Extracting by manifest.
1558 silly tarball no local data for @vue/compiler-core@https://registry.npmjs.org/@vue/compiler-core/-/compiler-core-3.5.27.tgz. Extracting by manifest.
1559 silly tarball no local data for @vue/cli-shared-utils@https://registry.npmjs.org/@vue/cli-shared-utils/-/cli-shared-utils-5.0.9.tgz. Extracting by manifest.
1560 silly tarball no local data for @vue/cli-plugin-vuex@https://registry.npmjs.org/@vue/cli-plugin-vuex/-/cli-plugin-vuex-5.0.9.tgz. Extracting by manifest.
1561 silly tarball no local data for @vue/cli-plugin-eslint@https://registry.npmjs.org/@vue/cli-plugin-eslint/-/cli-plugin-eslint-5.0.9.tgz. Extracting by manifest.
1562 silly tarball no local data for @vue/cli-plugin-router@https://registry.npmjs.org/@vue/cli-plugin-router/-/cli-plugin-router-5.0.9.tgz. Extracting by manifest.
1563 silly tarball no local data for @vue/cli-plugin-babel@https://registry.npmjs.org/@vue/cli-plugin-babel/-/cli-plugin-babel-5.0.9.tgz. Extracting by manifest.
1564 silly tarball no local data for @vue/babel-sugar-v-model@https://registry.npmjs.org/@vue/babel-sugar-v-model/-/babel-sugar-v-model-1.4.0.tgz. Extracting by manifest.
1565 silly tarball no local data for @vue/cli-overlay@https://registry.npmjs.org/@vue/cli-overlay/-/cli-overlay-5.0.9.tgz. Extracting by manifest.
1566 silly tarball no local data for @vue/babel-sugar-v-on@https://registry.npmjs.org/@vue/babel-sugar-v-on/-/babel-sugar-v-on-1.4.0.tgz. Extracting by manifest.
1567 silly tarball no local data for @vue/babel-sugar-inject-h@https://registry.npmjs.org/@vue/babel-sugar-inject-h/-/babel-sugar-inject-h-1.4.0.tgz. Extracting by manifest.
1568 silly tarball no local data for @vue/babel-sugar-functional-vue@https://registry.npmjs.org/@vue/babel-sugar-functional-vue/-/babel-sugar-functional-vue-1.4.0.tgz. Extracting by manifest.
1569 silly tarball no local data for @vue/babel-sugar-composition-api-render-instance@https://registry.npmjs.org/@vue/babel-sugar-composition-api-render-instance/-/babel-sugar-composition-api-render-instance-1.4.0.tgz. Extracting by manifest.
1570 silly tarball no local data for @vue/babel-preset-jsx@https://registry.npmjs.org/@vue/babel-preset-jsx/-/babel-preset-jsx-1.4.0.tgz. Extracting by manifest.
1571 silly tarball no local data for @vue/babel-plugin-transform-vue-jsx@https://registry.npmjs.org/@vue/babel-plugin-transform-vue-jsx/-/babel-plugin-transform-vue-jsx-1.4.0.tgz. Extracting by manifest.
1572 silly tarball no local data for @vue/babel-preset-app@https://registry.npmjs.org/@vue/babel-preset-app/-/babel-preset-app-5.0.9.tgz. Extracting by manifest.
1573 silly tarball no local data for @vue/babel-plugin-resolve-type@https://registry.npmjs.org/@vue/babel-plugin-resolve-type/-/babel-plugin-resolve-type-1.5.0.tgz. Extracting by manifest.
1574 silly tarball no local data for @vue/babel-sugar-composition-api-inject-h@https://registry.npmjs.org/@vue/babel-sugar-composition-api-inject-h/-/babel-sugar-composition-api-inject-h-1.4.0.tgz. Extracting by manifest.
1575 silly tarball no local data for @vue/babel-helper-vue-jsx-merge-props@https://registry.npmjs.org/@vue/babel-helper-vue-jsx-merge-props/-/babel-helper-vue-jsx-merge-props-1.4.0.tgz. Extracting by manifest.
1576 silly tarball no local data for @types/sockjs@https://registry.npmjs.org/@types/sockjs/-/sockjs-0.3.36.tgz. Extracting by manifest.
1577 silly tarball no local data for @types/ws@https://registry.npmjs.org/@types/ws/-/ws-8.18.1.tgz. Extracting by manifest.
1578 silly tarball no local data for @vue/babel-helper-vue-transform-on@https://registry.npmjs.org/@vue/babel-helper-vue-transform-on/-/babel-helper-vue-transform-on-1.5.0.tgz. Extracting by manifest.
1579 silly tarball no local data for @types/serve-index@https://registry.npmjs.org/@types/serve-index/-/serve-index-1.9.4.tgz. Extracting by manifest.
1580 silly tarball no local data for @vue/babel-plugin-jsx@https://registry.npmjs.org/@vue/babel-plugin-jsx/-/babel-plugin-jsx-1.5.0.tgz. Extracting by manifest.
1581 silly tarball no local data for @types/send@https://registry.npmjs.org/@types/send/-/send-1.2.1.tgz. Extracting by manifest.
1582 silly tarball no local data for @types/qs@https://registry.npmjs.org/@types/qs/-/qs-6.14.0.tgz. Extracting by manifest.
1583 silly tarball no local data for @types/range-parser@https://registry.npmjs.org/@types/range-parser/-/range-parser-1.2.7.tgz. Extracting by manifest.
1584 silly tarball no local data for @types/serve-static@https://registry.npmjs.org/@types/serve-static/-/serve-static-1.15.10.tgz. Extracting by manifest.
1585 silly tarball no local data for @types/minimist@https://registry.npmjs.org/@types/minimist/-/minimist-1.2.5.tgz. Extracting by manifest.
1586 silly tarball no local data for @types/parse-json@https://registry.npmjs.org/@types/parse-json/-/parse-json-4.0.2.tgz. Extracting by manifest.
1587 silly tarball no local data for @types/node@https://registry.npmjs.org/@types/node/-/node-25.2.2.tgz. Extracting by manifest.
1588 silly tarball no local data for @types/mime@https://registry.npmjs.org/@types/mime/-/mime-1.3.5.tgz. Extracting by manifest.
1589 silly tarball no local data for @types/normalize-package-data@https://registry.npmjs.org/@types/normalize-package-data/-/normalize-package-data-2.4.4.tgz. Extracting by manifest.
1590 silly tarball no local data for @types/node-forge@https://registry.npmjs.org/@types/node-forge/-/node-forge-1.3.14.tgz. Extracting by manifest.
1591 silly tarball no local data for @types/http-errors@https://registry.npmjs.org/@types/http-errors/-/http-errors-2.0.5.tgz. Extracting by manifest.
1592 silly tarball no local data for @types/http-proxy@https://registry.npmjs.org/@types/http-proxy/-/http-proxy-1.17.17.tgz. Extracting by manifest.
1593 silly tarball no local data for @types/json-schema@https://registry.npmjs.org/@types/json-schema/-/json-schema-7.0.15.tgz. Extracting by manifest.
1594 silly tarball no local data for @types/html-minifier-terser@https://registry.npmjs.org/@types/html-minifier-terser/-/html-minifier-terser-6.1.0.tgz. Extracting by manifest.
1595 silly tarball no local data for @types/retry@https://registry.npmjs.org/@types/retry/-/retry-0.12.0.tgz. Extracting by manifest.
1596 silly tarball no local data for @types/express-serve-static-core@https://registry.npmjs.org/@types/express-serve-static-core/-/express-serve-static-core-5.1.1.tgz. Extracting by manifest.
1597 silly tarball no local data for @types/eslint-scope@https://registry.npmjs.org/@types/eslint-scope/-/eslint-scope-3.7.7.tgz. Extracting by manifest.
1598 silly tarball no local data for @types/estree@https://registry.npmjs.org/@types/estree/-/estree-1.0.8.tgz. Extracting by manifest.
1599 silly tarball no local data for @types/connect-history-api-fallback@https://registry.npmjs.org/@types/connect-history-api-fallback/-/connect-history-api-fallback-1.5.4.tgz. Extracting by manifest.
1600 silly tarball no local data for @types/express@https://registry.npmjs.org/@types/express/-/express-4.17.25.tgz. Extracting by manifest.
1601 silly tarball no local data for @types/eslint@https://registry.npmjs.org/@types/eslint/-/eslint-8.56.12.tgz. Extracting by manifest.
1602 silly tarball no local data for @trysound/sax@https://registry.npmjs.org/@trysound/sax/-/sax-0.2.0.tgz. Extracting by manifest.
1603 silly tarball no local data for @soda/friendly-errors-webpack-plugin@https://registry.npmjs.org/@soda/friendly-errors-webpack-plugin/-/friendly-errors-webpack-plugin-1.8.1.tgz. Extracting by manifest.
1604 silly tarball no local data for @types/connect@https://registry.npmjs.org/@types/connect/-/connect-3.4.38.tgz. Extracting by manifest.
1605 silly tarball no local data for @soda/get-current-script@https://registry.npmjs.org/@soda/get-current-script/-/get-current-script-1.0.2.tgz. Extracting by manifest.
1606 silly tarball no local data for @sideway/pinpoint@https://registry.npmjs.org/@sideway/pinpoint/-/pinpoint-2.0.0.tgz. Extracting by manifest.
1607 silly tarball no local data for @types/body-parser@https://registry.npmjs.org/@types/body-parser/-/body-parser-1.19.6.tgz. Extracting by manifest.
1608 silly tarball no local data for @types/bonjour@https://registry.npmjs.org/@types/bonjour/-/bonjour-3.5.13.tgz. Extracting by manifest.
1609 silly tarball no local data for @sideway/formula@https://registry.npmjs.org/@sideway/formula/-/formula-3.0.1.tgz. Extracting by manifest.
1610 silly tarball no local data for @polka/url@https://registry.npmjs.org/@polka/url/-/url-1.0.0-next.29.tgz. Extracting by manifest.
1611 silly tarball no local data for @node-ipc/js-queue@https://registry.npmjs.org/@node-ipc/js-queue/-/js-queue-2.0.3.tgz. Extracting by manifest.
1612 silly tarball no local data for @sideway/address@https://registry.npmjs.org/@sideway/address/-/address-4.1.5.tgz. Extracting by manifest.
1613 silly tarball no local data for @leichtgewicht/ip-codec@https://registry.npmjs.org/@leichtgewicht/ip-codec/-/ip-codec-2.0.5.tgz. Extracting by manifest.
1614 silly tarball no local data for @nodelib/fs.stat@https://registry.npmjs.org/@nodelib/fs.stat/-/fs.stat-2.0.5.tgz. Extracting by manifest.
1615 silly tarball no local data for @nicolo-ribaudo/eslint-scope-5-internals@https://registry.npmjs.org/@nicolo-ribaudo/eslint-scope-5-internals/-/eslint-scope-5-internals-5.1.1-v1.tgz. Extracting by manifest.
1616 silly tarball no local data for @jridgewell/trace-mapping@https://registry.npmjs.org/@jridgewell/trace-mapping/-/trace-mapping-0.3.31.tgz. Extracting by manifest.
1617 silly tarball no local data for @nodelib/fs.scandir@https://registry.npmjs.org/@nodelib/fs.scandir/-/fs.scandir-2.1.5.tgz. Extracting by manifest.
1618 silly tarball no local data for @jridgewell/source-map@https://registry.npmjs.org/@jridgewell/source-map/-/source-map-0.3.11.tgz. Extracting by manifest.
1619 silly tarball no local data for @jridgewell/resolve-uri@https://registry.npmjs.org/@jridgewell/resolve-uri/-/resolve-uri-3.1.2.tgz. Extracting by manifest.
1620 silly tarball no local data for @jridgewell/sourcemap-codec@https://registry.npmjs.org/@jridgewell/sourcemap-codec/-/sourcemap-codec-1.5.5.tgz. Extracting by manifest.
1621 silly tarball no local data for @humanwhocodes/object-schema@https://registry.npmjs.org/@humanwhocodes/object-schema/-/object-schema-1.2.1.tgz. Extracting by manifest.
1622 silly tarball no local data for @jridgewell/remapping@https://registry.npmjs.org/@jridgewell/remapping/-/remapping-2.3.5.tgz. Extracting by manifest.
1623 silly tarball no local data for @hapi/topo@https://registry.npmjs.org/@hapi/topo/-/topo-5.1.0.tgz. Extracting by manifest.
1624 silly tarball no local data for @nodelib/fs.walk@https://registry.npmjs.org/@nodelib/fs.walk/-/fs.walk-1.2.8.tgz. Extracting by manifest.
1625 silly tarball no local data for @hapi/hoek@https://registry.npmjs.org/@hapi/hoek/-/hoek-9.3.0.tgz. Extracting by manifest.
1626 silly tarball no local data for @humanwhocodes/config-array@https://registry.npmjs.org/@humanwhocodes/config-array/-/config-array-0.5.0.tgz. Extracting by manifest.
1627 silly tarball no local data for @jridgewell/gen-mapping@https://registry.npmjs.org/@jridgewell/gen-mapping/-/gen-mapping-0.3.13.tgz. Extracting by manifest.
1628 silly tarball no local data for @discoveryjs/json-ext@https://registry.npmjs.org/@discoveryjs/json-ext/-/json-ext-0.5.7.tgz. Extracting by manifest.
1629 silly tarball no local data for @babel/traverse@https://registry.npmjs.org/@babel/traverse/-/traverse-7.29.0.tgz. Extracting by manifest.
1630 silly tarball no local data for @babel/types@https://registry.npmjs.org/@babel/types/-/types-7.29.0.tgz. Extracting by manifest.
1631 silly tarball no local data for @babel/template@https://registry.npmjs.org/@babel/template/-/template-7.28.6.tgz. Extracting by manifest.
1632 silly tarball no local data for @eslint/eslintrc@https://registry.npmjs.org/@eslint/eslintrc/-/eslintrc-0.4.3.tgz. Extracting by manifest.
1633 silly tarball no local data for @babel/runtime@https://registry.npmjs.org/@babel/runtime/-/runtime-7.28.6.tgz. Extracting by manifest.
1634 silly tarball no local data for @babel/preset-env@https://registry.npmjs.org/@babel/preset-env/-/preset-env-7.29.0.tgz. Extracting by manifest.
1635 silly tarball no local data for @babel/preset-modules@https://registry.npmjs.org/@babel/preset-modules/-/preset-modules-0.1.6-no-external-plugins.tgz. Extracting by manifest.
1636 silly tarball no local data for @babel/plugin-transform-unicode-regex@https://registry.npmjs.org/@babel/plugin-transform-unicode-regex/-/plugin-transform-unicode-regex-7.27.1.tgz. Extracting by manifest.
1637 silly tarball no local data for @babel/plugin-transform-unicode-property-regex@https://registry.npmjs.org/@babel/plugin-transform-unicode-property-regex/-/plugin-transform-unicode-property-regex-7.28.6.tgz. Extracting by manifest.
1638 silly tarball no local data for @babel/plugin-transform-unicode-sets-regex@https://registry.npmjs.org/@babel/plugin-transform-unicode-sets-regex/-/plugin-transform-unicode-sets-regex-7.28.6.tgz. Extracting by manifest.
1639 silly tarball no local data for @babel/plugin-transform-unicode-escapes@https://registry.npmjs.org/@babel/plugin-transform-unicode-escapes/-/plugin-transform-unicode-escapes-7.27.1.tgz. Extracting by manifest.
1640 silly tarball no local data for @babel/plugin-transform-typeof-symbol@https://registry.npmjs.org/@babel/plugin-transform-typeof-symbol/-/plugin-transform-typeof-symbol-7.27.1.tgz. Extracting by manifest.
1641 silly tarball no local data for @babel/plugin-transform-template-literals@https://registry.npmjs.org/@babel/plugin-transform-template-literals/-/plugin-transform-template-literals-7.27.1.tgz. Extracting by manifest.
1642 silly tarball no local data for @babel/plugin-transform-spread@https://registry.npmjs.org/@babel/plugin-transform-spread/-/plugin-transform-spread-7.28.6.tgz. Extracting by manifest.
1643 silly tarball no local data for @babel/plugin-transform-runtime@https://registry.npmjs.org/@babel/plugin-transform-runtime/-/plugin-transform-runtime-7.29.0.tgz. Extracting by manifest.
1644 silly tarball no local data for @babel/plugin-transform-shorthand-properties@https://registry.npmjs.org/@babel/plugin-transform-shorthand-properties/-/plugin-transform-shorthand-properties-7.27.1.tgz. Extracting by manifest.
1645 silly tarball no local data for @babel/plugin-transform-sticky-regex@https://registry.npmjs.org/@babel/plugin-transform-sticky-regex/-/plugin-transform-sticky-regex-7.27.1.tgz. Extracting by manifest.
1646 silly tarball no local data for @babel/plugin-transform-regenerator@https://registry.npmjs.org/@babel/plugin-transform-regenerator/-/plugin-transform-regenerator-7.29.0.tgz. Extracting by manifest.
1647 silly tarball no local data for @babel/plugin-transform-reserved-words@https://registry.npmjs.org/@babel/plugin-transform-reserved-words/-/plugin-transform-reserved-words-7.27.1.tgz. Extracting by manifest.
1648 silly tarball no local data for @babel/plugin-transform-private-methods@https://registry.npmjs.org/@babel/plugin-transform-private-methods/-/plugin-transform-private-methods-7.28.6.tgz. Extracting by manifest.
1649 silly tarball no local data for @babel/plugin-transform-private-property-in-object@https://registry.npmjs.org/@babel/plugin-transform-private-property-in-object/-/plugin-transform-private-property-in-object-7.28.6.tgz. Extracting by manifest.
1650 silly tarball no local data for @babel/plugin-transform-parameters@https://registry.npmjs.org/@babel/plugin-transform-parameters/-/plugin-transform-parameters-7.27.7.tgz. Extracting by manifest.
1651 silly tarball no local data for @babel/plugin-transform-regexp-modifiers@https://registry.npmjs.org/@babel/plugin-transform-regexp-modifiers/-/plugin-transform-regexp-modifiers-7.28.6.tgz. Extracting by manifest.
1652 silly tarball no local data for @babel/plugin-transform-property-literals@https://registry.npmjs.org/@babel/plugin-transform-property-literals/-/plugin-transform-property-literals-7.27.1.tgz. Extracting by manifest.
1653 silly tarball no local data for @babel/plugin-transform-optional-chaining@https://registry.npmjs.org/@babel/plugin-transform-optional-chaining/-/plugin-transform-optional-chaining-7.28.6.tgz. Extracting by manifest.
1654 silly tarball no local data for @babel/plugin-transform-optional-catch-binding@https://registry.npmjs.org/@babel/plugin-transform-optional-catch-binding/-/plugin-transform-optional-catch-binding-7.28.6.tgz. Extracting by manifest.
1655 silly tarball no local data for @babel/plugin-transform-object-rest-spread@https://registry.npmjs.org/@babel/plugin-transform-object-rest-spread/-/plugin-transform-object-rest-spread-7.28.6.tgz. Extracting by manifest.
1656 silly tarball no local data for @babel/plugin-transform-nullish-coalescing-operator@https://registry.npmjs.org/@babel/plugin-transform-nullish-coalescing-operator/-/plugin-transform-nullish-coalescing-operator-7.28.6.tgz. Extracting by manifest.
1657 silly tarball no local data for @babel/plugin-transform-object-super@https://registry.npmjs.org/@babel/plugin-transform-object-super/-/plugin-transform-object-super-7.27.1.tgz. Extracting by manifest.
1658 silly tarball no local data for @babel/plugin-transform-named-capturing-groups-regex@https://registry.npmjs.org/@babel/plugin-transform-named-capturing-groups-regex/-/plugin-transform-named-capturing-groups-regex-7.29.0.tgz. Extracting by manifest.
1659 silly tarball no local data for @babel/plugin-transform-numeric-separator@https://registry.npmjs.org/@babel/plugin-transform-numeric-separator/-/plugin-transform-numeric-separator-7.28.6.tgz. Extracting by manifest.
1660 silly tarball no local data for @babel/plugin-transform-modules-umd@https://registry.npmjs.org/@babel/plugin-transform-modules-umd/-/plugin-transform-modules-umd-7.27.1.tgz. Extracting by manifest.
1661 silly tarball no local data for @babel/plugin-transform-modules-commonjs@https://registry.npmjs.org/@babel/plugin-transform-modules-commonjs/-/plugin-transform-modules-commonjs-7.28.6.tgz. Extracting by manifest.
1662 silly tarball no local data for @babel/plugin-transform-new-target@https://registry.npmjs.org/@babel/plugin-transform-new-target/-/plugin-transform-new-target-7.27.1.tgz. Extracting by manifest.
1663 silly tarball no local data for @babel/plugin-transform-modules-amd@https://registry.npmjs.org/@babel/plugin-transform-modules-amd/-/plugin-transform-modules-amd-7.27.1.tgz. Extracting by manifest.
1664 silly tarball no local data for @babel/plugin-transform-modules-systemjs@https://registry.npmjs.org/@babel/plugin-transform-modules-systemjs/-/plugin-transform-modules-systemjs-7.29.0.tgz. Extracting by manifest.
1665 silly tarball no local data for @babel/plugin-transform-member-expression-literals@https://registry.npmjs.org/@babel/plugin-transform-member-expression-literals/-/plugin-transform-member-expression-literals-7.27.1.tgz. Extracting by manifest.
1666 silly tarball no local data for @babel/plugin-transform-json-strings@https://registry.npmjs.org/@babel/plugin-transform-json-strings/-/plugin-transform-json-strings-7.28.6.tgz. Extracting by manifest.
1667 silly tarball no local data for @babel/plugin-transform-logical-assignment-operators@https://registry.npmjs.org/@babel/plugin-transform-logical-assignment-operators/-/plugin-transform-logical-assignment-operators-7.28.6.tgz. Extracting by manifest.
1668 silly tarball no local data for @babel/plugin-transform-literals@https://registry.npmjs.org/@babel/plugin-transform-literals/-/plugin-transform-literals-7.27.1.tgz. Extracting by manifest.
1669 silly tarball no local data for @babel/plugin-transform-for-of@https://registry.npmjs.org/@babel/plugin-transform-for-of/-/plugin-transform-for-of-7.27.1.tgz. Extracting by manifest.
1670 silly tarball no local data for @babel/plugin-transform-export-namespace-from@https://registry.npmjs.org/@babel/plugin-transform-export-namespace-from/-/plugin-transform-export-namespace-from-7.27.1.tgz. Extracting by manifest.
1671 silly tarball no local data for @babel/plugin-transform-function-name@https://registry.npmjs.org/@babel/plugin-transform-function-name/-/plugin-transform-function-name-7.27.1.tgz. Extracting by manifest.
1672 silly tarball no local data for @babel/plugin-transform-dynamic-import@https://registry.npmjs.org/@babel/plugin-transform-dynamic-import/-/plugin-transform-dynamic-import-7.27.1.tgz. Extracting by manifest.
1673 silly tarball no local data for @babel/plugin-transform-exponentiation-operator@https://registry.npmjs.org/@babel/plugin-transform-exponentiation-operator/-/plugin-transform-exponentiation-operator-7.28.6.tgz. Extracting by manifest.
1674 silly tarball no local data for @babel/plugin-transform-duplicate-keys@https://registry.npmjs.org/@babel/plugin-transform-duplicate-keys/-/plugin-transform-duplicate-keys-7.27.1.tgz. Extracting by manifest.
1675 silly tarball no local data for @babel/plugin-transform-duplicate-named-capturing-groups-regex@https://registry.npmjs.org/@babel/plugin-transform-duplicate-named-capturing-groups-regex/-/plugin-transform-duplicate-named-capturing-groups-regex-7.29.0.tgz. Extracting by manifest.
1676 silly tarball no local data for @babel/plugin-transform-destructuring@https://registry.npmjs.org/@babel/plugin-transform-destructuring/-/plugin-transform-destructuring-7.28.5.tgz. Extracting by manifest.
1677 silly tarball no local data for @babel/plugin-transform-dotall-regex@https://registry.npmjs.org/@babel/plugin-transform-dotall-regex/-/plugin-transform-dotall-regex-7.28.6.tgz. Extracting by manifest.
1678 silly tarball no local data for @babel/plugin-transform-computed-properties@https://registry.npmjs.org/@babel/plugin-transform-computed-properties/-/plugin-transform-computed-properties-7.28.6.tgz. Extracting by manifest.
1679 silly tarball no local data for @babel/plugin-transform-explicit-resource-management@https://registry.npmjs.org/@babel/plugin-transform-explicit-resource-management/-/plugin-transform-explicit-resource-management-7.28.6.tgz. Extracting by manifest.
1680 silly tarball no local data for @babel/plugin-transform-classes@https://registry.npmjs.org/@babel/plugin-transform-classes/-/plugin-transform-classes-7.28.6.tgz. Extracting by manifest.
1681 silly tarball no local data for @babel/plugin-transform-class-static-block@https://registry.npmjs.org/@babel/plugin-transform-class-static-block/-/plugin-transform-class-static-block-7.28.6.tgz. Extracting by manifest.
1682 silly tarball no local data for @babel/plugin-transform-class-properties@https://registry.npmjs.org/@babel/plugin-transform-class-properties/-/plugin-transform-class-properties-7.28.6.tgz. Extracting by manifest.
1683 silly tarball no local data for @babel/plugin-transform-async-to-generator@https://registry.npmjs.org/@babel/plugin-transform-async-to-generator/-/plugin-transform-async-to-generator-7.28.6.tgz. Extracting by manifest.
1684 silly tarball no local data for @babel/plugin-transform-block-scoping@https://registry.npmjs.org/@babel/plugin-transform-block-scoping/-/plugin-transform-block-scoping-7.28.6.tgz. Extracting by manifest.
1685 silly tarball no local data for @babel/plugin-transform-arrow-functions@https://registry.npmjs.org/@babel/plugin-transform-arrow-functions/-/plugin-transform-arrow-functions-7.27.1.tgz. Extracting by manifest.
1686 silly tarball no local data for @babel/plugin-transform-async-generator-functions@https://registry.npmjs.org/@babel/plugin-transform-async-generator-functions/-/plugin-transform-async-generator-functions-7.29.0.tgz. Extracting by manifest.
1687 silly tarball no local data for @babel/plugin-syntax-jsx@https://registry.npmjs.org/@babel/plugin-syntax-jsx/-/plugin-syntax-jsx-7.28.6.tgz. Extracting by manifest.
1688 silly tarball no local data for @babel/plugin-syntax-import-attributes@https://registry.npmjs.org/@babel/plugin-syntax-import-attributes/-/plugin-syntax-import-attributes-7.28.6.tgz. Extracting by manifest.
1689 silly tarball no local data for @babel/plugin-transform-block-scoped-functions@https://registry.npmjs.org/@babel/plugin-transform-block-scoped-functions/-/plugin-transform-block-scoped-functions-7.27.1.tgz. Extracting by manifest.
1690 silly tarball no local data for @babel/plugin-syntax-unicode-sets-regex@https://registry.npmjs.org/@babel/plugin-syntax-unicode-sets-regex/-/plugin-syntax-unicode-sets-regex-7.18.6.tgz. Extracting by manifest.
1691 silly tarball no local data for @babel/plugin-syntax-dynamic-import@https://registry.npmjs.org/@babel/plugin-syntax-dynamic-import/-/plugin-syntax-dynamic-import-7.8.3.tgz. Extracting by manifest.
1692 silly tarball no local data for @babel/plugin-proposal-decorators@https://registry.npmjs.org/@babel/plugin-proposal-decorators/-/plugin-proposal-decorators-7.29.0.tgz. Extracting by manifest.
1693 silly tarball no local data for @babel/plugin-bugfix-v8-static-class-fields-redefine-readonly@https://registry.npmjs.org/@babel/plugin-bugfix-v8-static-class-fields-redefine-readonly/-/plugin-bugfix-v8-static-class-fields-redefine-readonly-7.28.6.tgz. Extracting by manifest.
1694 silly tarball no local data for @babel/plugin-syntax-import-assertions@https://registry.npmjs.org/@babel/plugin-syntax-import-assertions/-/plugin-syntax-import-assertions-7.28.6.tgz. Extracting by manifest.
1695 silly tarball no local data for @babel/plugin-syntax-decorators@https://registry.npmjs.org/@babel/plugin-syntax-decorators/-/plugin-syntax-decorators-7.28.6.tgz. Extracting by manifest.
1696 silly tarball no local data for @babel/plugin-proposal-class-properties@https://registry.npmjs.org/@babel/plugin-proposal-class-properties/-/plugin-proposal-class-properties-7.18.6.tgz. Extracting by manifest.
1697 silly tarball no local data for @babel/plugin-bugfix-safari-class-field-initializer-scope@https://registry.npmjs.org/@babel/plugin-bugfix-safari-class-field-initializer-scope/-/plugin-bugfix-safari-class-field-initializer-scope-7.27.1.tgz. Extracting by manifest.
1698 silly tarball no local data for @babel/plugin-bugfix-safari-id-destructuring-collision-in-function-expression@https://registry.npmjs.org/@babel/plugin-bugfix-safari-id-destructuring-collision-in-function-expression/-/plugin-bugfix-safari-id-destructuring-collision-in-function-expression-7.27.1.tgz. Extracting by manifest.
1699 silly tarball no local data for @babel/highlight@https://registry.npmjs.org/@babel/highlight/-/highlight-7.25.9.tgz. Extracting by manifest.
1700 silly tarball no local data for @babel/plugin-proposal-private-property-in-object@https://registry.npmjs.org/@babel/plugin-proposal-private-property-in-object/-/plugin-proposal-private-property-in-object-7.21.0-placeholder-for-preset-env.2.tgz. Extracting by manifest.
1701 silly tarball no local data for @babel/plugin-bugfix-v8-spread-parameters-in-optional-chaining@https://registry.npmjs.org/@babel/plugin-bugfix-v8-spread-parameters-in-optional-chaining/-/plugin-bugfix-v8-spread-parameters-in-optional-chaining-7.27.1.tgz. Extracting by manifest.
1702 silly tarball no local data for @babel/parser@https://registry.npmjs.org/@babel/parser/-/parser-7.29.0.tgz. Extracting by manifest.
1703 silly tarball no local data for @babel/plugin-bugfix-firefox-class-in-computed-class-key@https://registry.npmjs.org/@babel/plugin-bugfix-firefox-class-in-computed-class-key/-/plugin-bugfix-firefox-class-in-computed-class-key-7.28.5.tgz. Extracting by manifest.
1704 silly tarball no local data for @babel/helper-wrap-function@https://registry.npmjs.org/@babel/helper-wrap-function/-/helper-wrap-function-7.28.6.tgz. Extracting by manifest.
1705 silly tarball no local data for @babel/helper-validator-option@https://registry.npmjs.org/@babel/helper-validator-option/-/helper-validator-option-7.27.1.tgz. Extracting by manifest.
1706 silly tarball no local data for @babel/helpers@https://registry.npmjs.org/@babel/helpers/-/helpers-7.28.6.tgz. Extracting by manifest.
1707 silly tarball no local data for @babel/helper-skip-transparent-expression-wrappers@https://registry.npmjs.org/@babel/helper-skip-transparent-expression-wrappers/-/helper-skip-transparent-expression-wrappers-7.27.1.tgz. Extracting by manifest.
1708 silly tarball no local data for @babel/helper-replace-supers@https://registry.npmjs.org/@babel/helper-replace-supers/-/helper-replace-supers-7.28.6.tgz. Extracting by manifest.
1709 silly tarball no local data for @babel/helper-plugin-utils@https://registry.npmjs.org/@babel/helper-plugin-utils/-/helper-plugin-utils-7.28.6.tgz. Extracting by manifest.
1710 silly tarball no local data for @babel/helper-validator-identifier@https://registry.npmjs.org/@babel/helper-validator-identifier/-/helper-validator-identifier-7.28.5.tgz. Extracting by manifest.
1711 silly tarball no local data for @babel/helper-string-parser@https://registry.npmjs.org/@babel/helper-string-parser/-/helper-string-parser-7.27.1.tgz. Extracting by manifest.
1712 silly tarball no local data for @babel/helper-module-imports@https://registry.npmjs.org/@babel/helper-module-imports/-/helper-module-imports-7.28.6.tgz. Extracting by manifest.
1713 silly tarball no local data for @babel/helper-remap-async-to-generator@https://registry.npmjs.org/@babel/helper-remap-async-to-generator/-/helper-remap-async-to-generator-7.27.1.tgz. Extracting by manifest.
1714 silly tarball no local data for @babel/helper-globals@https://registry.npmjs.org/@babel/helper-globals/-/helper-globals-7.28.0.tgz. Extracting by manifest.
1715 silly tarball no local data for @babel/helper-module-transforms@https://registry.npmjs.org/@babel/helper-module-transforms/-/helper-module-transforms-7.28.6.tgz. Extracting by manifest.
1716 silly tarball no local data for @babel/helper-optimise-call-expression@https://registry.npmjs.org/@babel/helper-optimise-call-expression/-/helper-optimise-call-expression-7.27.1.tgz. Extracting by manifest.
1717 silly tarball no local data for @babel/helper-define-polyfill-provider@https://registry.npmjs.org/@babel/helper-define-polyfill-provider/-/helper-define-polyfill-provider-0.6.6.tgz. Extracting by manifest.
1718 silly tarball no local data for @babel/generator@https://registry.npmjs.org/@babel/generator/-/generator-7.29.1.tgz. Extracting by manifest.
1719 silly tarball no local data for @babel/helper-annotate-as-pure@https://registry.npmjs.org/@babel/helper-annotate-as-pure/-/helper-annotate-as-pure-7.27.3.tgz. Extracting by manifest.
1720 silly tarball no local data for @babel/helper-create-regexp-features-plugin@https://registry.npmjs.org/@babel/helper-create-regexp-features-plugin/-/helper-create-regexp-features-plugin-7.28.5.tgz. Extracting by manifest.
1721 silly tarball no local data for @babel/helper-create-class-features-plugin@https://registry.npmjs.org/@babel/helper-create-class-features-plugin/-/helper-create-class-features-plugin-7.28.6.tgz. Extracting by manifest.
1722 silly tarball no local data for @babel/helper-compilation-targets@https://registry.npmjs.org/@babel/helper-compilation-targets/-/helper-compilation-targets-7.28.6.tgz. Extracting by manifest.
1723 silly tarball no local data for @babel/helper-member-expression-to-functions@https://registry.npmjs.org/@babel/helper-member-expression-to-functions/-/helper-member-expression-to-functions-7.28.5.tgz. Extracting by manifest.
1724 silly tarball no local data for @babel/compat-data@https://registry.npmjs.org/@babel/compat-data/-/compat-data-7.29.0.tgz. Extracting by manifest.
1725 silly tarball no local data for @babel/eslint-parser@https://registry.npmjs.org/@babel/eslint-parser/-/eslint-parser-7.28.6.tgz. Extracting by manifest.
1726 silly tarball no local data for which@https://registry.npmjs.org/which/-/which-1.3.1.tgz. Extracting by manifest.
1727 silly tarball no local data for @achrinza/node-ipc@https://registry.npmjs.org/@achrinza/node-ipc/-/node-ipc-9.2.10.tgz. Extracting by manifest.
1728 silly tarball no local data for shebang-regex@https://registry.npmjs.org/shebang-regex/-/shebang-regex-1.0.0.tgz. Extracting by manifest.
1729 silly tarball no local data for @babel/code-frame@https://registry.npmjs.org/@babel/code-frame/-/code-frame-7.29.0.tgz. Extracting by manifest.
1730 silly tarball no local data for yallist@https://registry.npmjs.org/yallist/-/yallist-2.1.2.tgz. Extracting by manifest.
1731 silly tarball no local data for shebang-command@https://registry.npmjs.org/shebang-command/-/shebang-command-1.2.0.tgz. Extracting by manifest.
1732 silly tarball no local data for @babel/core@https://registry.npmjs.org/@babel/core/-/core-7.29.0.tgz. Extracting by manifest.
1733 silly tarball no local data for lru-cache@https://registry.npmjs.org/lru-cache/-/lru-cache-4.1.5.tgz. Extracting by manifest.
1734 silly tarball no local data for schema-utils@https://registry.npmjs.org/schema-utils/-/schema-utils-4.3.3.tgz. Extracting by manifest.
1735 silly tarball no local data for normalize-path@https://registry.npmjs.org/normalize-path/-/normalize-path-1.0.0.tgz. Extracting by manifest.
1736 silly tarball no local data for cross-spawn@https://registry.npmjs.org/cross-spawn/-/cross-spawn-5.1.0.tgz. Extracting by manifest.
1737 silly tarball no local data for get-stream@https://registry.npmjs.org/get-stream/-/get-stream-3.0.0.tgz. Extracting by manifest.
1738 silly tarball no local data for ajv-keywords@https://registry.npmjs.org/ajv-keywords/-/ajv-keywords-5.1.0.tgz. Extracting by manifest.
1739 silly tarball no local data for execa@https://registry.npmjs.org/execa/-/execa-0.8.0.tgz. Extracting by manifest.
1740 silly tarball no local data for ws@https://registry.npmjs.org/ws/-/ws-8.19.0.tgz. Extracting by manifest.
1741 silly tarball no local data for schema-utils@https://registry.npmjs.org/schema-utils/-/schema-utils-4.3.3.tgz. Extracting by manifest.
1742 silly tarball no local data for ajv@https://registry.npmjs.org/ajv/-/ajv-8.17.1.tgz. Extracting by manifest.
1743 silly tarball no local data for schema-utils@https://registry.npmjs.org/schema-utils/-/schema-utils-4.3.3.tgz. Extracting by manifest.
1744 silly tarball no local data for json-schema-traverse@https://registry.npmjs.org/json-schema-traverse/-/json-schema-traverse-1.0.0.tgz. Extracting by manifest.
1745 silly tarball no local data for commander@https://registry.npmjs.org/commander/-/commander-7.2.0.tgz. Extracting by manifest.
1746 silly tarball no local data for ajv@https://registry.npmjs.org/ajv/-/ajv-8.17.1.tgz. Extracting by manifest.
1747 silly tarball no local data for json-schema-traverse@https://registry.npmjs.org/json-schema-traverse/-/json-schema-traverse-1.0.0.tgz. Extracting by manifest.
1748 silly tarball no local data for ajv-keywords@https://registry.npmjs.org/ajv-keywords/-/ajv-keywords-5.1.0.tgz. Extracting by manifest.
1749 silly tarball no local data for semver@https://registry.npmjs.org/semver/-/semver-7.7.4.tgz. Extracting by manifest.
1750 silly tarball no local data for json-schema-traverse@https://registry.npmjs.org/json-schema-traverse/-/json-schema-traverse-1.0.0.tgz. Extracting by manifest.
1751 silly tarball no local data for ajv@https://registry.npmjs.org/ajv/-/ajv-8.17.1.tgz. Extracting by manifest.
1752 silly tarball no local data for @vue/devtools-api@https://registry.npmjs.org/@vue/devtools-api/-/devtools-api-6.6.4.tgz. Extracting by manifest.
1753 silly tarball no local data for chalk@https://registry.npmjs.org/chalk/-/chalk-4.1.2.tgz. Extracting by manifest.
1754 silly tarball no local data for hash-sum@https://registry.npmjs.org/hash-sum/-/hash-sum-1.0.2.tgz. Extracting by manifest.
1755 silly tarball no local data for espree@https://registry.npmjs.org/espree/-/espree-9.6.1.tgz. Extracting by manifest.
1756 silly tarball no local data for schema-utils@https://registry.npmjs.org/schema-utils/-/schema-utils-3.3.0.tgz. Extracting by manifest.
1757 silly tarball no local data for eslint-scope@https://registry.npmjs.org/eslint-scope/-/eslint-scope-7.2.2.tgz. Extracting by manifest.
1758 silly tarball no local data for ajv-keywords@https://registry.npmjs.org/ajv-keywords/-/ajv-keywords-5.1.0.tgz. Extracting by manifest.
1759 silly tarball no local data for eslint-visitor-keys@https://registry.npmjs.org/eslint-visitor-keys/-/eslint-visitor-keys-3.4.3.tgz. Extracting by manifest.
1760 silly tarball no local data for loader-utils@https://registry.npmjs.org/loader-utils/-/loader-utils-2.0.4.tgz. Extracting by manifest.
1761 silly tarball no local data for estraverse@https://registry.npmjs.org/estraverse/-/estraverse-5.3.0.tgz. Extracting by manifest.
1762 silly tarball no local data for commander@https://registry.npmjs.org/commander/-/commander-2.20.3.tgz. Extracting by manifest.
1763 silly tarball no local data for commander@https://registry.npmjs.org/commander/-/commander-7.2.0.tgz. Extracting by manifest.
1764 silly tarball no local data for ajv-keywords@https://registry.npmjs.org/ajv-keywords/-/ajv-keywords-5.1.0.tgz. Extracting by manifest.
1765 silly tarball no local data for http-errors@https://registry.npmjs.org/http-errors/-/http-errors-1.8.1.tgz. Extracting by manifest.
1766 silly tarball no local data for ajv@https://registry.npmjs.org/ajv/-/ajv-8.17.1.tgz. Extracting by manifest.
1767 silly tarball no local data for json-schema-traverse@https://registry.npmjs.org/json-schema-traverse/-/json-schema-traverse-1.0.0.tgz. Extracting by manifest.
1768 silly tarball no local data for ajv@https://registry.npmjs.org/ajv/-/ajv-8.17.1.tgz. Extracting by manifest.
1769 silly tarball no local data for json-schema-traverse@https://registry.npmjs.org/json-schema-traverse/-/json-schema-traverse-1.0.0.tgz. Extracting by manifest.
1770 silly tarball no local data for statuses@https://registry.npmjs.org/statuses/-/statuses-1.5.0.tgz. Extracting by manifest.
1771 silly tarball no local data for type-fest@https://registry.npmjs.org/type-fest/-/type-fest-0.8.1.tgz. Extracting by manifest.
1772 silly tarball no local data for debug@https://registry.npmjs.org/debug/-/debug-2.6.9.tgz. Extracting by manifest.
1773 silly tarball no local data for schema-utils@https://registry.npmjs.org/schema-utils/-/schema-utils-4.3.3.tgz. Extracting by manifest.
1774 silly tarball no local data for ms@https://registry.npmjs.org/ms/-/ms-2.0.0.tgz. Extracting by manifest.
1775 silly tarball no local data for debug@https://registry.npmjs.org/debug/-/debug-2.6.9.tgz. Extracting by manifest.
1776 silly tarball no local data for ipaddr.js@https://registry.npmjs.org/ipaddr.js/-/ipaddr.js-1.9.1.tgz. Extracting by manifest.
1777 silly tarball no local data for depd@https://registry.npmjs.org/depd/-/depd-1.1.2.tgz. Extracting by manifest.
1778 silly tarball no local data for type-fest@https://registry.npmjs.org/type-fest/-/type-fest-0.6.0.tgz. Extracting by manifest.
1779 silly tarball no local data for ms@https://registry.npmjs.org/ms/-/ms-2.0.0.tgz. Extracting by manifest.
1780 silly tarball no local data for escape-string-regexp@https://registry.npmjs.org/escape-string-regexp/-/escape-string-regexp-1.0.5.tgz. Extracting by manifest.
1781 silly tarball no local data for color-name@https://registry.npmjs.org/color-name/-/color-name-1.1.3.tgz. Extracting by manifest.
1782 silly tarball no local data for supports-color@https://registry.npmjs.org/supports-color/-/supports-color-5.5.0.tgz. Extracting by manifest.
1783 silly tarball no local data for postcss-selector-parser@https://registry.npmjs.org/postcss-selector-parser/-/postcss-selector-parser-7.1.1.tgz. Extracting by manifest.
1784 silly tarball no local data for has-flag@https://registry.npmjs.org/has-flag/-/has-flag-3.0.0.tgz. Extracting by manifest.
1785 silly tarball no local data for postcss-selector-parser@https://registry.npmjs.org/postcss-selector-parser/-/postcss-selector-parser-7.1.1.tgz. Extracting by manifest.
1786 silly tarball no local data for chalk@https://registry.npmjs.org/chalk/-/chalk-4.1.2.tgz. Extracting by manifest.
1787 silly tarball no local data for semver@https://registry.npmjs.org/semver/-/semver-7.7.4.tgz. Extracting by manifest.
1788 silly tarball no local data for chalk@https://registry.npmjs.org/chalk/-/chalk-2.4.2.tgz. Extracting by manifest.
1789 silly tarball no local data for ansi-styles@https://registry.npmjs.org/ansi-styles/-/ansi-styles-3.2.1.tgz. Extracting by manifest.
1790 silly tarball no local data for color-convert@https://registry.npmjs.org/color-convert/-/color-convert-1.9.3.tgz. Extracting by manifest.
1791 silly tarball no local data for semver@https://registry.npmjs.org/semver/-/semver-5.7.2.tgz. Extracting by manifest.
1792 silly tarball no local data for parse5@https://registry.npmjs.org/parse5/-/parse5-6.0.1.tgz. Extracting by manifest.
1793 silly tarball no local data for path-key@https://registry.npmjs.org/path-key/-/path-key-2.0.1.tgz. Extracting by manifest.
1794 silly tarball no local data for json-schema-traverse@https://registry.npmjs.org/json-schema-traverse/-/json-schema-traverse-1.0.0.tgz. Extracting by manifest.
1795 silly tarball no local data for wrap-ansi@https://registry.npmjs.org/wrap-ansi/-/wrap-ansi-3.0.1.tgz. Extracting by manifest.
1796 silly tarball no local data for yallist@https://registry.npmjs.org/yallist/-/yallist-4.0.0.tgz. Extracting by manifest.
1797 silly tarball no local data for schema-utils@https://registry.npmjs.org/schema-utils/-/schema-utils-4.3.3.tgz. Extracting by manifest.
1798 silly tarball no local data for strip-ansi@https://registry.npmjs.org/strip-ansi/-/strip-ansi-4.0.0.tgz. Extracting by manifest.
1799 silly tarball no local data for ajv-keywords@https://registry.npmjs.org/ajv-keywords/-/ajv-keywords-5.1.0.tgz. Extracting by manifest.
1800 silly tarball no local data for onetime@https://registry.npmjs.org/onetime/-/onetime-2.0.1.tgz. Extracting by manifest.
1801 silly tarball no local data for restore-cursor@https://registry.npmjs.org/restore-cursor/-/restore-cursor-2.0.0.tgz. Extracting by manifest.
1802 silly tarball no local data for ajv@https://registry.npmjs.org/ajv/-/ajv-8.17.1.tgz. Extracting by manifest.
1803 silly tarball no local data for string-width@https://registry.npmjs.org/string-width/-/string-width-2.1.1.tgz. Extracting by manifest.
1804 silly tarball no local data for is-fullwidth-code-point@https://registry.npmjs.org/is-fullwidth-code-point/-/is-fullwidth-code-point-2.0.0.tgz. Extracting by manifest.
1805 silly tarball no local data for mimic-fn@https://registry.npmjs.org/mimic-fn/-/mimic-fn-1.2.0.tgz. Extracting by manifest.
1806 silly tarball no local data for supports-color@https://registry.npmjs.org/supports-color/-/supports-color-8.1.1.tgz. Extracting by manifest.
1807 silly tarball no local data for chalk@https://registry.npmjs.org/chalk/-/chalk-4.1.2.tgz. Extracting by manifest.
1808 silly tarball no local data for entities@https://registry.npmjs.org/entities/-/entities-2.2.0.tgz. Extracting by manifest.
1809 silly tarball no local data for json5@https://registry.npmjs.org/json5/-/json5-1.0.2.tgz. Extracting by manifest.
1810 silly tarball no local data for cli-cursor@https://registry.npmjs.org/cli-cursor/-/cli-cursor-2.1.0.tgz. Extracting by manifest.
1811 silly tarball no local data for ansi-regex@https://registry.npmjs.org/ansi-regex/-/ansi-regex-3.0.1.tgz. Extracting by manifest.
1812 silly tarball no local data for ignore@https://registry.npmjs.org/ignore/-/ignore-5.3.2.tgz. Extracting by manifest.
1813 silly tarball no local data for string_decoder@https://registry.npmjs.org/string_decoder/-/string_decoder-1.1.1.tgz. Extracting by manifest.
1814 silly tarball no local data for readable-stream@https://registry.npmjs.org/readable-stream/-/readable-stream-2.3.8.tgz. Extracting by manifest.
1815 silly tarball no local data for debug@https://registry.npmjs.org/debug/-/debug-2.6.9.tgz. Extracting by manifest.
1816 silly tarball no local data for glob-parent@https://registry.npmjs.org/glob-parent/-/glob-parent-5.1.2.tgz. Extracting by manifest.
1817 silly tarball no local data for ms@https://registry.npmjs.org/ms/-/ms-2.0.0.tgz. Extracting by manifest.
1818 silly tarball no local data for safe-buffer@https://registry.npmjs.org/safe-buffer/-/safe-buffer-5.1.2.tgz. Extracting by manifest.
1819 silly tarball no local data for debug@https://registry.npmjs.org/debug/-/debug-2.6.9.tgz. Extracting by manifest.
1820 silly tarball no local data for ms@https://registry.npmjs.org/ms/-/ms-2.0.0.tgz. Extracting by manifest.
1821 silly tarball no local data for which@https://registry.npmjs.org/which/-/which-1.3.1.tgz. Extracting by manifest.
1822 silly tarball no local data for estraverse@https://registry.npmjs.org/estraverse/-/estraverse-5.3.0.tgz. Extracting by manifest.
1823 silly tarball no local data for shebang-regex@https://registry.npmjs.org/shebang-regex/-/shebang-regex-1.0.0.tgz. Extracting by manifest.
1824 silly tarball no local data for escape-string-regexp@https://registry.npmjs.org/escape-string-regexp/-/escape-string-regexp-1.0.5.tgz. Extracting by manifest.
1825 silly tarball no local data for path-key@https://registry.npmjs.org/path-key/-/path-key-2.0.1.tgz. Extracting by manifest.
1826 silly tarball no local data for eslint-visitor-keys@https://registry.npmjs.org/eslint-visitor-keys/-/eslint-visitor-keys-1.3.0.tgz. Extracting by manifest.
1827 silly tarball no local data for semver@https://registry.npmjs.org/semver/-/semver-5.7.2.tgz. Extracting by manifest.
1828 silly tarball no local data for cross-spawn@https://registry.npmjs.org/cross-spawn/-/cross-spawn-6.0.6.tgz. Extracting by manifest.
1829 silly tarball no local data for estraverse@https://registry.npmjs.org/estraverse/-/estraverse-5.3.0.tgz. Extracting by manifest.
1830 silly tarball no local data for acorn@https://registry.npmjs.org/acorn/-/acorn-7.4.1.tgz. Extracting by manifest.
1831 silly tarball no local data for shebang-command@https://registry.npmjs.org/shebang-command/-/shebang-command-1.2.0.tgz. Extracting by manifest.
1832 silly tarball no local data for supports-color@https://registry.npmjs.org/supports-color/-/supports-color-8.1.1.tgz. Extracting by manifest.
1833 silly tarball no local data for ajv@https://registry.npmjs.org/ajv/-/ajv-8.17.1.tgz. Extracting by manifest.
1834 silly tarball no local data for jest-worker@https://registry.npmjs.org/jest-worker/-/jest-worker-28.1.3.tgz. Extracting by manifest.
1835 silly tarball no local data for schema-utils@https://registry.npmjs.org/schema-utils/-/schema-utils-4.3.3.tgz. Extracting by manifest.
1836 silly tarball no local data for ajv-keywords@https://registry.npmjs.org/ajv-keywords/-/ajv-keywords-5.1.0.tgz. Extracting by manifest.
1837 silly tarball no local data for json-schema-traverse@https://registry.npmjs.org/json-schema-traverse/-/json-schema-traverse-1.0.0.tgz. Extracting by manifest.
1838 silly tarball no local data for semver@https://registry.npmjs.org/semver/-/semver-7.7.4.tgz. Extracting by manifest.
1839 silly tarball no local data for eslint-utils@https://registry.npmjs.org/eslint-utils/-/eslint-utils-3.0.0.tgz. Extracting by manifest.
1840 silly tarball no local data for @babel/code-frame@https://registry.npmjs.org/@babel/code-frame/-/code-frame-7.12.11.tgz. Extracting by manifest.
1841 silly tarball no local data for eslint-visitor-keys@https://registry.npmjs.org/eslint-visitor-keys/-/eslint-visitor-keys-1.3.0.tgz. Extracting by manifest.
1842 silly tarball no local data for chalk@https://registry.npmjs.org/chalk/-/chalk-4.1.2.tgz. Extracting by manifest.
1843 silly tarball no local data for glob-parent@https://registry.npmjs.org/glob-parent/-/glob-parent-5.1.2.tgz. Extracting by manifest.
1844 silly tarball no local data for semver@https://registry.npmjs.org/semver/-/semver-7.7.4.tgz. Extracting by manifest.
1845 silly tarball no local data for is-stream@https://registry.npmjs.org/is-stream/-/is-stream-2.0.1.tgz. Extracting by manifest.
1846 silly tarball no local data for entities@https://registry.npmjs.org/entities/-/entities-2.2.0.tgz. Extracting by manifest.
1847 silly tarball no local data for npm-run-path@https://registry.npmjs.org/npm-run-path/-/npm-run-path-4.0.1.tgz. Extracting by manifest.
1848 silly tarball no local data for schema-utils@https://registry.npmjs.org/schema-utils/-/schema-utils-4.3.3.tgz. Extracting by manifest.
1849 silly tarball no local data for json-schema-traverse@https://registry.npmjs.org/json-schema-traverse/-/json-schema-traverse-1.0.0.tgz. Extracting by manifest.
1850 silly tarball no local data for ajv-keywords@https://registry.npmjs.org/ajv-keywords/-/ajv-keywords-5.1.0.tgz. Extracting by manifest.
1851 silly tarball no local data for semver@https://registry.npmjs.org/semver/-/semver-7.7.4.tgz. Extracting by manifest.
1852 silly tarball no local data for execa@https://registry.npmjs.org/execa/-/execa-5.1.1.tgz. Extracting by manifest.
1853 silly tarball no local data for schema-utils@https://registry.npmjs.org/schema-utils/-/schema-utils-3.3.0.tgz. Extracting by manifest.
1854 silly tarball no local data for debug@https://registry.npmjs.org/debug/-/debug-2.6.9.tgz. Extracting by manifest.
1855 silly tarball no local data for ms@https://registry.npmjs.org/ms/-/ms-2.0.0.tgz. Extracting by manifest.
1856 silly tarball no local data for ajv@https://registry.npmjs.org/ajv/-/ajv-8.17.1.tgz. Extracting by manifest.
1857 silly tarball no local data for chalk@https://registry.npmjs.org/chalk/-/chalk-4.1.2.tgz. Extracting by manifest.
1858 silly tarball no local data for get-stream@https://registry.npmjs.org/get-stream/-/get-stream-6.0.1.tgz. Extracting by manifest.
1859 silly tarball no local data for glob-parent@https://registry.npmjs.org/glob-parent/-/glob-parent-5.1.2.tgz. Extracting by manifest.
1860 silly tarball no local data for loader-utils@https://registry.npmjs.org/loader-utils/-/loader-utils-2.0.4.tgz. Extracting by manifest.
1861 silly tarball no local data for debug@https://registry.npmjs.org/debug/-/debug-2.6.9.tgz. Extracting by manifest.
1862 silly tarball no local data for hash-sum@https://registry.npmjs.org/hash-sum/-/hash-sum-1.0.2.tgz. Extracting by manifest.
1863 silly tarball no local data for ms@https://registry.npmjs.org/ms/-/ms-2.0.0.tgz. Extracting by manifest.
1864 silly tarball no local data for negotiator@https://registry.npmjs.org/negotiator/-/negotiator-0.6.3.tgz. Extracting by manifest.
1865 silly tarball no local data for ajv@https://registry.npmjs.org/ajv/-/ajv-8.17.1.tgz. Extracting by manifest.
1866 silly tarball no local data for postcss@https://registry.npmjs.org/postcss/-/postcss-7.0.39.tgz. Extracting by manifest.
1867 silly tarball no local data for json-schema-traverse@https://registry.npmjs.org/json-schema-traverse/-/json-schema-traverse-1.0.0.tgz. Extracting by manifest.
1868 silly tarball no local data for picocolors@https://registry.npmjs.org/picocolors/-/picocolors-0.2.1.tgz. Extracting by manifest.
1869 silly tarball no local data for lru-cache@https://registry.npmjs.org/lru-cache/-/lru-cache-4.1.5.tgz. Extracting by manifest.
1870 silly tarball no local data for hash-sum@https://registry.npmjs.org/hash-sum/-/hash-sum-1.0.2.tgz. Extracting by manifest.
1871 silly tarball no local data for @types/express-serve-static-core@https://registry.npmjs.org/@types/express-serve-static-core/-/express-serve-static-core-4.19.8.tgz. Extracting by manifest.
1872 silly tarball no local data for yallist@https://registry.npmjs.org/yallist/-/yallist-2.1.2.tgz. Extracting by manifest.
1873 silly tarball no local data for semver@https://registry.npmjs.org/semver/-/semver-7.7.4.tgz. Extracting by manifest.
1874 silly tarball no local data for yallist@https://registry.npmjs.org/yallist/-/yallist-4.0.0.tgz. Extracting by manifest.
1875 silly tarball no local data for lru-cache@https://registry.npmjs.org/lru-cache/-/lru-cache-6.0.0.tgz. Extracting by manifest.
1876 silly tarball no local data for chalk@https://registry.npmjs.org/chalk/-/chalk-4.1.2.tgz. Extracting by manifest.
1877 silly tarball no local data for babel-plugin-polyfill-corejs3@https://registry.npmjs.org/babel-plugin-polyfill-corejs3/-/babel-plugin-polyfill-corejs3-0.14.0.tgz. Extracting by manifest.
1878 silly tarball no local data for semver@https://registry.npmjs.org/semver/-/semver-7.7.4.tgz. Extracting by manifest.
1879 silly tarball no local data for has-flag@https://registry.npmjs.org/has-flag/-/has-flag-3.0.0.tgz. Extracting by manifest.
1880 silly tarball no local data for @types/send@https://registry.npmjs.org/@types/send/-/send-0.17.6.tgz. Extracting by manifest.
1881 silly tarball no local data for escape-string-regexp@https://registry.npmjs.org/escape-string-regexp/-/escape-string-regexp-1.0.5.tgz. Extracting by manifest.
1882 silly tarball no local data for color-convert@https://registry.npmjs.org/color-convert/-/color-convert-1.9.3.tgz. Extracting by manifest.
1883 silly tarball no local data for supports-color@https://registry.npmjs.org/supports-color/-/supports-color-5.5.0.tgz. Extracting by manifest.
1884 silly tarball no local data for ansi-styles@https://registry.npmjs.org/ansi-styles/-/ansi-styles-3.2.1.tgz. Extracting by manifest.
1885 silly tarball no local data for color-name@https://registry.npmjs.org/color-name/-/color-name-1.1.3.tgz. Extracting by manifest.
1886 silly tarball no local data for chalk@https://registry.npmjs.org/chalk/-/chalk-2.4.2.tgz. Extracting by manifest.
1887 http fetch GET 200 https://registry.npmjs.org/npm 1281ms
1888 http fetch GET 200 https://registry.npmjs.org/websocket-extensions/-/websocket-extensions-0.1.4.tgz 841ms (cache miss)
1889 http fetch GET 200 https://registry.npmjs.org/wrappy/-/wrappy-1.0.2.tgz 935ms (cache miss)
1890 http fetch GET 200 https://registry.npmjs.org/which/-/which-2.0.2.tgz 998ms (cache miss)
1891 http fetch GET 200 https://registry.npmjs.org/word-wrap/-/word-wrap-1.2.5.tgz 1018ms (cache miss)
1892 http fetch GET 200 https://registry.npmjs.org/yallist/-/yallist-3.1.1.tgz 1032ms (cache miss)
1893 http fetch GET 200 https://registry.npmjs.org/wrap-ansi/-/wrap-ansi-7.0.0.tgz 1031ms (cache miss)
1894 http fetch GET 200 https://registry.npmjs.org/y18n/-/y18n-5.0.8.tgz 1040ms (cache miss)
1895 http fetch GET 200 https://registry.npmjs.org/yargs-parser/-/yargs-parser-20.2.9.tgz 1046ms (cache miss)
1896 http fetch GET 200 https://registry.npmjs.org/ws/-/ws-7.5.10.tgz 1058ms (cache miss)
1897 http fetch GET 200 https://registry.npmjs.org/whatwg-fetch/-/whatwg-fetch-3.6.20.tgz 1062ms (cache miss)
1898 http fetch GET 200 https://registry.npmjs.org/whatwg-url/-/whatwg-url-5.0.0.tgz 1068ms (cache miss)
1899 http fetch GET 200 https://registry.npmjs.org/yorkie/-/yorkie-2.0.0.tgz 1075ms (cache miss)
1900 http fetch GET 200 https://registry.npmjs.org/websocket-driver/-/websocket-driver-0.7.4.tgz 1084ms (cache miss)
1901 http fetch GET 200 https://registry.npmjs.org/webpack-sources/-/webpack-sources-3.3.3.tgz 1102ms (cache miss)
1902 http fetch GET 200 https://registry.npmjs.org/webidl-conversions/-/webidl-conversions-3.0.1.tgz 1149ms (cache miss)
1903 http fetch GET 200 https://registry.npmjs.org/webpack-merge/-/webpack-merge-5.10.0.tgz 1177ms (cache miss)
1904 http fetch GET 200 https://registry.npmjs.org/webpack-virtual-modules/-/webpack-virtual-modules-0.4.6.tgz 1179ms (cache miss)
1905 http fetch GET 200 https://registry.npmjs.org/wbuf/-/wbuf-1.7.3.tgz 1184ms (cache miss)
1906 http fetch GET 200 https://registry.npmjs.org/yargs/-/yargs-16.2.0.tgz 1196ms (cache miss)
1907 http fetch GET 200 https://registry.npmjs.org/wcwidth/-/wcwidth-1.0.1.tgz 1214ms (cache miss)
1908 http fetch GET 200 https://registry.npmjs.org/wildcard/-/wildcard-2.0.1.tgz 1225ms (cache miss)
1909 http fetch GET 200 https://registry.npmjs.org/webpack-dev-middleware/-/webpack-dev-middleware-5.3.4.tgz 1229ms (cache miss)
1910 http fetch GET 200 https://registry.npmjs.org/webpack-chain/-/webpack-chain-6.5.1.tgz 1230ms (cache miss)
1911 warn deprecated webpack-chain@6.5.1: Package no longer supported. Contact Support at https://www.npmjs.com/support for more info.
1912 http fetch GET 200 https://registry.npmjs.org/watchpack/-/watchpack-2.5.1.tgz 1239ms (cache miss)
1913 http fetch GET 200 https://registry.npmjs.org/vue-style-loader/-/vue-style-loader-4.1.3.tgz 1244ms (cache miss)
1914 http fetch GET 200 https://registry.npmjs.org/yaml/-/yaml-1.10.2.tgz 1253ms (cache miss)
1915 http fetch GET 200 https://registry.npmjs.org/webpack-dev-server/-/webpack-dev-server-4.15.2.tgz 1314ms (cache miss)
1916 http fetch GET 200 https://registry.npmjs.org/vary/-/vary-1.1.2.tgz 1325ms (cache miss)
1917 http fetch GET 200 https://registry.npmjs.org/validate-npm-package-license/-/validate-npm-package-license-3.0.4.tgz 1350ms (cache miss)
1918 http fetch GET 200 https://registry.npmjs.org/v8-compile-cache/-/v8-compile-cache-2.4.0.tgz 1364ms (cache miss)
1919 http fetch GET 200 https://registry.npmjs.org/vue-hot-reload-api/-/vue-hot-reload-api-2.3.4.tgz 1368ms (cache miss)
1920 http fetch GET 200 https://registry.npmjs.org/utila/-/utila-0.4.0.tgz 1411ms (cache miss)
1921 http fetch GET 200 https://registry.npmjs.org/util-deprecate/-/util-deprecate-1.0.2.tgz 1412ms (cache miss)
1922 http fetch GET 200 https://registry.npmjs.org/vue-template-es2015-compiler/-/vue-template-es2015-compiler-1.9.1.tgz 1423ms (cache miss)
1923 http fetch GET 200 https://registry.npmjs.org/vue-loader/-/vue-loader-17.4.2.tgz 1430ms (cache miss)
1924 http fetch GET 200 https://registry.npmjs.org/utils-merge/-/utils-merge-1.0.1.tgz 1485ms (cache miss)
1925 http fetch GET 200 https://registry.npmjs.org/uuid/-/uuid-8.3.2.tgz 1500ms (cache miss)
1926 http fetch GET 200 https://registry.npmjs.org/update-browserslist-db/-/update-browserslist-db-1.2.3.tgz 1512ms (cache miss)
1927 http fetch GET 200 https://registry.npmjs.org/unpipe/-/unpipe-1.0.0.tgz 1534ms (cache miss)
1928 http fetch GET 200 https://registry.npmjs.org/universalify/-/universalify-2.0.1.tgz 1548ms (cache miss)
1929 http fetch GET 200 https://registry.npmjs.org/vue-eslint-parser/-/vue-eslint-parser-8.3.0.tgz 1569ms (cache miss)
1930 http fetch GET 200 https://registry.npmjs.org/unicode-match-property-value-ecmascript/-/unicode-match-property-value-ecmascript-2.2.1.tgz 1568ms (cache miss)
1931 http fetch GET 200 https://registry.npmjs.org/unicode-property-aliases-ecmascript/-/unicode-property-aliases-ecmascript-2.2.0.tgz 1568ms (cache miss)
1932 http fetch GET 200 https://registry.npmjs.org/type-is/-/type-is-1.6.18.tgz 1591ms (cache miss)
1933 http fetch GET 200 https://registry.npmjs.org/unicode-match-property-ecmascript/-/unicode-match-property-ecmascript-2.0.0.tgz 1596ms (cache miss)
1934 http fetch GET 200 https://registry.npmjs.org/vue-router/-/vue-router-4.6.4.tgz 1629ms (cache miss)
1935 http fetch GET 200 https://registry.npmjs.org/type-fest/-/type-fest-0.20.2.tgz 1671ms (cache miss)
1936 http fetch GET 200 https://registry.npmjs.org/webpack-bundle-analyzer/-/webpack-bundle-analyzer-4.10.2.tgz 1694ms (cache miss)
1937 http fetch GET 200 https://registry.npmjs.org/unicode-canonical-property-names-ecmascript/-/unicode-canonical-property-names-ecmascript-2.0.1.tgz 1696ms (cache miss)
1938 http fetch GET 200 https://registry.npmjs.org/type-check/-/type-check-0.4.0.tgz 1725ms (cache miss)
1939 http fetch GET 200 https://registry.npmjs.org/undici-types/-/undici-types-7.16.0.tgz 1728ms (cache miss)
1940 http fetch GET 200 https://registry.npmjs.org/toidentifier/-/toidentifier-1.0.1.tgz 1746ms (cache miss)
1941 http fetch GET 200 https://registry.npmjs.org/uri-js/-/uri-js-4.4.1.tgz 1767ms (cache miss)
1942 http fetch GET 200 https://registry.npmjs.org/tslib/-/tslib-2.8.1.tgz 1771ms (cache miss)
1943 http fetch GET 200 https://registry.npmjs.org/totalist/-/totalist-3.0.1.tgz 1778ms (cache miss)
1944 http fetch GET 200 https://registry.npmjs.org/thunky/-/thunky-1.1.0.tgz 1782ms (cache miss)
1945 http fetch GET 200 https://registry.npmjs.org/tr46/-/tr46-0.0.3.tgz 1783ms (cache miss)
1946 http fetch GET 200 https://registry.npmjs.org/to-regex-range/-/to-regex-range-5.0.1.tgz 1806ms (cache miss)
1947 http fetch GET 200 https://registry.npmjs.org/terser-webpack-plugin/-/terser-webpack-plugin-5.3.16.tgz 1829ms (cache miss)
1948 http fetch GET 200 https://registry.npmjs.org/thenify-all/-/thenify-all-1.6.0.tgz 1834ms (cache miss)
1949 http fetch GET 200 https://registry.npmjs.org/thenify/-/thenify-3.3.1.tgz 1868ms (cache miss)
1950 http fetch GET 200 https://registry.npmjs.org/text-table/-/text-table-0.2.0.tgz 1877ms (cache miss)
1951 http fetch GET 200 https://registry.npmjs.org/supports-color/-/supports-color-7.2.0.tgz 1917ms (cache miss)
1952 http fetch GET 200 https://registry.npmjs.org/tapable/-/tapable-2.3.0.tgz 1941ms (cache miss)
1953 http fetch GET 200 https://registry.npmjs.org/svg-tags/-/svg-tags-1.0.0.tgz 1972ms (cache miss)
1954 http fetch GET 200 https://registry.npmjs.org/supports-preserve-symlinks-flag/-/supports-preserve-symlinks-flag-1.0.0.tgz 1972ms (cache miss)
1955 http fetch GET 200 https://registry.npmjs.org/thread-loader/-/thread-loader-3.0.4.tgz 1973ms (cache miss)
1956 http fetch GET 200 https://registry.npmjs.org/vue/-/vue-3.5.27.tgz 2030ms (cache miss)
1957 http fetch GET 200 https://registry.npmjs.org/strip-json-comments/-/strip-json-comments-3.1.1.tgz 2044ms (cache miss)
1958 http fetch GET 200 https://registry.npmjs.org/strip-indent/-/strip-indent-2.0.0.tgz 2044ms (cache miss)
1959 http fetch GET 200 https://registry.npmjs.org/strip-ansi/-/strip-ansi-6.0.1.tgz 2056ms (cache miss)
1960 http fetch GET 200 https://registry.npmjs.org/strip-eof/-/strip-eof-1.0.0.tgz 2097ms (cache miss)
1961 http fetch GET 200 https://registry.npmjs.org/superjson/-/superjson-2.2.6.tgz 2099ms (cache miss)
1962 http fetch GET 200 https://registry.npmjs.org/string-width/-/string-width-4.2.3.tgz 2108ms (cache miss)
1963 http fetch GET 200 https://registry.npmjs.org/strip-final-newline/-/strip-final-newline-2.0.0.tgz 2110ms (cache miss)
1964 http fetch GET 200 https://registry.npmjs.org/stylehacks/-/stylehacks-5.1.1.tgz 2118ms (cache miss)
1965 http fetch GET 200 https://registry.npmjs.org/string_decoder/-/string_decoder-1.3.0.tgz 2156ms (cache miss)
1966 http fetch GET 200 https://registry.npmjs.org/stackframe/-/stackframe-1.3.4.tgz 2159ms (cache miss)
1967 http fetch GET 200 https://registry.npmjs.org/statuses/-/statuses-2.0.2.tgz 2165ms (cache miss)
1968 http fetch GET 200 https://registry.npmjs.org/stable/-/stable-0.1.8.tgz 2175ms (cache miss)
1969 http fetch GET 200 https://registry.npmjs.org/ssri/-/ssri-8.0.1.tgz 2176ms (cache miss)
1970 warn deprecated stable@0.1.8: Modern JS already guarantees Array#sort() is a stable sort, so this library is deprecated. See the compatibility table on MDN: https://developer.mozilla.org/en-US/docs/Web/JavaScript/Reference/Global_Objects/Array/sort#browser_compatibility
1971 http fetch GET 200 https://registry.npmjs.org/table/-/table-6.9.0.tgz 2192ms (cache miss)
1972 http fetch GET 200 https://registry.npmjs.org/sprintf-js/-/sprintf-js-1.0.3.tgz 2219ms (cache miss)
1973 http fetch GET 200 https://registry.npmjs.org/spdx-license-ids/-/spdx-license-ids-3.0.22.tgz 2240ms (cache miss)
1974 http fetch GET 200 https://registry.npmjs.org/spdy/-/spdy-4.0.2.tgz 2258ms (cache miss)
1975 http fetch GET 200 https://registry.npmjs.org/spdy-transport/-/spdy-transport-3.0.0.tgz 2263ms (cache miss)
1976 http fetch GET 200 https://registry.npmjs.org/spdx-exceptions/-/spdx-exceptions-2.5.0.tgz 2276ms (cache miss)
1977 http fetch GET 200 https://registry.npmjs.org/source-map-support/-/source-map-support-0.5.21.tgz 2314ms (cache miss)
1978 http fetch GET 200 https://registry.npmjs.org/speakingurl/-/speakingurl-14.0.1.tgz 2330ms (cache miss)
1979 http fetch GET 200 https://registry.npmjs.org/spdx-correct/-/spdx-correct-3.2.0.tgz 2357ms (cache miss)
1980 http fetch GET 200 https://registry.npmjs.org/slash/-/slash-3.0.0.tgz 2366ms (cache miss)
1981 http fetch GET 200 https://registry.npmjs.org/source-map-js/-/source-map-js-1.2.1.tgz 2382ms (cache miss)
1982 http fetch GET 200 https://registry.npmjs.org/svgo/-/svgo-2.8.0.tgz 2392ms (cache miss)
1983 http fetch GET 200 https://registry.npmjs.org/spdx-expression-parse/-/spdx-expression-parse-3.0.1.tgz 2389ms (cache miss)
1984 http fetch GET 200 https://registry.npmjs.org/slice-ansi/-/slice-ansi-4.0.0.tgz 2395ms (cache miss)
1985 http fetch GET 200 https://registry.npmjs.org/sockjs/-/sockjs-0.3.24.tgz 2423ms (cache miss)
1986 http fetch GET 200 https://registry.npmjs.org/terser/-/terser-5.46.0.tgz 2430ms (cache miss)
1987 http fetch GET 200 https://registry.npmjs.org/sirv/-/sirv-2.0.4.tgz 2433ms (cache miss)
1988 http fetch GET 200 https://registry.npmjs.org/side-channel-weakmap/-/side-channel-weakmap-1.0.2.tgz 2435ms (cache miss)
1989 http fetch GET 200 https://registry.npmjs.org/signal-exit/-/signal-exit-3.0.7.tgz 2441ms (cache miss)
1990 http fetch GET 200 https://registry.npmjs.org/side-channel-list/-/side-channel-list-1.0.0.tgz 2462ms (cache miss)
1991 http fetch GET 200 https://registry.npmjs.org/source-map/-/source-map-0.6.1.tgz 2463ms (cache miss)
1992 http fetch GET 200 https://registry.npmjs.org/side-channel-map/-/side-channel-map-1.0.1.tgz 2471ms (cache miss)
1993 http fetch GET 200 https://registry.npmjs.org/side-channel/-/side-channel-1.1.0.tgz 2511ms (cache miss)
1994 http fetch GET 200 https://registry.npmjs.org/shebang-command/-/shebang-command-2.0.0.tgz 2523ms (cache miss)
1995 http fetch GET 200 https://registry.npmjs.org/shallow-clone/-/shallow-clone-3.0.1.tgz 2540ms (cache miss)
1996 http fetch GET 200 https://registry.npmjs.org/shebang-regex/-/shebang-regex-3.0.0.tgz 2541ms (cache miss)
1997 http fetch GET 200 https://registry.npmjs.org/setprototypeof/-/setprototypeof-1.2.0.tgz 2542ms (cache miss)
1998 http fetch GET 200 https://registry.npmjs.org/shell-quote/-/shell-quote-1.8.3.tgz 2563ms (cache miss)
1999 http fetch GET 200 https://registry.npmjs.org/set-function-length/-/set-function-length-1.2.2.tgz 2571ms (cache miss)
2000 http fetch GET 200 https://registry.npmjs.org/serve-static/-/serve-static-1.16.3.tgz 2576ms (cache miss)
2001 http fetch GET 200 https://registry.npmjs.org/serialize-javascript/-/serialize-javascript-6.0.2.tgz 2598ms (cache miss)
2002 http fetch GET 200 https://registry.npmjs.org/selfsigned/-/selfsigned-2.4.1.tgz 2612ms (cache miss)
2003 http fetch GET 200 https://registry.npmjs.org/semver/-/semver-6.3.1.tgz 2633ms (cache miss)
2004 http fetch GET 200 https://registry.npmjs.org/send/-/send-0.19.2.tgz 2657ms (cache miss)
2005 http fetch GET 200 https://registry.npmjs.org/select-hose/-/select-hose-2.0.0.tgz 2658ms (cache miss)
2006 http fetch GET 200 https://registry.npmjs.org/schema-utils/-/schema-utils-2.7.1.tgz 2671ms (cache miss)
2007 http fetch GET 200 https://registry.npmjs.org/safer-buffer/-/safer-buffer-2.1.2.tgz 2684ms (cache miss)
2008 http fetch GET 200 https://registry.npmjs.org/rimraf/-/rimraf-3.0.2.tgz 2709ms (cache miss)
2009 http fetch GET 200 https://registry.npmjs.org/run-parallel/-/run-parallel-1.2.0.tgz 2709ms (cache miss)
2010 warn deprecated rimraf@3.0.2: Rimraf versions prior to v4 are no longer supported
2011 http fetch GET 200 https://registry.npmjs.org/restore-cursor/-/restore-cursor-3.1.0.tgz 2728ms (cache miss)
2012 http fetch GET 200 https://registry.npmjs.org/rfdc/-/rfdc-1.4.1.tgz 2733ms (cache miss)
2013 http fetch GET 200 https://registry.npmjs.org/retry/-/retry-0.13.1.tgz 2743ms (cache miss)
2014 http fetch GET 200 https://registry.npmjs.org/serve-index/-/serve-index-1.9.2.tgz 2749ms (cache miss)
2015 http fetch GET 200 https://registry.npmjs.org/safe-buffer/-/safe-buffer-5.2.1.tgz 2754ms (cache miss)
2016 http fetch GET 200 https://registry.npmjs.org/reusify/-/reusify-1.1.0.tgz 2773ms (cache miss)
2017 http fetch GET 200 https://registry.npmjs.org/requires-port/-/requires-port-1.0.0.tgz 2776ms (cache miss)
2018 http fetch GET 200 https://registry.npmjs.org/resolve-from/-/resolve-from-4.0.0.tgz 2788ms (cache miss)
2019 http fetch GET 200 https://registry.npmjs.org/require-directory/-/require-directory-2.1.1.tgz 2839ms (cache miss)
2020 http fetch GET 200 https://registry.npmjs.org/relateurl/-/relateurl-0.2.7.tgz 2853ms (cache miss)
2021 http fetch GET 200 https://registry.npmjs.org/regjsparser/-/regjsparser-0.13.0.tgz 2861ms (cache miss)
2022 http fetch GET 200 https://registry.npmjs.org/webpack/-/webpack-5.105.0.tgz 2893ms (cache miss)
2023 http fetch GET 200 https://registry.npmjs.org/require-from-string/-/require-from-string-2.0.2.tgz 2873ms (cache miss)
2024 http fetch GET 200 https://registry.npmjs.org/readdirp/-/readdirp-3.6.0.tgz 2911ms (cache miss)
2025 http fetch GET 200 https://registry.npmjs.org/regjsgen/-/regjsgen-0.8.0.tgz 2928ms (cache miss)
2026 http fetch GET 200 https://registry.npmjs.org/regenerate/-/regenerate-1.4.2.tgz 2943ms (cache miss)
2027 http fetch GET 200 https://registry.npmjs.org/regexpu-core/-/regexpu-core-6.4.0.tgz 2957ms (cache miss)
2028 http fetch GET 200 https://registry.npmjs.org/regexpp/-/regexpp-3.2.0.tgz 2961ms (cache miss)
2029 http fetch GET 200 https://registry.npmjs.org/read-pkg/-/read-pkg-5.2.0.tgz 2961ms (cache miss)
2030 http fetch GET 200 https://registry.npmjs.org/range-parser/-/range-parser-1.2.1.tgz 2971ms (cache miss)
2031 http fetch GET 200 https://registry.npmjs.org/renderkid/-/renderkid-3.0.0.tgz 2975ms (cache miss)
2032 http fetch GET 200 https://registry.npmjs.org/read-pkg-up/-/read-pkg-up-7.0.1.tgz 2989ms (cache miss)
2033 http fetch GET 200 https://registry.npmjs.org/randombytes/-/randombytes-2.1.0.tgz 3015ms (cache miss)
2034 http fetch GET 200 https://registry.npmjs.org/punycode/-/punycode-2.3.1.tgz 3017ms (cache miss)
2035 http fetch GET 200 https://registry.npmjs.org/readable-stream/-/readable-stream-3.6.2.tgz 3029ms (cache miss)
2036 http fetch GET 200 https://registry.npmjs.org/queue-microtask/-/queue-microtask-1.2.3.tgz 3043ms (cache miss)
2037 http fetch GET 200 https://registry.npmjs.org/resolve/-/resolve-1.22.11.tgz 3055ms (cache miss)
2038 http fetch GET 200 https://registry.npmjs.org/raw-body/-/raw-body-2.5.3.tgz 3060ms (cache miss)
2039 http fetch GET 200 https://registry.npmjs.org/proxy-from-env/-/proxy-from-env-1.1.0.tgz 3086ms (cache miss)
2040 http fetch GET 200 https://registry.npmjs.org/pump/-/pump-3.0.3.tgz 3106ms (cache miss)
2041 http fetch GET 200 https://registry.npmjs.org/qs/-/qs-6.14.1.tgz 3111ms (cache miss)
2042 http fetch GET 200 https://registry.npmjs.org/progress-webpack-plugin/-/progress-webpack-plugin-1.0.16.tgz 3117ms (cache miss)
2043 http fetch GET 200 https://registry.npmjs.org/progress/-/progress-2.0.3.tgz 3128ms (cache miss)
2044 http fetch GET 200 https://registry.npmjs.org/pseudomap/-/pseudomap-1.0.2.tgz 3134ms (cache miss)
2045 http fetch GET 200 https://registry.npmjs.org/process-nextick-args/-/process-nextick-args-2.0.1.tgz 3159ms (cache miss)
2046 http fetch GET 200 https://registry.npmjs.org/proxy-addr/-/proxy-addr-2.0.7.tgz 3187ms (cache miss)
2047 http fetch GET 200 https://registry.npmjs.org/pretty-error/-/pretty-error-4.0.0.tgz 3192ms (cache miss)
2048 http fetch GET 200 https://registry.npmjs.org/postcss-value-parser/-/postcss-value-parser-4.2.0.tgz 3203ms (cache miss)
2049 http fetch GET 200 https://registry.npmjs.org/prelude-ls/-/prelude-ls-1.2.1.tgz 3206ms (cache miss)
2050 http fetch GET 200 https://registry.npmjs.org/postcss-unique-selectors/-/postcss-unique-selectors-5.1.1.tgz 3217ms (cache miss)
2051 http fetch GET 200 https://registry.npmjs.org/postcss-svgo/-/postcss-svgo-5.1.0.tgz 3249ms (cache miss)
2052 http fetch GET 200 https://registry.npmjs.org/postcss-normalize-whitespace/-/postcss-normalize-whitespace-5.1.1.tgz 3283ms (cache miss)
2053 http fetch GET 200 https://registry.npmjs.org/postcss-reduce-transforms/-/postcss-reduce-transforms-5.1.0.tgz 3286ms (cache miss)
2054 http fetch GET 200 https://registry.npmjs.org/postcss-ordered-values/-/postcss-ordered-values-5.1.3.tgz 3296ms (cache miss)
2055 http fetch GET 200 https://registry.npmjs.org/postcss-selector-parser/-/postcss-selector-parser-6.1.2.tgz 3314ms (cache miss)
2056 http fetch GET 200 https://registry.npmjs.org/postcss-normalize-url/-/postcss-normalize-url-5.1.0.tgz 3315ms (cache miss)
2057 http fetch GET 200 https://registry.npmjs.org/postcss-reduce-initial/-/postcss-reduce-initial-5.1.2.tgz 3316ms (cache miss)
2058 http fetch GET 200 https://registry.npmjs.org/postcss-normalize-repeat-style/-/postcss-normalize-repeat-style-5.1.1.tgz 3327ms (cache miss)
2059 http fetch GET 200 https://registry.npmjs.org/postcss-normalize-unicode/-/postcss-normalize-unicode-5.1.1.tgz 3337ms (cache miss)
2060 http fetch GET 200 https://registry.npmjs.org/postcss-normalize-string/-/postcss-normalize-string-5.1.0.tgz 3341ms (cache miss)
2061 http fetch GET 200 https://registry.npmjs.org/postcss-normalize-positions/-/postcss-normalize-positions-5.1.1.tgz 3390ms (cache miss)
2062 http fetch GET 200 https://registry.npmjs.org/postcss-normalize-display-values/-/postcss-normalize-display-values-5.1.0.tgz 3392ms (cache miss)
2063 http fetch GET 200 https://registry.npmjs.org/postcss-normalize-timing-functions/-/postcss-normalize-timing-functions-5.1.0.tgz 3398ms (cache miss)
2064 http fetch GET 200 https://registry.npmjs.org/postcss-normalize-charset/-/postcss-normalize-charset-5.1.0.tgz 3407ms (cache miss)
2065 http fetch GET 200 https://registry.npmjs.org/postcss-modules-values/-/postcss-modules-values-4.0.0.tgz 3425ms (cache miss)
2066 http fetch GET 200 https://registry.npmjs.org/postcss-minify-selectors/-/postcss-minify-selectors-5.2.1.tgz 3465ms (cache miss)
2067 http fetch GET 200 https://registry.npmjs.org/postcss-modules-extract-imports/-/postcss-modules-extract-imports-3.1.0.tgz 3470ms (cache miss)
2068 http fetch GET 200 https://registry.npmjs.org/postcss-modules-scope/-/postcss-modules-scope-3.2.1.tgz 3474ms (cache miss)
2069 http fetch GET 200 https://registry.npmjs.org/postcss-merge-longhand/-/postcss-merge-longhand-5.1.7.tgz 3505ms (cache miss)
2070 http fetch GET 200 https://registry.npmjs.org/postcss-modules-local-by-default/-/postcss-modules-local-by-default-4.2.0.tgz 3533ms (cache miss)
2071 http fetch GET 200 https://registry.npmjs.org/postcss-discard-overridden/-/postcss-discard-overridden-5.1.0.tgz 3535ms (cache miss)
2072 http fetch GET 200 https://registry.npmjs.org/postcss-minify-gradients/-/postcss-minify-gradients-5.1.1.tgz 3536ms (cache miss)
2073 http fetch GET 200 https://registry.npmjs.org/postcss-merge-rules/-/postcss-merge-rules-5.1.4.tgz 3537ms (cache miss)
2074 http fetch GET 200 https://registry.npmjs.org/postcss-minify-font-values/-/postcss-minify-font-values-5.1.0.tgz 3549ms (cache miss)
2075 http fetch GET 200 https://registry.npmjs.org/postcss-colormin/-/postcss-colormin-5.3.1.tgz 3585ms (cache miss)
2076 http fetch GET 200 https://registry.npmjs.org/postcss-loader/-/postcss-loader-6.2.1.tgz 3586ms (cache miss)
2077 http fetch GET 200 https://registry.npmjs.org/postcss-minify-params/-/postcss-minify-params-5.1.4.tgz 3590ms (cache miss)
2078 http fetch GET 200 https://registry.npmjs.org/postcss-discard-duplicates/-/postcss-discard-duplicates-5.1.0.tgz 3593ms (cache miss)
2079 http fetch GET 200 https://registry.npmjs.org/postcss-discard-empty/-/postcss-discard-empty-5.1.1.tgz 3618ms (cache miss)
2080 http fetch GET 200 https://registry.npmjs.org/pkg-dir/-/pkg-dir-4.2.0.tgz 3660ms (cache miss)
2081 http fetch GET 200 https://registry.npmjs.org/portfinder/-/portfinder-1.0.38.tgz 3683ms (cache miss)
2082 http fetch GET 200 https://registry.npmjs.org/postcss-convert-values/-/postcss-convert-values-5.1.3.tgz 3717ms (cache miss)
2083 http fetch GET 200 https://registry.npmjs.org/postcss-calc/-/postcss-calc-8.2.4.tgz 3733ms (cache miss)
2084 http fetch GET 200 https://registry.npmjs.org/path-type/-/path-type-4.0.0.tgz 3733ms (cache miss)
2085 http fetch GET 200 https://registry.npmjs.org/perfect-debounce/-/perfect-debounce-1.0.0.tgz 3740ms (cache miss)
2086 http fetch GET 200 https://registry.npmjs.org/postcss-discard-comments/-/postcss-discard-comments-5.1.2.tgz 3743ms (cache miss)
2087 http fetch GET 200 https://registry.npmjs.org/picocolors/-/picocolors-1.1.1.tgz 3774ms (cache miss)
2088 http fetch GET 200 https://registry.npmjs.org/path-parse/-/path-parse-1.0.7.tgz 3779ms (cache miss)
2089 http fetch GET 200 https://registry.npmjs.org/path-to-regexp/-/path-to-regexp-0.1.12.tgz 3781ms (cache miss)
2090 http fetch GET 200 https://registry.npmjs.org/pinia/-/pinia-3.0.4.tgz 3786ms (cache miss)
2091 http fetch GET 200 https://registry.npmjs.org/picomatch/-/picomatch-2.3.1.tgz 3795ms (cache miss)
2092 http fetch GET 200 https://registry.npmjs.org/path-key/-/path-key-3.1.1.tgz 3821ms (cache miss)
2093 http fetch GET 200 https://registry.npmjs.org/parseurl/-/parseurl-1.3.3.tgz 3862ms (cache miss)
2094 http fetch GET 200 https://registry.npmjs.org/postcss/-/postcss-8.5.6.tgz 3866ms (cache miss)
2095 http fetch GET 200 https://registry.npmjs.org/pascal-case/-/pascal-case-3.1.2.tgz 3874ms (cache miss)
2096 http fetch GET 200 https://registry.npmjs.org/parse-json/-/parse-json-5.2.0.tgz 3888ms (cache miss)
2097 http fetch GET 200 https://registry.npmjs.org/path-is-absolute/-/path-is-absolute-1.0.1.tgz 3889ms (cache miss)
2098 http fetch GET 200 https://registry.npmjs.org/parse5-htmlparser2-tree-adapter/-/parse5-htmlparser2-tree-adapter-6.0.1.tgz 3912ms (cache miss)
2099 http fetch GET 200 https://registry.npmjs.org/path-exists/-/path-exists-4.0.0.tgz 3952ms (cache miss)
2100 http fetch GET 200 https://registry.npmjs.org/parent-module/-/parent-module-1.0.1.tgz 3958ms (cache miss)
2101 http fetch GET 200 https://registry.npmjs.org/param-case/-/param-case-3.0.4.tgz 3970ms (cache miss)
2102 http fetch GET 200 https://registry.npmjs.org/p-retry/-/p-retry-4.6.2.tgz 3970ms (cache miss)
2103 http fetch GET 200 https://registry.npmjs.org/p-try/-/p-try-2.2.0.tgz 3972ms (cache miss)
2104 http fetch GET 200 https://registry.npmjs.org/p-limit/-/p-limit-2.3.0.tgz 3974ms (cache miss)
2105 http fetch GET 200 https://registry.npmjs.org/p-locate/-/p-locate-4.1.0.tgz 3976ms (cache miss)
2106 http fetch GET 200 https://registry.npmjs.org/p-finally/-/p-finally-1.0.0.tgz 4006ms (cache miss)
2107 http fetch GET 200 https://registry.npmjs.org/parse5/-/parse5-5.1.1.tgz 4011ms (cache miss)
2108 http fetch GET 200 https://registry.npmjs.org/prettier/-/prettier-2.8.8.tgz 4024ms (cache miss)
2109 http fetch GET 200 https://registry.npmjs.org/regenerate-unicode-properties/-/regenerate-unicode-properties-10.2.2.tgz 4048ms (cache miss)
2110 http fetch GET 200 https://registry.npmjs.org/onetime/-/onetime-5.1.2.tgz 4038ms (cache miss)
2111 http fetch GET 200 https://registry.npmjs.org/optionator/-/optionator-0.9.4.tgz 4041ms (cache miss)
2112 http fetch GET 200 https://registry.npmjs.org/ora/-/ora-5.4.1.tgz 4045ms (cache miss)
2113 http fetch GET 200 https://registry.npmjs.org/opener/-/opener-1.5.2.tgz 4054ms (cache miss)
2114 http fetch GET 200 https://registry.npmjs.org/once/-/once-1.4.0.tgz 4063ms (cache miss)
2115 http fetch GET 200 https://registry.npmjs.org/on-headers/-/on-headers-1.1.0.tgz 4087ms (cache miss)
2116 http fetch GET 200 https://registry.npmjs.org/object-keys/-/object-keys-1.1.1.tgz 4101ms (cache miss)
2117 http fetch GET 200 https://registry.npmjs.org/open/-/open-8.4.2.tgz 4107ms (cache miss)
2118 http fetch GET 200 https://registry.npmjs.org/object.assign/-/object.assign-4.1.7.tgz 4121ms (cache miss)
2119 http fetch GET 200 https://registry.npmjs.org/on-finished/-/on-finished-2.4.1.tgz 4127ms (cache miss)
2120 http fetch GET 200 https://registry.npmjs.org/obuf/-/obuf-1.1.2.tgz 4134ms (cache miss)
2121 http fetch GET 200 https://registry.npmjs.org/nth-check/-/nth-check-2.1.1.tgz 4141ms (cache miss)
2122 http fetch GET 200 https://registry.npmjs.org/object-assign/-/object-assign-4.1.1.tgz 4141ms (cache miss)
2123 http fetch GET 200 https://registry.npmjs.org/npm-run-path/-/npm-run-path-2.0.2.tgz 4142ms (cache miss)
2124 http fetch GET 200 https://registry.npmjs.org/normalize-url/-/normalize-url-6.1.0.tgz 4186ms (cache miss)
2125 http fetch GET 200 https://registry.npmjs.org/node-releases/-/node-releases-2.0.27.tgz 4233ms (cache miss)
2126 http fetch GET 200 https://registry.npmjs.org/normalize-path/-/normalize-path-3.0.0.tgz 4240ms (cache miss)
2127 http fetch GET 200 https://registry.npmjs.org/normalize-package-data/-/normalize-package-data-2.5.0.tgz 4242ms (cache miss)
2128 http fetch GET 200 https://registry.npmjs.org/nice-try/-/nice-try-1.0.5.tgz 4297ms (cache miss)
2129 http fetch GET 200 https://registry.npmjs.org/object-inspect/-/object-inspect-1.13.4.tgz 4301ms (cache miss)
2130 http fetch GET 200 https://registry.npmjs.org/negotiator/-/negotiator-0.6.4.tgz 4324ms (cache miss)
2131 http fetch GET 200 https://registry.npmjs.org/natural-compare/-/natural-compare-1.4.0.tgz 4325ms (cache miss)
2132 http fetch GET 200 https://registry.npmjs.org/mz/-/mz-2.7.0.tgz 4347ms (cache miss)
2133 http fetch GET 200 https://registry.npmjs.org/no-case/-/no-case-3.0.4.tgz 4360ms (cache miss)
2134 http fetch GET 200 https://registry.npmjs.org/multicast-dns/-/multicast-dns-7.2.5.tgz 4357ms (cache miss)
2135 http fetch GET 200 https://registry.npmjs.org/node-fetch/-/node-fetch-2.7.0.tgz 4360ms (cache miss)
2136 http fetch GET 200 https://registry.npmjs.org/ms/-/ms-2.1.3.tgz 4367ms (cache miss)
2137 http fetch GET 200 https://registry.npmjs.org/nanoid/-/nanoid-3.3.11.tgz 4390ms (cache miss)
2138 http fetch GET 200 https://registry.npmjs.org/minipass/-/minipass-3.3.6.tgz 4420ms (cache miss)
2139 http fetch GET 200 https://registry.npmjs.org/mitt/-/mitt-3.0.1.tgz 4430ms (cache miss)
2140 http fetch GET 200 https://registry.npmjs.org/minimist/-/minimist-1.2.8.tgz 4434ms (cache miss)
2141 http fetch GET 200 https://registry.npmjs.org/module-alias/-/module-alias-2.3.4.tgz 4440ms (cache miss)
2142 http fetch GET 200 https://registry.npmjs.org/minimatch/-/minimatch-3.1.2.tgz 4508ms (cache miss)
2143 http fetch GET 200 https://registry.npmjs.org/mime-types/-/mime-types-2.1.35.tgz 4513ms (cache miss)
2144 http fetch GET 200 https://registry.npmjs.org/minimalistic-assert/-/minimalistic-assert-1.0.1.tgz 4514ms (cache miss)
2145 http fetch GET 200 https://registry.npmjs.org/mrmime/-/mrmime-2.0.1.tgz 4518ms (cache miss)
2146 http fetch GET 200 https://registry.npmjs.org/neo-async/-/neo-async-2.6.2.tgz 4548ms (cache miss)
2147 http fetch GET 200 https://registry.npmjs.org/merge2/-/merge2-1.4.1.tgz 4542ms (cache miss)
2148 http fetch GET 200 https://registry.npmjs.org/mimic-fn/-/mimic-fn-2.1.0.tgz 4545ms (cache miss)
2149 http fetch GET 200 https://registry.npmjs.org/micromatch/-/micromatch-4.0.8.tgz 4553ms (cache miss)
2150 http fetch GET 200 https://registry.npmjs.org/mime/-/mime-1.6.0.tgz 4555ms (cache miss)
2151 http fetch GET 200 https://registry.npmjs.org/merge-stream/-/merge-stream-2.0.0.tgz 4561ms (cache miss)
2152 http fetch GET 200 https://registry.npmjs.org/mini-css-extract-plugin/-/mini-css-extract-plugin-2.10.0.tgz 4566ms (cache miss)
2153 http fetch GET 200 https://registry.npmjs.org/methods/-/methods-1.1.2.tgz 4595ms (cache miss)
2154 http fetch GET 200 https://registry.npmjs.org/mime-db/-/mime-db-1.52.0.tgz 4617ms (cache miss)
2155 http fetch GET 200 https://registry.npmjs.org/media-typer/-/media-typer-0.3.0.tgz 4619ms (cache miss)
2156 http fetch GET 200 https://registry.npmjs.org/node-forge/-/node-forge-1.3.3.tgz 4642ms (cache miss)
2157 http fetch GET 200 https://registry.npmjs.org/merge-source-map/-/merge-source-map-1.1.0.tgz 4676ms (cache miss)
2158 http fetch GET 200 https://registry.npmjs.org/merge-descriptors/-/merge-descriptors-1.0.3.tgz 4678ms (cache miss)
2159 http fetch GET 200 https://registry.npmjs.org/memfs/-/memfs-3.5.3.tgz 4691ms (cache miss)
2160 http fetch GET 200 https://registry.npmjs.org/lru-cache/-/lru-cache-5.1.1.tgz 4692ms (cache miss)
2161 http fetch GET 200 https://registry.npmjs.org/math-intrinsics/-/math-intrinsics-1.1.0.tgz 4693ms (cache miss)
2162 http fetch GET 200 https://registry.npmjs.org/log-update/-/log-update-2.3.0.tgz 4738ms (cache miss)
2163 http fetch GET 200 https://registry.npmjs.org/lodash.uniq/-/lodash.uniq-4.5.0.tgz 4747ms (cache miss)
2164 http fetch GET 200 https://registry.npmjs.org/log-symbols/-/log-symbols-4.1.0.tgz 4749ms (cache miss)
2165 http fetch GET 200 https://registry.npmjs.org/lower-case/-/lower-case-2.0.2.tgz 4763ms (cache miss)
2166 http fetch GET 200 https://registry.npmjs.org/mdn-data/-/mdn-data-2.0.14.tgz 4765ms (cache miss)
2167 http fetch GET 200 https://registry.npmjs.org/magic-string/-/magic-string-0.30.21.tgz 4772ms (cache miss)
2168 http fetch GET 200 https://registry.npmjs.org/make-dir/-/make-dir-3.1.0.tgz 4796ms (cache miss)
2169 http fetch GET 200 https://registry.npmjs.org/lodash.mapvalues/-/lodash.mapvalues-4.6.0.tgz 4797ms (cache miss)
2170 http fetch GET 200 https://registry.npmjs.org/lodash.merge/-/lodash.merge-4.6.2.tgz 4828ms (cache miss)
2171 http fetch GET 200 https://registry.npmjs.org/lodash.truncate/-/lodash.truncate-4.4.2.tgz 4838ms (cache miss)
2172 http fetch GET 200 https://registry.npmjs.org/lodash.memoize/-/lodash.memoize-4.1.2.tgz 4840ms (cache miss)
2173 http fetch GET 200 https://registry.npmjs.org/lodash.debounce/-/lodash.debounce-4.0.8.tgz 4868ms (cache miss)
2174 http fetch GET 200 https://registry.npmjs.org/lodash.kebabcase/-/lodash.kebabcase-4.1.1.tgz 4872ms (cache miss)
2175 http fetch GET 200 https://registry.npmjs.org/lodash.defaultsdeep/-/lodash.defaultsdeep-4.6.1.tgz 4882ms (cache miss)
2176 http fetch GET 200 https://registry.npmjs.org/locate-path/-/locate-path-5.0.0.tgz 4920ms (cache miss)
2177 http fetch GET 200 https://registry.npmjs.org/lines-and-columns/-/lines-and-columns-1.2.4.tgz 4921ms (cache miss)
2178 http fetch GET 200 https://registry.npmjs.org/loader-runner/-/loader-runner-4.3.1.tgz 4929ms (cache miss)
2179 http fetch GET 200 https://registry.npmjs.org/lilconfig/-/lilconfig-2.1.0.tgz 4939ms (cache miss)
2180 http fetch GET 200 https://registry.npmjs.org/loader-utils/-/loader-utils-1.4.2.tgz 4949ms (cache miss)
2181 http fetch GET 200 https://registry.npmjs.org/levn/-/levn-0.4.1.tgz 4951ms (cache miss)
2182 http fetch GET 200 https://registry.npmjs.org/klona/-/klona-2.0.6.tgz 4982ms (cache miss)
2183 http fetch GET 200 https://registry.npmjs.org/launch-editor-middleware/-/launch-editor-middleware-2.12.0.tgz 4982ms (cache miss)
2184 http fetch GET 200 https://registry.npmjs.org/json-stable-stringify-without-jsonify/-/json-stable-stringify-without-jsonify-1.0.1.tgz 5033ms (cache miss)
2185 http fetch GET 200 https://registry.npmjs.org/kind-of/-/kind-of-6.0.3.tgz 5045ms (cache miss)
2186 http fetch GET 200 https://registry.npmjs.org/launch-editor/-/launch-editor-2.12.0.tgz 5068ms (cache miss)
2187 http fetch GET 200 https://registry.npmjs.org/json5/-/json5-2.2.3.tgz 5077ms (cache miss)
2188 http fetch GET 200 https://registry.npmjs.org/keyv/-/keyv-4.5.4.tgz 5101ms (cache miss)
2189 http fetch GET 200 https://registry.npmjs.org/jsonfile/-/jsonfile-6.2.0.tgz 5103ms (cache miss)
2190 http fetch GET 200 https://registry.npmjs.org/json-parse-even-better-errors/-/json-parse-even-better-errors-2.3.1.tgz 5103ms (cache miss)
2191 http fetch GET 200 https://registry.npmjs.org/json-parse-better-errors/-/json-parse-better-errors-1.0.2.tgz 5122ms (cache miss)
2192 http fetch GET 200 https://registry.npmjs.org/json-schema-traverse/-/json-schema-traverse-0.4.1.tgz 5132ms (cache miss)
2193 http fetch GET 200 https://registry.npmjs.org/jsesc/-/jsesc-3.1.0.tgz 5132ms (cache miss)
2194 http fetch GET 200 https://registry.npmjs.org/json-buffer/-/json-buffer-3.0.1.tgz 5134ms (cache miss)
2195 http fetch GET 200 https://registry.npmjs.org/js-tokens/-/js-tokens-4.0.0.tgz 5145ms (cache miss)
2196 http fetch GET 200 https://registry.npmjs.org/js-message/-/js-message-1.0.7.tgz 5160ms (cache miss)
2197 http fetch GET 200 https://registry.npmjs.org/isobject/-/isobject-3.0.1.tgz 5229ms (cache miss)
2198 http fetch GET 200 https://registry.npmjs.org/javascript-stringify/-/javascript-stringify-2.1.0.tgz 5247ms (cache miss)
2199 http fetch GET 200 https://registry.npmjs.org/isexe/-/isexe-2.0.0.tgz 5257ms (cache miss)
2200 http fetch GET 200 https://registry.npmjs.org/js-yaml/-/js-yaml-3.14.2.tgz 5264ms (cache miss)
2201 http fetch GET 200 https://registry.npmjs.org/isarray/-/isarray-1.0.0.tgz 5282ms (cache miss)
2202 http fetch GET 200 https://registry.npmjs.org/is-unicode-supported/-/is-unicode-supported-0.1.0.tgz 5285ms (cache miss)
2203 http fetch GET 200 https://registry.npmjs.org/is-wsl/-/is-wsl-2.2.0.tgz 5292ms (cache miss)
2204 http fetch GET 200 https://registry.npmjs.org/is-stream/-/is-stream-1.1.0.tgz 5292ms (cache miss)
2205 http fetch GET 200 https://registry.npmjs.org/jest-worker/-/jest-worker-27.5.1.tgz 5311ms (cache miss)
2206 http fetch GET 200 https://registry.npmjs.org/is-number/-/is-number-7.0.0.tgz 5318ms (cache miss)
2207 http fetch GET 200 https://registry.npmjs.org/is-plain-object/-/is-plain-object-2.0.4.tgz 5335ms (cache miss)
2208 http fetch GET 200 https://registry.npmjs.org/is-plain-obj/-/is-plain-obj-3.0.0.tgz 5342ms (cache miss)
2209 http fetch GET 200 https://registry.npmjs.org/is-glob/-/is-glob-4.0.3.tgz 5344ms (cache miss)
2210 http fetch GET 200 https://registry.npmjs.org/joi/-/joi-17.13.3.tgz 5357ms (cache miss)
2211 http fetch GET 200 https://registry.npmjs.org/is-fullwidth-code-point/-/is-fullwidth-code-point-3.0.0.tgz 5391ms (cache miss)
2212 http fetch GET 200 https://registry.npmjs.org/is-extglob/-/is-extglob-2.1.1.tgz 5425ms (cache miss)
2213 http fetch GET 200 https://registry.npmjs.org/is-file-esm/-/is-file-esm-1.0.0.tgz 5428ms (cache miss)
2214 http fetch GET 200 https://registry.npmjs.org/is-what/-/is-what-5.5.0.tgz 5438ms (cache miss)
2215 http fetch GET 200 https://registry.npmjs.org/is-core-module/-/is-core-module-2.16.1.tgz 5450ms (cache miss)
2216 http fetch GET 200 https://registry.npmjs.org/is-docker/-/is-docker-2.2.1.tgz 5451ms (cache miss)
2217 http fetch GET 200 https://registry.npmjs.org/is-ci/-/is-ci-1.2.1.tgz 5473ms (cache miss)
2218 http fetch GET 200 https://registry.npmjs.org/is-binary-path/-/is-binary-path-2.1.0.tgz 5475ms (cache miss)
2219 http fetch GET 200 https://registry.npmjs.org/is-arrayish/-/is-arrayish-0.2.1.tgz 5476ms (cache miss)
2220 http fetch GET 200 https://registry.npmjs.org/is-interactive/-/is-interactive-1.0.0.tgz 5478ms (cache miss)
2221 http fetch GET 200 https://registry.npmjs.org/inherits/-/inherits-2.0.4.tgz 5478ms (cache miss)
2222 http fetch GET 200 https://registry.npmjs.org/ipaddr.js/-/ipaddr.js-2.3.0.tgz 5510ms (cache miss)
2223 http fetch GET 200 https://registry.npmjs.org/import-fresh/-/import-fresh-3.3.1.tgz 5510ms (cache miss)
2224 http fetch GET 200 https://registry.npmjs.org/imurmurhash/-/imurmurhash-0.1.4.tgz 5510ms (cache miss)
2225 http fetch GET 200 https://registry.npmjs.org/inflight/-/inflight-1.0.6.tgz 5531ms (cache miss)
2226 warn deprecated inflight@1.0.6: This module is not supported, and leaks memory. Do not use it. Check out lru-cache if you want a good and tested way to coalesce async requests by a key value, which is much more comprehensive and powerful.
2227 http fetch GET 200 https://registry.npmjs.org/ignore/-/ignore-4.0.6.tgz 5532ms (cache miss)
2228 http fetch GET 200 https://registry.npmjs.org/ieee754/-/ieee754-1.2.1.tgz 5580ms (cache miss)
2229 http fetch GET 200 https://registry.npmjs.org/icss-utils/-/icss-utils-5.1.0.tgz 5607ms (cache miss)
2230 http fetch GET 200 https://registry.npmjs.org/human-signals/-/human-signals-2.1.0.tgz 5607ms (cache miss)
2231 http fetch GET 200 https://registry.npmjs.org/http-parser-js/-/http-parser-js-0.5.10.tgz 5640ms (cache miss)
2232 http fetch GET 200 https://registry.npmjs.org/html-tags/-/html-tags-2.0.0.tgz 5656ms (cache miss)
2233 http fetch GET 200 https://registry.npmjs.org/http-errors/-/http-errors-2.0.1.tgz 5659ms (cache miss)
2234 http fetch GET 200 https://registry.npmjs.org/http-proxy/-/http-proxy-1.18.1.tgz 5684ms (cache miss)
2235 http fetch GET 200 https://registry.npmjs.org/html-escaper/-/html-escaper-2.0.2.tgz 5701ms (cache miss)
2236 http fetch GET 200 https://registry.npmjs.org/http-deceiver/-/http-deceiver-1.2.7.tgz 5709ms (cache miss)
2237 http fetch GET 200 https://registry.npmjs.org/htmlparser2/-/htmlparser2-6.1.0.tgz 5721ms (cache miss)
2238 http fetch GET 200 https://registry.npmjs.org/hosted-git-info/-/hosted-git-info-2.8.9.tgz 5732ms (cache miss)
2239 http fetch GET 200 https://registry.npmjs.org/html-webpack-plugin/-/html-webpack-plugin-5.6.6.tgz 5736ms (cache miss)
2240 http fetch GET 200 https://registry.npmjs.org/http-proxy-middleware/-/http-proxy-middleware-2.0.9.tgz 5741ms (cache miss)
2241 http fetch GET 200 https://registry.npmjs.org/iconv-lite/-/iconv-lite-0.4.24.tgz 5746ms (cache miss)
2242 http fetch GET 200 https://registry.npmjs.org/html-minifier-terser/-/html-minifier-terser-6.1.0.tgz 5757ms (cache miss)
2243 http fetch GET 200 https://registry.npmjs.org/he/-/he-1.2.0.tgz 5799ms (cache miss)
2244 http fetch GET 200 https://registry.npmjs.org/hash-sum/-/hash-sum-2.0.0.tgz 5841ms (cache miss)
2245 http fetch GET 200 https://registry.npmjs.org/hpack.js/-/hpack.js-2.1.6.tgz 5852ms (cache miss)
2246 http fetch GET 200 https://registry.npmjs.org/has-property-descriptors/-/has-property-descriptors-1.0.2.tgz 5856ms (cache miss)
2247 http fetch GET 200 https://registry.npmjs.org/hookable/-/hookable-5.5.3.tgz 5858ms (cache miss)
2248 http fetch GET 200 https://registry.npmjs.org/has-tostringtag/-/has-tostringtag-1.0.2.tgz 5860ms (cache miss)
2249 http fetch GET 200 https://registry.npmjs.org/hasown/-/hasown-2.0.2.tgz 5868ms (cache miss)
2250 http fetch GET 200 https://registry.npmjs.org/has-flag/-/has-flag-4.0.0.tgz 5893ms (cache miss)
2251 http fetch GET 200 https://registry.npmjs.org/handle-thing/-/handle-thing-2.0.1.tgz 5955ms (cache miss)
2252 http fetch GET 200 https://registry.npmjs.org/gopd/-/gopd-1.2.0.tgz 5959ms (cache miss)
2253 http fetch GET 200 https://registry.npmjs.org/globals/-/globals-13.24.0.tgz 5971ms (cache miss)
2254 http fetch GET 200 https://registry.npmjs.org/globby/-/globby-11.1.0.tgz 5974ms (cache miss)
2255 http fetch GET 200 https://registry.npmjs.org/gzip-size/-/gzip-size-6.0.0.tgz 5980ms (cache miss)
2256 http fetch GET 200 https://registry.npmjs.org/glob-parent/-/glob-parent-6.0.2.tgz 5987ms (cache miss)
2257 http fetch GET 200 https://registry.npmjs.org/html-entities/-/html-entities-2.6.0.tgz 5992ms (cache miss)
2258 http fetch GET 200 https://registry.npmjs.org/has-symbols/-/has-symbols-1.1.0.tgz 5994ms (cache miss)
2259 http fetch GET 200 https://registry.npmjs.org/graceful-fs/-/graceful-fs-4.2.11.tgz 6011ms (cache miss)
2260 http fetch GET 200 https://registry.npmjs.org/glob-to-regexp/-/glob-to-regexp-0.4.1.tgz 6042ms (cache miss)
2261 http fetch GET 200 https://registry.npmjs.org/glob/-/glob-7.2.3.tgz 6042ms (cache miss)
2262 http fetch GET 200 https://registry.npmjs.org/get-caller-file/-/get-caller-file-2.0.5.tgz 6043ms (cache miss)
2263 warn deprecated glob@7.2.3: Old versions of glob are not supported, and contain widely publicized security vulnerabilities, which have been fixed in the current version. Please update. Support for old versions may be purchased (at exorbitant rates) by contacting i@izs.me
2264 http fetch GET 200 https://registry.npmjs.org/get-intrinsic/-/get-intrinsic-1.3.0.tgz 6058ms (cache miss)
2265 http fetch GET 200 https://registry.npmjs.org/get-stream/-/get-stream-4.1.0.tgz 6061ms (cache miss)
2266 http fetch GET 200 https://registry.npmjs.org/get-proto/-/get-proto-1.0.1.tgz 6068ms (cache miss)
2267 http fetch GET 200 https://registry.npmjs.org/gensync/-/gensync-1.0.0-beta.2.tgz 6070ms (cache miss)
2268 http fetch GET 200 https://registry.npmjs.org/function-bind/-/function-bind-1.1.2.tgz 6078ms (cache miss)
2269 http fetch GET 200 https://registry.npmjs.org/fs-monkey/-/fs-monkey-1.1.0.tgz 6100ms (cache miss)
2270 http fetch GET 200 https://registry.npmjs.org/fresh/-/fresh-0.5.2.tgz 6101ms (cache miss)
2271 http fetch GET 200 https://registry.npmjs.org/functional-red-black-tree/-/functional-red-black-tree-1.0.1.tgz 6104ms (cache miss)
2272 http fetch GET 200 https://registry.npmjs.org/forwarded/-/forwarded-0.2.0.tgz 6136ms (cache miss)
2273 http fetch GET 200 https://registry.npmjs.org/follow-redirects/-/follow-redirects-1.15.11.tgz 6190ms (cache miss)
2274 http fetch GET 200 https://registry.npmjs.org/fs.realpath/-/fs.realpath-1.0.0.tgz 6190ms (cache miss)
2275 http fetch GET 200 https://registry.npmjs.org/flat/-/flat-5.0.2.tgz 6231ms (cache miss)
2276 http fetch GET 200 https://registry.npmjs.org/fs-extra/-/fs-extra-9.1.0.tgz 6238ms (cache miss)
2277 http fetch GET 200 https://registry.npmjs.org/flatted/-/flatted-3.3.3.tgz 6257ms (cache miss)
2278 http fetch GET 200 https://registry.npmjs.org/find-up/-/find-up-4.1.0.tgz 6268ms (cache miss)
2279 http fetch GET 200 https://registry.npmjs.org/flat-cache/-/flat-cache-3.2.0.tgz 6269ms (cache miss)
2280 http fetch GET 200 https://registry.npmjs.org/form-data/-/form-data-4.0.5.tgz 6276ms (cache miss)
2281 http fetch GET 200 https://registry.npmjs.org/finalhandler/-/finalhandler-1.3.2.tgz 6276ms (cache miss)
2282 http fetch GET 200 https://registry.npmjs.org/fill-range/-/fill-range-7.1.1.tgz 6289ms (cache miss)
2283 http fetch GET 200 https://registry.npmjs.org/figures/-/figures-2.0.0.tgz 6289ms (cache miss)
2284 http fetch GET 200 https://registry.npmjs.org/file-entry-cache/-/file-entry-cache-6.0.1.tgz 6290ms (cache miss)
2285 http fetch GET 200 https://registry.npmjs.org/fraction.js/-/fraction.js-5.3.4.tgz 6302ms (cache miss)
2286 http fetch GET 200 https://registry.npmjs.org/faye-websocket/-/faye-websocket-0.11.4.tgz 6308ms (cache miss)
2287 http fetch GET 200 https://registry.npmjs.org/find-cache-dir/-/find-cache-dir-3.3.2.tgz 6333ms (cache miss)
2288 http fetch GET 200 https://registry.npmjs.org/fast-json-stable-stringify/-/fast-json-stable-stringify-2.1.0.tgz 6343ms (cache miss)
2289 http fetch GET 200 https://registry.npmjs.org/fast-levenshtein/-/fast-levenshtein-2.0.6.tgz 6427ms (cache miss)
2290 http fetch GET 200 https://registry.npmjs.org/execa/-/execa-1.0.0.tgz 6427ms (cache miss)
2291 http fetch GET 200 https://registry.npmjs.org/fastq/-/fastq-1.20.1.tgz 6453ms (cache miss)
2292 http fetch GET 200 https://registry.npmjs.org/eventemitter3/-/eventemitter3-4.0.7.tgz 6467ms (cache miss)
2293 http fetch GET 200 https://registry.npmjs.org/fast-deep-equal/-/fast-deep-equal-3.1.3.tgz 6473ms (cache miss)
2294 http fetch GET 200 https://registry.npmjs.org/etag/-/etag-1.8.1.tgz 6484ms (cache miss)
2295 http fetch GET 200 https://registry.npmjs.org/estraverse/-/estraverse-4.3.0.tgz 6486ms (cache miss)
2296 http fetch GET 200 https://registry.npmjs.org/esutils/-/esutils-2.0.3.tgz 6486ms (cache miss)
2297 http fetch GET 200 https://registry.npmjs.org/estree-walker/-/estree-walker-2.0.2.tgz 6488ms (cache miss)
2298 http fetch GET 200 https://registry.npmjs.org/fast-uri/-/fast-uri-3.1.0.tgz 6519ms (cache miss)
2299 http fetch GET 200 https://registry.npmjs.org/express/-/express-4.22.1.tgz 6519ms (cache miss)
2300 http fetch GET 200 https://registry.npmjs.org/esrecurse/-/esrecurse-4.3.0.tgz 6521ms (cache miss)
2301 http fetch GET 200 https://registry.npmjs.org/events/-/events-3.3.0.tgz 6548ms (cache miss)
2302 http fetch GET 200 https://registry.npmjs.org/eslint-webpack-plugin/-/eslint-webpack-plugin-3.2.0.tgz 6560ms (cache miss)
2303 http fetch GET 200 https://registry.npmjs.org/event-pubsub/-/event-pubsub-4.3.0.tgz 6562ms (cache miss)
2304 http fetch GET 200 https://registry.npmjs.org/fast-glob/-/fast-glob-3.3.3.tgz 6596ms (cache miss)
2305 http fetch GET 200 https://registry.npmjs.org/espree/-/espree-7.3.1.tgz 6599ms (cache miss)
2306 http fetch GET 200 https://registry.npmjs.org/esprima/-/esprima-4.0.1.tgz 6627ms (cache miss)
2307 http fetch GET 200 https://registry.npmjs.org/escape-string-regexp/-/escape-string-regexp-4.0.0.tgz 6650ms (cache miss)
2308 http fetch GET 200 https://registry.npmjs.org/eslint-visitor-keys/-/eslint-visitor-keys-2.1.0.tgz 6664ms (cache miss)
2309 http fetch GET 200 https://registry.npmjs.org/es-set-tostringtag/-/es-set-tostringtag-2.1.0.tgz 6684ms (cache miss)
2310 http fetch GET 200 https://registry.npmjs.org/eslint-utils/-/eslint-utils-2.1.0.tgz 6689ms (cache miss)
2311 http fetch GET 200 https://registry.npmjs.org/escalade/-/escalade-3.2.0.tgz 6698ms (cache miss)
2312 http fetch GET 200 https://registry.npmjs.org/es-module-lexer/-/es-module-lexer-2.0.0.tgz 6707ms (cache miss)
2313 http fetch GET 200 https://registry.npmjs.org/eslint-scope/-/eslint-scope-5.1.1.tgz 6710ms (cache miss)
2314 http fetch GET 200 https://registry.npmjs.org/es-object-atoms/-/es-object-atoms-1.1.1.tgz 6739ms (cache miss)
2315 http fetch GET 200 https://registry.npmjs.org/esquery/-/esquery-1.7.0.tgz 6742ms (cache miss)
2316 http fetch GET 200 https://registry.npmjs.org/error-stack-parser/-/error-stack-parser-2.1.4.tgz 6748ms (cache miss)
2317 http fetch GET 200 https://registry.npmjs.org/escape-html/-/escape-html-1.0.3.tgz 6756ms (cache miss)
2318 http fetch GET 200 https://registry.npmjs.org/es-errors/-/es-errors-1.3.0.tgz 6772ms (cache miss)
2319 http fetch GET 200 https://registry.npmjs.org/es-define-property/-/es-define-property-1.0.1.tgz 6825ms (cache miss)
2320 http fetch GET 200 https://registry.npmjs.org/error-ex/-/error-ex-1.3.4.tgz 6849ms (cache miss)
2321 http fetch GET 200 https://registry.npmjs.org/end-of-stream/-/end-of-stream-1.4.5.tgz 6851ms (cache miss)
2322 http fetch GET 200 https://registry.npmjs.org/emojis-list/-/emojis-list-3.0.0.tgz 6855ms (cache miss)
2323 http fetch GET 200 https://registry.npmjs.org/ee-first/-/ee-first-1.1.1.tgz 6871ms (cache miss)
2324 http fetch GET 200 https://registry.npmjs.org/encodeurl/-/encodeurl-2.0.0.tgz 6881ms (cache miss)
2325 http fetch GET 200 https://registry.npmjs.org/easy-stack/-/easy-stack-1.0.1.tgz 6881ms (cache miss)
2326 http fetch GET 200 https://registry.npmjs.org/emoji-regex/-/emoji-regex-8.0.0.tgz 6892ms (cache miss)
2327 http fetch GET 200 https://registry.npmjs.org/duplexer/-/duplexer-0.1.2.tgz 6925ms (cache miss)
2328 http fetch GET 200 https://registry.npmjs.org/enquirer/-/enquirer-2.4.1.tgz 6982ms (cache miss)
2329 http fetch GET 200 https://registry.npmjs.org/dunder-proto/-/dunder-proto-1.0.1.tgz 6995ms (cache miss)
2330 http fetch GET 200 https://registry.npmjs.org/electron-to-chromium/-/electron-to-chromium-1.5.286.tgz 6997ms (cache miss)
2331 http fetch GET 200 https://registry.npmjs.org/dotenv-expand/-/dotenv-expand-5.1.0.tgz 7006ms (cache miss)
2332 http fetch GET 200 https://registry.npmjs.org/highlight.js/-/highlight.js-10.7.3.tgz 7026ms (cache miss)
2333 http fetch GET 200 https://registry.npmjs.org/dot-case/-/dot-case-3.0.4.tgz 7011ms (cache miss)
2334 http fetch GET 200 https://registry.npmjs.org/dotenv/-/dotenv-10.0.0.tgz 7076ms (cache miss)
2335 http fetch GET 200 https://registry.npmjs.org/dom-serializer/-/dom-serializer-1.4.1.tgz 7077ms (cache miss)
2336 http fetch GET 200 https://registry.npmjs.org/domhandler/-/domhandler-4.3.1.tgz 7078ms (cache miss)
2337 http fetch GET 200 https://registry.npmjs.org/dns-packet/-/dns-packet-5.6.1.tgz 7085ms (cache miss)
2338 http fetch GET 200 https://registry.npmjs.org/domelementtype/-/domelementtype-2.3.0.tgz 7087ms (cache miss)
2339 http fetch GET 200 https://registry.npmjs.org/dom-converter/-/dom-converter-0.2.0.tgz 7091ms (cache miss)
2340 http fetch GET 200 https://registry.npmjs.org/delayed-stream/-/delayed-stream-1.0.0.tgz 7109ms (cache miss)
2341 http fetch GET 200 https://registry.npmjs.org/doctrine/-/doctrine-3.0.0.tgz 7126ms (cache miss)
2342 http fetch GET 200 https://registry.npmjs.org/dir-glob/-/dir-glob-3.0.1.tgz 7130ms (cache miss)
2343 http fetch GET 200 https://registry.npmjs.org/detect-node/-/detect-node-2.1.0.tgz 7133ms (cache miss)
2344 http fetch GET 200 https://registry.npmjs.org/enhanced-resolve/-/enhanced-resolve-5.19.0.tgz 7157ms (cache miss)
2345 http fetch GET 200 https://registry.npmjs.org/define-properties/-/define-properties-1.2.1.tgz 7162ms (cache miss)
2346 http fetch GET 200 https://registry.npmjs.org/depd/-/depd-2.0.0.tgz 7163ms (cache miss)
2347 http fetch GET 200 https://registry.npmjs.org/domutils/-/domutils-2.8.0.tgz 7175ms (cache miss)
2348 http fetch GET 200 https://registry.npmjs.org/defaults/-/defaults-1.0.4.tgz 7207ms (cache miss)
2349 http fetch GET 200 https://registry.npmjs.org/destroy/-/destroy-1.2.0.tgz 7211ms (cache miss)
2350 http fetch GET 200 https://registry.npmjs.org/define-lazy-prop/-/define-lazy-prop-2.0.0.tgz 7231ms (cache miss)
2351 http fetch GET 200 https://registry.npmjs.org/default-gateway/-/default-gateway-6.0.3.tgz 7260ms (cache miss)
2352 http fetch GET 200 https://registry.npmjs.org/deepmerge/-/deepmerge-1.5.2.tgz 7261ms (cache miss)
2353 http fetch GET 200 https://registry.npmjs.org/deep-is/-/deep-is-0.1.4.tgz 7261ms (cache miss)
2354 http fetch GET 200 https://registry.npmjs.org/debug/-/debug-4.4.3.tgz 7263ms (cache miss)
2355 http fetch GET 200 https://registry.npmjs.org/define-data-property/-/define-data-property-1.1.4.tgz 7269ms (cache miss)
2356 http fetch GET 200 https://registry.npmjs.org/debounce/-/debounce-1.2.1.tgz 7291ms (cache miss)
2357 http fetch GET 200 https://registry.npmjs.org/entities/-/entities-7.0.1.tgz 7309ms (cache miss)
2358 http fetch GET 200 https://registry.npmjs.org/cssnano-utils/-/cssnano-utils-3.1.0.tgz 7306ms (cache miss)
2359 http fetch GET 200 https://registry.npmjs.org/cssnano-preset-default/-/cssnano-preset-default-5.2.14.tgz 7310ms (cache miss)
2360 http fetch GET 200 https://registry.npmjs.org/cssnano/-/cssnano-5.1.15.tgz 7374ms (cache miss)
2361 http fetch GET 200 https://registry.npmjs.org/cssesc/-/cssesc-3.0.0.tgz 7384ms (cache miss)
2362 http fetch GET 200 https://registry.npmjs.org/lodash/-/lodash-4.17.23.tgz 7431ms (cache miss)
2363 http fetch GET 200 https://registry.npmjs.org/css-minimizer-webpack-plugin/-/css-minimizer-webpack-plugin-3.4.1.tgz 7403ms (cache miss)
2364 http fetch GET 200 https://registry.npmjs.org/csstype/-/csstype-3.2.3.tgz 7407ms (cache miss)
2365 http fetch GET 200 https://registry.npmjs.org/css-declaration-sorter/-/css-declaration-sorter-6.4.1.tgz 7464ms (cache miss)
2366 http fetch GET 200 https://registry.npmjs.org/cross-spawn/-/cross-spawn-7.0.6.tgz 7479ms (cache miss)
2367 http fetch GET 200 https://registry.npmjs.org/core-util-is/-/core-util-is-1.0.3.tgz 7483ms (cache miss)
2368 http fetch GET 200 https://registry.npmjs.org/copy-webpack-plugin/-/copy-webpack-plugin-9.1.0.tgz 7505ms (cache miss)
2369 http fetch GET 200 https://registry.npmjs.org/css-what/-/css-what-6.2.2.tgz 7512ms (cache miss)
2370 http fetch GET 200 https://registry.npmjs.org/css-loader/-/css-loader-6.11.0.tgz 7527ms (cache miss)
2371 http fetch GET 200 https://registry.npmjs.org/copy-anything/-/copy-anything-4.0.5.tgz 7557ms (cache miss)
2372 http fetch GET 200 https://registry.npmjs.org/cookie-signature/-/cookie-signature-1.0.7.tgz 7576ms (cache miss)
2373 http fetch GET 200 https://registry.npmjs.org/csso/-/csso-4.2.0.tgz 7584ms (cache miss)
2374 http fetch GET 200 https://registry.npmjs.org/core-js-compat/-/core-js-compat-3.48.0.tgz 7585ms (cache miss)
2375 http fetch GET 200 https://registry.npmjs.org/cookie/-/cookie-0.7.2.tgz 7585ms (cache miss)
2376 http fetch GET 200 https://registry.npmjs.org/content-disposition/-/content-disposition-0.5.4.tgz 7597ms (cache miss)
2377 http fetch GET 200 https://registry.npmjs.org/css-select/-/css-select-4.3.0.tgz 7607ms (cache miss)
2378 http fetch GET 200 https://registry.npmjs.org/cosmiconfig/-/cosmiconfig-7.1.0.tgz 7613ms (cache miss)
2379 http fetch GET 200 https://registry.npmjs.org/convert-source-map/-/convert-source-map-2.0.0.tgz 7616ms (cache miss)
2380 http fetch GET 200 https://registry.npmjs.org/content-type/-/content-type-1.0.5.tgz 7624ms (cache miss)
2381 http fetch GET 200 https://registry.npmjs.org/connect-history-api-fallback/-/connect-history-api-fallback-2.0.0.tgz 7648ms (cache miss)
2382 http fetch GET 200 https://registry.npmjs.org/concat-map/-/concat-map-0.0.1.tgz 7657ms (cache miss)
2383 http fetch GET 200 https://registry.npmjs.org/compressible/-/compressible-2.0.18.tgz 7657ms (cache miss)
2384 http fetch GET 200 https://registry.npmjs.org/consolidate/-/consolidate-0.15.1.tgz 7663ms (cache miss)
2385 warn deprecated consolidate@0.15.1: Please upgrade to consolidate v1.0.0+ as it has been modernized with several long-awaited fixes implemented. Maintenance is supported by Forward Email at https://forwardemail.net ; follow/watch https://github.com/ladjs/consolidate for updates and release changelog
2386 http fetch GET 200 https://registry.npmjs.org/compression/-/compression-1.8.1.tgz 7664ms (cache miss)
2387 http fetch GET 200 https://registry.npmjs.org/commander/-/commander-8.3.0.tgz 7700ms (cache miss)
2388 http fetch GET 200 https://registry.npmjs.org/combined-stream/-/combined-stream-1.0.8.tgz 7702ms (cache miss)
2389 http fetch GET 200 https://registry.npmjs.org/colorette/-/colorette-2.0.20.tgz 7704ms (cache miss)
2390 http fetch GET 200 https://registry.npmjs.org/eslint-plugin-vue/-/eslint-plugin-vue-8.7.1.tgz 7724ms (cache miss)
2391 http fetch GET 200 https://registry.npmjs.org/color-convert/-/color-convert-2.0.1.tgz 7749ms (cache miss)
2392 http fetch GET 200 https://registry.npmjs.org/color-name/-/color-name-1.1.4.tgz 7750ms (cache miss)
2393 http fetch GET 200 https://registry.npmjs.org/clone-deep/-/clone-deep-4.0.1.tgz 7768ms (cache miss)
2394 http fetch GET 200 https://registry.npmjs.org/cliui/-/cliui-7.0.4.tgz 7795ms (cache miss)
2395 http fetch GET 200 https://registry.npmjs.org/commondir/-/commondir-1.0.1.tgz 7797ms (cache miss)
2396 http fetch GET 200 https://registry.npmjs.org/clone/-/clone-1.0.4.tgz 7800ms (cache miss)
2397 http fetch GET 200 https://registry.npmjs.org/colord/-/colord-2.9.3.tgz 7851ms (cache miss)
2398 http fetch GET 200 https://registry.npmjs.org/cli-spinners/-/cli-spinners-2.9.2.tgz 7853ms (cache miss)
2399 http fetch GET 200 https://registry.npmjs.org/cli-cursor/-/cli-cursor-3.1.0.tgz 7853ms (cache miss)
2400 http fetch GET 200 https://registry.npmjs.org/ci-info/-/ci-info-1.6.0.tgz 7854ms (cache miss)
2401 http fetch GET 200 https://registry.npmjs.org/css-tree/-/css-tree-1.1.3.tgz 7874ms (cache miss)
2402 http fetch GET 200 https://registry.npmjs.org/cli-highlight/-/cli-highlight-2.1.11.tgz 7878ms (cache miss)
2403 http fetch GET 200 https://registry.npmjs.org/chalk/-/chalk-3.0.0.tgz 7885ms (cache miss)
2404 http fetch GET 200 https://registry.npmjs.org/case-sensitive-paths-webpack-plugin/-/case-sensitive-paths-webpack-plugin-2.4.0.tgz 7937ms (cache miss)
2405 http fetch GET 200 https://registry.npmjs.org/chrome-trace-event/-/chrome-trace-event-1.0.4.tgz 7967ms (cache miss)
2406 http fetch GET 200 https://registry.npmjs.org/clipboardy/-/clipboardy-2.3.0.tgz 7979ms (cache miss)
2407 http fetch GET 200 https://registry.npmjs.org/chokidar/-/chokidar-3.6.0.tgz 7981ms (cache miss)
2408 http fetch GET 200 https://registry.npmjs.org/camelcase/-/camelcase-5.3.1.tgz 7984ms (cache miss)
2409 http fetch GET 200 https://registry.npmjs.org/caniuse-api/-/caniuse-api-3.0.0.tgz 7984ms (cache miss)
2410 http fetch GET 200 https://registry.npmjs.org/callsites/-/callsites-3.1.0.tgz 7985ms (cache miss)
2411 http fetch GET 200 https://registry.npmjs.org/camel-case/-/camel-case-4.1.2.tgz 8002ms (cache miss)
2412 http fetch GET 200 https://registry.npmjs.org/buffer-from/-/buffer-from-1.1.2.tgz 8030ms (cache miss)
2413 http fetch GET 200 https://registry.npmjs.org/call-bind/-/call-bind-1.0.8.tgz 8031ms (cache miss)
2414 http fetch GET 200 https://registry.npmjs.org/buffer/-/buffer-5.7.1.tgz 8049ms (cache miss)
2415 http fetch GET 200 https://registry.npmjs.org/bytes/-/bytes-3.1.2.tgz 8076ms (cache miss)
2416 http fetch GET 200 https://registry.npmjs.org/braces/-/braces-3.0.3.tgz 8126ms (cache miss)
2417 http fetch GET 200 https://registry.npmjs.org/call-bind-apply-helpers/-/call-bind-apply-helpers-1.0.2.tgz 8134ms (cache miss)
2418 http fetch GET 200 https://registry.npmjs.org/call-bound/-/call-bound-1.0.4.tgz 8150ms (cache miss)
2419 http fetch GET 200 https://registry.npmjs.org/boolbase/-/boolbase-1.0.0.tgz 8154ms (cache miss)
2420 http fetch GET 200 https://registry.npmjs.org/browserslist/-/browserslist-4.28.1.tgz 8169ms (cache miss)
2421 http fetch GET 200 https://registry.npmjs.org/birpc/-/birpc-2.9.0.tgz 8177ms (cache miss)
2422 http fetch GET 200 https://registry.npmjs.org/bl/-/bl-4.1.0.tgz 8204ms (cache miss)
2423 http fetch GET 200 https://registry.npmjs.org/eslint/-/eslint-7.32.0.tgz 8239ms (cache miss)
2424 warn deprecated eslint@7.32.0: This version is no longer supported. Please see https://eslint.org/version-support for other options.
2425 http fetch GET 200 https://registry.npmjs.org/brace-expansion/-/brace-expansion-1.1.12.tgz 8224ms (cache miss)
2426 http fetch GET 200 https://registry.npmjs.org/big.js/-/big.js-5.2.2.tgz 8239ms (cache miss)
2427 http fetch GET 200 https://registry.npmjs.org/body-parser/-/body-parser-1.20.4.tgz 8242ms (cache miss)
2428 http fetch GET 200 https://registry.npmjs.org/batch/-/batch-0.6.1.tgz 8264ms (cache miss)
2429 http fetch GET 200 https://registry.npmjs.org/bonjour-service/-/bonjour-service-1.3.0.tgz 8268ms (cache miss)
2430 http fetch GET 200 https://registry.npmjs.org/clean-css/-/clean-css-5.3.3.tgz 8297ms (cache miss)
2431 http fetch GET 200 https://registry.npmjs.org/babel-plugin-polyfill-regenerator/-/babel-plugin-polyfill-regenerator-0.6.6.tgz 8291ms (cache miss)
2432 http fetch GET 200 https://registry.npmjs.org/base64-js/-/base64-js-1.5.1.tgz 8306ms (cache miss)
2433 http fetch GET 200 https://registry.npmjs.org/balanced-match/-/balanced-match-1.0.2.tgz 8324ms (cache miss)
2434 http fetch GET 200 https://registry.npmjs.org/babel-plugin-dynamic-import-node/-/babel-plugin-dynamic-import-node-2.3.3.tgz 8331ms (cache miss)
2435 http fetch GET 200 https://registry.npmjs.org/baseline-browser-mapping/-/baseline-browser-mapping-2.9.19.tgz 8332ms (cache miss)
2436 http fetch GET 200 https://registry.npmjs.org/babel-plugin-polyfill-corejs2/-/babel-plugin-polyfill-corejs2-0.4.15.tgz 8341ms (cache miss)
2437 http fetch GET 200 https://registry.npmjs.org/bluebird/-/bluebird-3.7.2.tgz 8363ms (cache miss)
2438 http fetch GET 200 https://registry.npmjs.org/babel-loader/-/babel-loader-8.4.1.tgz 8369ms (cache miss)
2439 http fetch GET 200 https://registry.npmjs.org/array-union/-/array-union-2.1.0.tgz 8424ms (cache miss)
2440 http fetch GET 200 https://registry.npmjs.org/binary-extensions/-/binary-extensions-2.3.0.tgz 8438ms (cache miss)
2441 http fetch GET 200 https://registry.npmjs.org/asynckit/-/asynckit-0.4.0.tgz 8451ms (cache miss)
2442 http fetch GET 200 https://registry.npmjs.org/babel-plugin-polyfill-corejs3/-/babel-plugin-polyfill-corejs3-0.13.0.tgz 8453ms (cache miss)
2443 http fetch GET 200 https://registry.npmjs.org/array-flatten/-/array-flatten-1.1.1.tgz 8475ms (cache miss)
2444 http fetch GET 200 https://registry.npmjs.org/arch/-/arch-2.2.0.tgz 8501ms (cache miss)
2445 http fetch GET 200 https://registry.npmjs.org/astral-regex/-/astral-regex-2.0.0.tgz 8517ms (cache miss)
2446 http fetch GET 200 https://registry.npmjs.org/any-promise/-/any-promise-1.3.0.tgz 8518ms (cache miss)
2447 http fetch GET 200 https://registry.npmjs.org/at-least-node/-/at-least-node-1.0.0.tgz 8538ms (cache miss)
2448 http fetch GET 200 https://registry.npmjs.org/ansi-regex/-/ansi-regex-5.0.1.tgz 8540ms (cache miss)
2449 http fetch GET 200 https://registry.npmjs.org/ansi-html-community/-/ansi-html-community-0.0.8.tgz 8568ms (cache miss)
2450 http fetch GET 200 https://registry.npmjs.org/ansi-escapes/-/ansi-escapes-3.2.0.tgz 8581ms (cache miss)
2451 http fetch GET 200 https://registry.npmjs.org/autoprefixer/-/autoprefixer-10.4.24.tgz 8594ms (cache miss)
2452 http fetch GET 200 https://registry.npmjs.org/anymatch/-/anymatch-3.1.3.tgz 8594ms (cache miss)
2453 http fetch GET 200 https://registry.npmjs.org/ansi-styles/-/ansi-styles-4.3.0.tgz 8602ms (cache miss)
2454 http fetch GET 200 https://registry.npmjs.org/argparse/-/argparse-1.0.10.tgz 8617ms (cache miss)
2455 http fetch GET 200 https://registry.npmjs.org/ansi-colors/-/ansi-colors-4.1.3.tgz 8621ms (cache miss)
2456 http fetch GET 200 https://registry.npmjs.org/ajv-keywords/-/ajv-keywords-3.5.2.tgz 8696ms (cache miss)
2457 http fetch GET 200 https://registry.npmjs.org/address/-/address-1.2.2.tgz 8704ms (cache miss)
2458 http fetch GET 200 https://registry.npmjs.org/acorn-walk/-/acorn-walk-8.3.4.tgz 8710ms (cache miss)
2459 http fetch GET 200 https://registry.npmjs.org/acorn-import-phases/-/acorn-import-phases-1.0.4.tgz 8745ms (cache miss)
2460 http fetch GET 200 https://registry.npmjs.org/accepts/-/accepts-1.3.8.tgz 8747ms (cache miss)
2461 http fetch GET 200 https://registry.npmjs.org/ajv-formats/-/ajv-formats-2.1.1.tgz 8752ms (cache miss)
2462 http fetch GET 200 https://registry.npmjs.org/acorn-jsx/-/acorn-jsx-5.3.2.tgz 8796ms (cache miss)
2463 http fetch GET 200 https://registry.npmjs.org/@xtuc/ieee754/-/ieee754-1.2.0.tgz 8798ms (cache miss)
2464 http fetch GET 200 https://registry.npmjs.org/acorn/-/acorn-8.15.0.tgz 8808ms (cache miss)
2465 http fetch GET 200 https://registry.npmjs.org/@xtuc/long/-/long-4.2.2.tgz 8811ms (cache miss)
2466 http fetch GET 200 https://registry.npmjs.org/@webassemblyjs/wast-printer/-/wast-printer-1.14.1.tgz 8818ms (cache miss)
2467 http fetch GET 200 https://registry.npmjs.org/@webassemblyjs/wasm-gen/-/wasm-gen-1.14.1.tgz 8827ms (cache miss)
2468 http fetch GET 200 https://registry.npmjs.org/@webassemblyjs/wasm-opt/-/wasm-opt-1.14.1.tgz 8837ms (cache miss)
2469 http fetch GET 200 https://registry.npmjs.org/axios/-/axios-1.13.5.tgz 8868ms (cache miss)
2470 http fetch GET 200 https://registry.npmjs.org/@webassemblyjs/wasm-parser/-/wasm-parser-1.14.1.tgz 8865ms (cache miss)
2471 http fetch GET 200 https://registry.npmjs.org/@webassemblyjs/utf8/-/utf8-1.13.2.tgz 8868ms (cache miss)
2472 http fetch GET 200 https://registry.npmjs.org/@webassemblyjs/helper-wasm-bytecode/-/helper-wasm-bytecode-1.13.2.tgz 8891ms (cache miss)
2473 http fetch GET 200 https://registry.npmjs.org/@webassemblyjs/wasm-edit/-/wasm-edit-1.14.1.tgz 8895ms (cache miss)
2474 http fetch GET 200 https://registry.npmjs.org/async/-/async-3.2.6.tgz 8913ms (cache miss)
2475 http fetch GET 200 https://registry.npmjs.org/@webassemblyjs/helper-wasm-section/-/helper-wasm-section-1.14.1.tgz 8950ms (cache miss)
2476 http fetch GET 200 https://registry.npmjs.org/@webassemblyjs/ieee754/-/ieee754-1.13.2.tgz 8952ms (cache miss)
2477 http fetch GET 200 https://registry.npmjs.org/@webassemblyjs/helper-buffer/-/helper-buffer-1.14.1.tgz 8952ms (cache miss)
2478 http fetch GET 200 https://registry.npmjs.org/@webassemblyjs/helper-numbers/-/helper-numbers-1.13.2.tgz 8953ms (cache miss)
2479 http fetch GET 200 https://registry.npmjs.org/@webassemblyjs/leb128/-/leb128-1.13.2.tgz 8967ms (cache miss)
2480 http fetch GET 200 https://registry.npmjs.org/@webassemblyjs/helper-api-error/-/helper-api-error-1.13.2.tgz 8986ms (cache miss)
2481 http fetch GET 200 https://registry.npmjs.org/@webassemblyjs/floating-point-hex-parser/-/floating-point-hex-parser-1.13.2.tgz 8987ms (cache miss)
2482 http fetch GET 200 https://registry.npmjs.org/@vue/web-component-wrapper/-/web-component-wrapper-1.3.0.tgz 8989ms (cache miss)
2483 http fetch GET 200 https://registry.npmjs.org/@vue/server-renderer/-/server-renderer-3.5.27.tgz 9044ms (cache miss)
2484 http fetch GET 200 https://registry.npmjs.org/@vue/shared/-/shared-3.5.27.tgz 9053ms (cache miss)
2485 http fetch GET 200 https://registry.npmjs.org/ajv/-/ajv-6.12.6.tgz 9060ms (cache miss)
2486 http fetch GET 200 https://registry.npmjs.org/@vue/devtools-shared/-/devtools-shared-7.7.9.tgz 9091ms (cache miss)
2487 http fetch GET 200 https://registry.npmjs.org/@webassemblyjs/ast/-/ast-1.14.1.tgz 9103ms (cache miss)
2488 http fetch GET 200 https://registry.npmjs.org/vue-loader/-/vue-loader-15.11.1.tgz 9104ms (cache miss)
2489 http fetch GET 200 https://registry.npmjs.org/@vue/reactivity/-/reactivity-3.5.27.tgz 9126ms (cache miss)
2490 http fetch GET 200 https://registry.npmjs.org/@vue/runtime-core/-/runtime-core-3.5.27.tgz 9139ms (cache miss)
2491 http fetch GET 200 https://registry.npmjs.org/@vue/devtools-api/-/devtools-api-7.7.9.tgz 9151ms (cache miss)
2492 http fetch GET 200 https://registry.npmjs.org/@vue/compiler-ssr/-/compiler-ssr-3.5.27.tgz 9202ms (cache miss)
2493 http fetch GET 200 https://registry.npmjs.org/@vue/devtools-kit/-/devtools-kit-7.7.9.tgz 9216ms (cache miss)
2494 http fetch GET 200 https://registry.npmjs.org/@vue/compiler-dom/-/compiler-dom-3.5.27.tgz 9220ms (cache miss)
2495 http fetch GET 200 https://registry.npmjs.org/@vue/runtime-dom/-/runtime-dom-3.5.27.tgz 9242ms (cache miss)
2496 http fetch GET 200 https://registry.npmjs.org/@vue/cli-plugin-eslint/-/cli-plugin-eslint-5.0.9.tgz 9245ms (cache miss)
2497 http fetch GET 200 https://registry.npmjs.org/@vue/compiler-core/-/compiler-core-3.5.27.tgz 9250ms (cache miss)
2498 http fetch GET 200 https://registry.npmjs.org/@vue/cli-shared-utils/-/cli-shared-utils-5.0.9.tgz 9257ms (cache miss)
2499 http fetch GET 200 https://registry.npmjs.org/@vue/component-compiler-utils/-/component-compiler-utils-3.3.0.tgz 9262ms (cache miss)
2500 http fetch GET 200 https://registry.npmjs.org/@vue/cli-plugin-vuex/-/cli-plugin-vuex-5.0.9.tgz 9281ms (cache miss)
2501 http fetch GET 200 https://registry.npmjs.org/@vue/cli-plugin-router/-/cli-plugin-router-5.0.9.tgz 9286ms (cache miss)
2502 http fetch GET 200 https://registry.npmjs.org/@vue/babel-sugar-v-model/-/babel-sugar-v-model-1.4.0.tgz 9313ms (cache miss)
2503 http fetch GET 200 https://registry.npmjs.org/@vue/cli-plugin-babel/-/cli-plugin-babel-5.0.9.tgz 9342ms (cache miss)
2504 http fetch GET 200 https://registry.npmjs.org/@vue/cli-overlay/-/cli-overlay-5.0.9.tgz 9344ms (cache miss)
2505 http fetch GET 200 https://registry.npmjs.org/@vue/babel-sugar-v-on/-/babel-sugar-v-on-1.4.0.tgz 9354ms (cache miss)
2506 http fetch GET 200 https://registry.npmjs.org/@vue/cli-service/-/cli-service-5.0.9.tgz 9362ms (cache miss)
2507 http fetch GET 200 https://registry.npmjs.org/@vue/babel-preset-jsx/-/babel-preset-jsx-1.4.0.tgz 9404ms (cache miss)
2508 http fetch GET 200 https://registry.npmjs.org/@vue/babel-sugar-composition-api-render-instance/-/babel-sugar-composition-api-render-instance-1.4.0.tgz 9404ms (cache miss)
2509 http fetch GET 200 https://registry.npmjs.org/@vue/babel-sugar-functional-vue/-/babel-sugar-functional-vue-1.4.0.tgz 9407ms (cache miss)
2510 http fetch GET 200 https://registry.npmjs.org/@vue/babel-plugin-transform-vue-jsx/-/babel-plugin-transform-vue-jsx-1.4.0.tgz 9415ms (cache miss)
2511 http fetch GET 200 https://registry.npmjs.org/@vue/babel-preset-app/-/babel-preset-app-5.0.9.tgz 9416ms (cache miss)
2512 http fetch GET 200 https://registry.npmjs.org/@vue/babel-plugin-resolve-type/-/babel-plugin-resolve-type-1.5.0.tgz 9422ms (cache miss)
2513 http fetch GET 200 https://registry.npmjs.org/@vue/babel-sugar-inject-h/-/babel-sugar-inject-h-1.4.0.tgz 9426ms (cache miss)
2514 http fetch GET 200 https://registry.npmjs.org/@vue/babel-sugar-composition-api-inject-h/-/babel-sugar-composition-api-inject-h-1.4.0.tgz 9455ms (cache miss)
2515 http fetch GET 200 https://registry.npmjs.org/@vue/babel-helper-vue-jsx-merge-props/-/babel-helper-vue-jsx-merge-props-1.4.0.tgz 9473ms (cache miss)
2516 http fetch GET 200 https://registry.npmjs.org/@types/sockjs/-/sockjs-0.3.36.tgz 9475ms (cache miss)
2517 http fetch GET 200 https://registry.npmjs.org/@types/ws/-/ws-8.18.1.tgz 9504ms (cache miss)
2518 http fetch GET 200 https://registry.npmjs.org/@types/serve-index/-/serve-index-1.9.4.tgz 9534ms (cache miss)
2519 http fetch GET 200 https://registry.npmjs.org/@vue/compiler-sfc/-/compiler-sfc-3.5.27.tgz 9549ms (cache miss)
2520 http fetch GET 200 https://registry.npmjs.org/@vue/babel-helper-vue-transform-on/-/babel-helper-vue-transform-on-1.5.0.tgz 9549ms (cache miss)
2521 http fetch GET 200 https://registry.npmjs.org/@vue/babel-plugin-jsx/-/babel-plugin-jsx-1.5.0.tgz 9574ms (cache miss)
2522 http fetch GET 200 https://registry.npmjs.org/@types/qs/-/qs-6.14.0.tgz 9587ms (cache miss)
2523 http fetch GET 200 https://registry.npmjs.org/@types/serve-static/-/serve-static-1.15.10.tgz 9597ms (cache miss)
2524 http fetch GET 200 https://registry.npmjs.org/@types/send/-/send-1.2.1.tgz 9603ms (cache miss)
2525 http fetch GET 200 https://registry.npmjs.org/@types/parse-json/-/parse-json-4.0.2.tgz 9605ms (cache miss)
2526 http fetch GET 200 https://registry.npmjs.org/@types/range-parser/-/range-parser-1.2.7.tgz 9608ms (cache miss)
2527 http fetch GET 200 https://registry.npmjs.org/@types/minimist/-/minimist-1.2.5.tgz 9610ms (cache miss)
2528 http fetch GET 200 https://registry.npmjs.org/@types/normalize-package-data/-/normalize-package-data-2.4.4.tgz 9665ms (cache miss)
2529 http fetch GET 200 https://registry.npmjs.org/@types/mime/-/mime-1.3.5.tgz 9669ms (cache miss)
2530 http fetch GET 200 https://registry.npmjs.org/@types/node-forge/-/node-forge-1.3.14.tgz 9680ms (cache miss)
2531 http fetch GET 200 https://registry.npmjs.org/@types/http-errors/-/http-errors-2.0.5.tgz 9702ms (cache miss)
2532 http fetch GET 200 https://registry.npmjs.org/@types/http-proxy/-/http-proxy-1.17.17.tgz 9729ms (cache miss)
2533 http fetch GET 200 https://registry.npmjs.org/@types/json-schema/-/json-schema-7.0.15.tgz 9728ms (cache miss)
2534 http fetch GET 200 https://registry.npmjs.org/@types/html-minifier-terser/-/html-minifier-terser-6.1.0.tgz 9742ms (cache miss)
2535 http fetch GET 200 https://registry.npmjs.org/@types/retry/-/retry-0.12.0.tgz 9777ms (cache miss)
2536 http fetch GET 200 https://registry.npmjs.org/@types/eslint-scope/-/eslint-scope-3.7.7.tgz 9779ms (cache miss)
2537 http fetch GET 200 https://registry.npmjs.org/@types/express-serve-static-core/-/express-serve-static-core-5.1.1.tgz 9782ms (cache miss)
2538 http fetch GET 200 https://registry.npmjs.org/@types/connect-history-api-fallback/-/connect-history-api-fallback-1.5.4.tgz 9805ms (cache miss)
2539 http fetch GET 200 https://registry.npmjs.org/@types/express/-/express-4.17.25.tgz 9807ms (cache miss)
2540 http fetch GET 200 https://registry.npmjs.org/@types/estree/-/estree-1.0.8.tgz 9826ms (cache miss)
2541 http fetch GET 200 https://registry.npmjs.org/@types/eslint/-/eslint-8.56.12.tgz 9835ms (cache miss)
2542 http fetch GET 200 https://registry.npmjs.org/@types/node/-/node-25.2.2.tgz 9860ms (cache miss)
2543 http fetch GET 200 https://registry.npmjs.org/@soda/friendly-errors-webpack-plugin/-/friendly-errors-webpack-plugin-1.8.1.tgz 9877ms (cache miss)
2544 http fetch GET 200 https://registry.npmjs.org/@types/connect/-/connect-3.4.38.tgz 9884ms (cache miss)
2545 http fetch GET 200 https://registry.npmjs.org/@soda/get-current-script/-/get-current-script-1.0.2.tgz 9898ms (cache miss)
2546 http fetch GET 200 https://registry.npmjs.org/@trysound/sax/-/sax-0.2.0.tgz 9900ms (cache miss)
2547 http fetch GET 200 https://registry.npmjs.org/@types/body-parser/-/body-parser-1.19.6.tgz 9923ms (cache miss)
2548 http fetch GET 200 https://registry.npmjs.org/@types/bonjour/-/bonjour-3.5.13.tgz 9928ms (cache miss)
2549 http fetch GET 200 https://registry.npmjs.org/@sideway/pinpoint/-/pinpoint-2.0.0.tgz 9929ms (cache miss)
2550 http fetch GET 200 https://registry.npmjs.org/@sideway/formula/-/formula-3.0.1.tgz 9959ms (cache miss)
2551 http fetch GET 200 https://registry.npmjs.org/@node-ipc/js-queue/-/js-queue-2.0.3.tgz 9961ms (cache miss)
2552 http fetch GET 200 https://registry.npmjs.org/@polka/url/-/url-1.0.0-next.29.tgz 9978ms (cache miss)
2553 http fetch GET 200 https://registry.npmjs.org/@leichtgewicht/ip-codec/-/ip-codec-2.0.5.tgz 9994ms (cache miss)
2554 http fetch GET 200 https://registry.npmjs.org/@nicolo-ribaudo/eslint-scope-5-internals/-/eslint-scope-5-internals-5.1.1-v1.tgz 10004ms (cache miss)
2555 http fetch GET 200 https://registry.npmjs.org/@nodelib/fs.stat/-/fs.stat-2.0.5.tgz 10011ms (cache miss)
2556 http fetch GET 200 https://registry.npmjs.org/@sideway/address/-/address-4.1.5.tgz 10014ms (cache miss)
2557 http fetch GET 200 https://registry.npmjs.org/caniuse-lite/-/caniuse-lite-1.0.30001769.tgz 10087ms (cache miss)
2558 http fetch GET 200 https://registry.npmjs.org/@nodelib/fs.scandir/-/fs.scandir-2.1.5.tgz 10067ms (cache miss)
2559 http fetch GET 200 https://registry.npmjs.org/@jridgewell/resolve-uri/-/resolve-uri-3.1.2.tgz 10106ms (cache miss)
2560 http fetch GET 200 https://registry.npmjs.org/@jridgewell/trace-mapping/-/trace-mapping-0.3.31.tgz 10108ms (cache miss)
2561 http fetch GET 200 https://registry.npmjs.org/@jridgewell/source-map/-/source-map-0.3.11.tgz 10111ms (cache miss)
2562 http fetch GET 200 https://registry.npmjs.org/@jridgewell/remapping/-/remapping-2.3.5.tgz 10122ms (cache miss)
2563 http fetch GET 200 https://registry.npmjs.org/@humanwhocodes/object-schema/-/object-schema-1.2.1.tgz 10125ms (cache miss)
2564 http fetch GET 200 https://registry.npmjs.org/@hapi/topo/-/topo-5.1.0.tgz 10131ms (cache miss)
2565 warn deprecated @humanwhocodes/object-schema@1.2.1: Use @eslint/object-schema instead
2566 http fetch GET 200 https://registry.npmjs.org/@nodelib/fs.walk/-/fs.walk-1.2.8.tgz 10158ms (cache miss)
2567 http fetch GET 200 https://registry.npmjs.org/@jridgewell/sourcemap-codec/-/sourcemap-codec-1.5.5.tgz 10161ms (cache miss)
2568 http fetch GET 200 https://registry.npmjs.org/@humanwhocodes/config-array/-/config-array-0.5.0.tgz 10179ms (cache miss)
2569 warn deprecated @humanwhocodes/config-array@0.5.0: Use @eslint/config-array instead
2570 http fetch GET 200 https://registry.npmjs.org/@discoveryjs/json-ext/-/json-ext-0.5.7.tgz 10222ms (cache miss)
2571 http fetch GET 200 https://registry.npmjs.org/@hapi/hoek/-/hoek-9.3.0.tgz 10230ms (cache miss)
2572 http fetch GET 200 https://registry.npmjs.org/@jridgewell/gen-mapping/-/gen-mapping-0.3.13.tgz 10254ms (cache miss)
2573 http fetch GET 200 https://registry.npmjs.org/@babel/template/-/template-7.28.6.tgz 10273ms (cache miss)
2574 http fetch GET 200 https://registry.npmjs.org/@babel/preset-modules/-/preset-modules-0.1.6-no-external-plugins.tgz 10300ms (cache miss)
2575 http fetch GET 200 https://registry.npmjs.org/@babel/plugin-transform-unicode-regex/-/plugin-transform-unicode-regex-7.27.1.tgz 10321ms (cache miss)
2576 http fetch GET 200 https://registry.npmjs.org/@babel/plugin-transform-unicode-property-regex/-/plugin-transform-unicode-property-regex-7.28.6.tgz 10323ms (cache miss)
2577 http fetch GET 200 https://registry.npmjs.org/@babel/plugin-transform-unicode-sets-regex/-/plugin-transform-unicode-sets-regex-7.28.6.tgz 10417ms (cache miss)
2578 http fetch GET 200 https://registry.npmjs.org/@babel/plugin-transform-typeof-symbol/-/plugin-transform-typeof-symbol-7.27.1.tgz 10423ms (cache miss)
2579 http fetch GET 200 https://registry.npmjs.org/@babel/plugin-transform-unicode-escapes/-/plugin-transform-unicode-escapes-7.27.1.tgz 10423ms (cache miss)
2580 http fetch GET 200 https://registry.npmjs.org/@babel/plugin-transform-template-literals/-/plugin-transform-template-literals-7.27.1.tgz 10430ms (cache miss)
2581 http fetch GET 200 https://registry.npmjs.org/@babel/plugin-transform-spread/-/plugin-transform-spread-7.28.6.tgz 10430ms (cache miss)
2582 http fetch GET 200 https://registry.npmjs.org/@babel/plugin-transform-runtime/-/plugin-transform-runtime-7.29.0.tgz 10430ms (cache miss)
2583 http fetch GET 200 https://registry.npmjs.org/@babel/plugin-transform-shorthand-properties/-/plugin-transform-shorthand-properties-7.27.1.tgz 10432ms (cache miss)
2584 http fetch GET 200 https://registry.npmjs.org/@eslint/eslintrc/-/eslintrc-0.4.3.tgz 10453ms (cache miss)
2585 http fetch GET 200 https://registry.npmjs.org/@babel/plugin-transform-sticky-regex/-/plugin-transform-sticky-regex-7.27.1.tgz 10450ms (cache miss)
2586 http fetch GET 200 https://registry.npmjs.org/@babel/plugin-transform-private-property-in-object/-/plugin-transform-private-property-in-object-7.28.6.tgz 10505ms (cache miss)
2587 http fetch GET 200 https://registry.npmjs.org/@babel/plugin-transform-reserved-words/-/plugin-transform-reserved-words-7.27.1.tgz 10505ms (cache miss)
2588 http fetch GET 200 https://registry.npmjs.org/@babel/plugin-transform-private-methods/-/plugin-transform-private-methods-7.28.6.tgz 10506ms (cache miss)
2589 http fetch GET 200 https://registry.npmjs.org/@babel/plugin-transform-property-literals/-/plugin-transform-property-literals-7.27.1.tgz 10521ms (cache miss)
2590 http fetch GET 200 https://registry.npmjs.org/@babel/plugin-transform-regexp-modifiers/-/plugin-transform-regexp-modifiers-7.28.6.tgz 10524ms (cache miss)
2591 http fetch GET 200 https://registry.npmjs.org/@babel/traverse/-/traverse-7.29.0.tgz 10535ms (cache miss)
2592 http fetch GET 200 https://registry.npmjs.org/@babel/plugin-transform-parameters/-/plugin-transform-parameters-7.27.7.tgz 10541ms (cache miss)
2593 http fetch GET 200 https://registry.npmjs.org/@babel/preset-env/-/preset-env-7.29.0.tgz 10550ms (cache miss)
2594 http fetch GET 200 https://registry.npmjs.org/@babel/plugin-transform-optional-catch-binding/-/plugin-transform-optional-catch-binding-7.28.6.tgz 10547ms (cache miss)
2595 http fetch GET 200 https://registry.npmjs.org/@babel/plugin-transform-regenerator/-/plugin-transform-regenerator-7.29.0.tgz 10562ms (cache miss)
2596 http fetch GET 200 https://registry.npmjs.org/@babel/plugin-transform-optional-chaining/-/plugin-transform-optional-chaining-7.28.6.tgz 10565ms (cache miss)
2597 http fetch GET 200 https://registry.npmjs.org/@babel/plugin-transform-nullish-coalescing-operator/-/plugin-transform-nullish-coalescing-operator-7.28.6.tgz 10581ms (cache miss)
2598 http fetch GET 200 https://registry.npmjs.org/@babel/plugin-transform-object-rest-spread/-/plugin-transform-object-rest-spread-7.28.6.tgz 10587ms (cache miss)
2599 http fetch GET 200 https://registry.npmjs.org/@babel/plugin-transform-named-capturing-groups-regex/-/plugin-transform-named-capturing-groups-regex-7.29.0.tgz 10605ms (cache miss)
2600 http fetch GET 200 https://registry.npmjs.org/@babel/plugin-transform-object-super/-/plugin-transform-object-super-7.27.1.tgz 10615ms (cache miss)
2601 http fetch GET 200 https://registry.npmjs.org/@babel/plugin-transform-numeric-separator/-/plugin-transform-numeric-separator-7.28.6.tgz 10618ms (cache miss)
2602 http fetch GET 200 https://registry.npmjs.org/@babel/plugin-transform-modules-umd/-/plugin-transform-modules-umd-7.27.1.tgz 10654ms (cache miss)
2603 http fetch GET 200 https://registry.npmjs.org/@babel/plugin-transform-new-target/-/plugin-transform-new-target-7.27.1.tgz 10682ms (cache miss)
2604 http fetch GET 200 https://registry.npmjs.org/@babel/plugin-transform-modules-amd/-/plugin-transform-modules-amd-7.27.1.tgz 10685ms (cache miss)
2605 http fetch GET 200 https://registry.npmjs.org/@babel/plugin-transform-member-expression-literals/-/plugin-transform-member-expression-literals-7.27.1.tgz 10704ms (cache miss)
2606 http fetch GET 200 https://registry.npmjs.org/@babel/plugin-transform-modules-systemjs/-/plugin-transform-modules-systemjs-7.29.0.tgz 10706ms (cache miss)
2607 http fetch GET 200 https://registry.npmjs.org/@babel/plugin-transform-modules-commonjs/-/plugin-transform-modules-commonjs-7.28.6.tgz 10712ms (cache miss)
2608 http fetch GET 200 https://registry.npmjs.org/@babel/plugin-transform-json-strings/-/plugin-transform-json-strings-7.28.6.tgz 10720ms (cache miss)
2609 http fetch GET 200 https://registry.npmjs.org/@babel/plugin-transform-logical-assignment-operators/-/plugin-transform-logical-assignment-operators-7.28.6.tgz 10724ms (cache miss)
2610 http fetch GET 200 https://registry.npmjs.org/@babel/plugin-transform-literals/-/plugin-transform-literals-7.27.1.tgz 10732ms (cache miss)
2611 http fetch GET 200 https://registry.npmjs.org/@babel/plugin-transform-for-of/-/plugin-transform-for-of-7.27.1.tgz 10758ms (cache miss)
2612 http fetch GET 200 https://registry.npmjs.org/@babel/plugin-transform-export-namespace-from/-/plugin-transform-export-namespace-from-7.27.1.tgz 10776ms (cache miss)
2613 http fetch GET 200 https://registry.npmjs.org/@babel/plugin-transform-function-name/-/plugin-transform-function-name-7.27.1.tgz 10775ms (cache miss)
2614 http fetch GET 200 https://registry.npmjs.org/@babel/plugin-transform-dynamic-import/-/plugin-transform-dynamic-import-7.27.1.tgz 10789ms (cache miss)
2615 http fetch GET 200 https://registry.npmjs.org/@babel/plugin-transform-exponentiation-operator/-/plugin-transform-exponentiation-operator-7.28.6.tgz 10809ms (cache miss)
2616 http fetch GET 200 https://registry.npmjs.org/@babel/plugin-transform-duplicate-keys/-/plugin-transform-duplicate-keys-7.27.1.tgz 10840ms (cache miss)
2617 http fetch GET 200 https://registry.npmjs.org/@babel/plugin-transform-duplicate-named-capturing-groups-regex/-/plugin-transform-duplicate-named-capturing-groups-regex-7.29.0.tgz 10860ms (cache miss)
2618 http fetch GET 200 https://registry.npmjs.org/@babel/plugin-transform-destructuring/-/plugin-transform-destructuring-7.28.5.tgz 10873ms (cache miss)
2619 http fetch GET 200 https://registry.npmjs.org/@babel/plugin-transform-computed-properties/-/plugin-transform-computed-properties-7.28.6.tgz 10873ms (cache miss)
2620 http fetch GET 200 https://registry.npmjs.org/@babel/types/-/types-7.29.0.tgz 10891ms (cache miss)
2621 http fetch GET 200 https://registry.npmjs.org/@babel/plugin-transform-dotall-regex/-/plugin-transform-dotall-regex-7.28.6.tgz 10883ms (cache miss)
2622 http fetch GET 200 https://registry.npmjs.org/@babel/plugin-transform-explicit-resource-management/-/plugin-transform-explicit-resource-management-7.28.6.tgz 10896ms (cache miss)
2623 http fetch GET 200 https://registry.npmjs.org/@babel/plugin-transform-class-static-block/-/plugin-transform-class-static-block-7.28.6.tgz 10909ms (cache miss)
2624 http fetch GET 200 https://registry.npmjs.org/@babel/plugin-transform-classes/-/plugin-transform-classes-7.28.6.tgz 10912ms (cache miss)
2625 http fetch GET 200 https://registry.npmjs.org/@babel/plugin-transform-class-properties/-/plugin-transform-class-properties-7.28.6.tgz 10916ms (cache miss)
2626 http fetch GET 200 https://registry.npmjs.org/@babel/plugin-transform-async-to-generator/-/plugin-transform-async-to-generator-7.28.6.tgz 10924ms (cache miss)
2627 http fetch GET 200 https://registry.npmjs.org/@babel/plugin-transform-async-generator-functions/-/plugin-transform-async-generator-functions-7.29.0.tgz 10978ms (cache miss)
2628 http fetch GET 200 https://registry.npmjs.org/@babel/runtime/-/runtime-7.28.6.tgz 10990ms (cache miss)
2629 http fetch GET 200 https://registry.npmjs.org/@babel/plugin-transform-block-scoping/-/plugin-transform-block-scoping-7.28.6.tgz 10983ms (cache miss)
2630 http fetch GET 200 https://registry.npmjs.org/@babel/plugin-syntax-jsx/-/plugin-syntax-jsx-7.28.6.tgz 10987ms (cache miss)
2631 http fetch GET 200 https://registry.npmjs.org/@babel/plugin-transform-arrow-functions/-/plugin-transform-arrow-functions-7.27.1.tgz 10992ms (cache miss)
2632 http fetch GET 200 https://registry.npmjs.org/@babel/plugin-syntax-import-attributes/-/plugin-syntax-import-attributes-7.28.6.tgz 11016ms (cache miss)
2633 http fetch GET 200 https://registry.npmjs.org/@babel/plugin-transform-block-scoped-functions/-/plugin-transform-block-scoped-functions-7.27.1.tgz 11043ms (cache miss)
2634 http fetch GET 200 https://registry.npmjs.org/@babel/plugin-syntax-unicode-sets-regex/-/plugin-syntax-unicode-sets-regex-7.18.6.tgz 11062ms (cache miss)
2635 http fetch GET 200 https://registry.npmjs.org/@babel/plugin-proposal-decorators/-/plugin-proposal-decorators-7.29.0.tgz 11079ms (cache miss)
2636 http fetch GET 200 https://registry.npmjs.org/@babel/plugin-bugfix-v8-static-class-fields-redefine-readonly/-/plugin-bugfix-v8-static-class-fields-redefine-readonly-7.28.6.tgz 11085ms (cache miss)
2637 http fetch GET 200 https://registry.npmjs.org/@babel/plugin-syntax-dynamic-import/-/plugin-syntax-dynamic-import-7.8.3.tgz 11086ms (cache miss)
2638 http fetch GET 200 https://registry.npmjs.org/@babel/plugin-syntax-import-assertions/-/plugin-syntax-import-assertions-7.28.6.tgz 11103ms (cache miss)
2639 http fetch GET 200 https://registry.npmjs.org/@babel/plugin-proposal-class-properties/-/plugin-proposal-class-properties-7.18.6.tgz 11108ms (cache miss)
2640 warn deprecated @babel/plugin-proposal-class-properties@7.18.6: This proposal has been merged to the ECMAScript standard and thus this plugin is no longer maintained. Please use @babel/plugin-transform-class-properties instead.
2641 http fetch GET 200 https://registry.npmjs.org/@babel/plugin-bugfix-safari-id-destructuring-collision-in-function-expression/-/plugin-bugfix-safari-id-destructuring-collision-in-function-expression-7.27.1.tgz 11111ms (cache miss)
2642 http fetch GET 200 https://registry.npmjs.org/@babel/plugin-bugfix-safari-class-field-initializer-scope/-/plugin-bugfix-safari-class-field-initializer-scope-7.27.1.tgz 11113ms (cache miss)
2643 http fetch GET 200 https://registry.npmjs.org/@babel/plugin-syntax-decorators/-/plugin-syntax-decorators-7.28.6.tgz 11116ms (cache miss)
2644 http fetch GET 200 https://registry.npmjs.org/@babel/highlight/-/highlight-7.25.9.tgz 11144ms (cache miss)
2645 http fetch GET 200 https://registry.npmjs.org/@babel/plugin-bugfix-v8-spread-parameters-in-optional-chaining/-/plugin-bugfix-v8-spread-parameters-in-optional-chaining-7.27.1.tgz 11163ms (cache miss)
2646 http fetch GET 200 https://registry.npmjs.org/@babel/plugin-proposal-private-property-in-object/-/plugin-proposal-private-property-in-object-7.21.0-placeholder-for-preset-env.2.tgz 11177ms (cache miss)
2647 http fetch GET 200 https://registry.npmjs.org/@babel/plugin-bugfix-firefox-class-in-computed-class-key/-/plugin-bugfix-firefox-class-in-computed-class-key-7.28.5.tgz 11217ms (cache miss)
2648 http fetch GET 200 https://registry.npmjs.org/@babel/helper-wrap-function/-/helper-wrap-function-7.28.6.tgz 11236ms (cache miss)
2649 http fetch GET 200 https://registry.npmjs.org/@babel/parser/-/parser-7.29.0.tgz 11245ms (cache miss)
2650 http fetch GET 200 https://registry.npmjs.org/@babel/helper-validator-option/-/helper-validator-option-7.27.1.tgz 11260ms (cache miss)
2651 http fetch GET 200 https://registry.npmjs.org/@babel/helper-plugin-utils/-/helper-plugin-utils-7.28.6.tgz 11283ms (cache miss)
2652 http fetch GET 200 https://registry.npmjs.org/@babel/helper-remap-async-to-generator/-/helper-remap-async-to-generator-7.27.1.tgz 11311ms (cache miss)
2653 http fetch GET 200 https://registry.npmjs.org/@babel/helper-replace-supers/-/helper-replace-supers-7.28.6.tgz 11312ms (cache miss)
2654 http fetch GET 200 https://registry.npmjs.org/@babel/helper-string-parser/-/helper-string-parser-7.27.1.tgz 11312ms (cache miss)
2655 http fetch GET 200 https://registry.npmjs.org/@babel/helper-skip-transparent-expression-wrappers/-/helper-skip-transparent-expression-wrappers-7.27.1.tgz 11315ms (cache miss)
2656 http fetch GET 200 https://registry.npmjs.org/@babel/helper-validator-identifier/-/helper-validator-identifier-7.28.5.tgz 11326ms (cache miss)
2657 http fetch GET 200 https://registry.npmjs.org/@babel/helper-module-imports/-/helper-module-imports-7.28.6.tgz 11330ms (cache miss)
2658 http fetch GET 200 https://registry.npmjs.org/@babel/helper-globals/-/helper-globals-7.28.0.tgz 11338ms (cache miss)
2659 http fetch GET 200 https://registry.npmjs.org/@babel/helper-optimise-call-expression/-/helper-optimise-call-expression-7.27.1.tgz 11366ms (cache miss)
2660 http fetch GET 200 https://registry.npmjs.org/@babel/helper-module-transforms/-/helper-module-transforms-7.28.6.tgz 11377ms (cache miss)
2661 http fetch GET 200 https://registry.npmjs.org/@babel/helper-annotate-as-pure/-/helper-annotate-as-pure-7.27.3.tgz 11445ms (cache miss)
2662 http fetch GET 200 https://registry.npmjs.org/@babel/helper-create-regexp-features-plugin/-/helper-create-regexp-features-plugin-7.28.5.tgz 11477ms (cache miss)
2663 http fetch GET 200 https://registry.npmjs.org/@babel/helper-define-polyfill-provider/-/helper-define-polyfill-provider-0.6.6.tgz 11497ms (cache miss)
2664 http fetch GET 200 https://registry.npmjs.org/shebang-regex/-/shebang-regex-1.0.0.tgz 11516ms (cache miss)
2665 http fetch GET 200 https://registry.npmjs.org/@babel/helper-member-expression-to-functions/-/helper-member-expression-to-functions-7.28.5.tgz 11528ms (cache miss)
2666 http fetch GET 200 https://registry.npmjs.org/which/-/which-1.3.1.tgz 11532ms (cache miss)
2667 http fetch GET 200 https://registry.npmjs.org/yallist/-/yallist-2.1.2.tgz 11549ms (cache miss)
2668 http fetch GET 200 https://registry.npmjs.org/@babel/code-frame/-/code-frame-7.29.0.tgz 11552ms (cache miss)
2669 http fetch GET 200 https://registry.npmjs.org/shebang-command/-/shebang-command-1.2.0.tgz 11560ms (cache miss)
2670 http fetch GET 200 https://registry.npmjs.org/@babel/compat-data/-/compat-data-7.29.0.tgz 11572ms (cache miss)
2671 http fetch GET 200 https://registry.npmjs.org/@babel/helper-compilation-targets/-/helper-compilation-targets-7.28.6.tgz 11581ms (cache miss)
2672 http fetch GET 200 https://registry.npmjs.org/@achrinza/node-ipc/-/node-ipc-9.2.10.tgz 11593ms (cache miss)
2673 http fetch GET 200 https://registry.npmjs.org/@babel/helper-create-class-features-plugin/-/helper-create-class-features-plugin-7.28.6.tgz 11599ms (cache miss)
2674 http fetch GET 200 https://registry.npmjs.org/@babel/generator/-/generator-7.29.1.tgz 11623ms (cache miss)
2675 http fetch GET 200 https://registry.npmjs.org/lru-cache/-/lru-cache-4.1.5.tgz 11637ms (cache miss)
2676 http fetch GET 200 https://registry.npmjs.org/@babel/eslint-parser/-/eslint-parser-7.28.6.tgz 11649ms (cache miss)
2677 http fetch GET 200 https://registry.npmjs.org/normalize-path/-/normalize-path-1.0.0.tgz 11669ms (cache miss)
2678 http fetch GET 200 https://registry.npmjs.org/get-stream/-/get-stream-3.0.0.tgz 11711ms (cache miss)
2679 http fetch GET 200 https://registry.npmjs.org/execa/-/execa-0.8.0.tgz 11735ms (cache miss)
2680 http fetch GET 200 https://registry.npmjs.org/json-schema-traverse/-/json-schema-traverse-1.0.0.tgz 11758ms (cache miss)
2681 http fetch GET 200 https://registry.npmjs.org/cross-spawn/-/cross-spawn-5.1.0.tgz 11760ms (cache miss)
2682 http fetch GET 200 https://registry.npmjs.org/schema-utils/-/schema-utils-4.3.3.tgz 11772ms (cache miss)
2683 http fetch GET 200 https://registry.npmjs.org/commander/-/commander-7.2.0.tgz 11783ms (cache miss)
2684 http fetch GET 200 https://registry.npmjs.org/ws/-/ws-8.19.0.tgz 11811ms (cache miss)
2685 http fetch GET 200 https://registry.npmjs.org/schema-utils/-/schema-utils-4.3.3.tgz 11823ms (cache miss)
2686 http fetch GET 200 https://registry.npmjs.org/schema-utils/-/schema-utils-4.3.3.tgz 11824ms (cache miss)
2687 http fetch GET 200 https://registry.npmjs.org/json-schema-traverse/-/json-schema-traverse-1.0.0.tgz 11825ms (cache miss)
2688 http fetch GET 200 https://registry.npmjs.org/json-schema-traverse/-/json-schema-traverse-1.0.0.tgz 11857ms (cache miss)
2689 http fetch GET 200 https://registry.npmjs.org/@vue/devtools-api/-/devtools-api-6.6.4.tgz 11960ms (cache miss)
2690 http fetch GET 200 https://registry.npmjs.org/hash-sum/-/hash-sum-1.0.2.tgz 11967ms (cache miss)
2691 http fetch GET 200 https://registry.npmjs.org/chalk/-/chalk-4.1.2.tgz 11974ms (cache miss)
2692 http fetch GET 200 https://registry.npmjs.org/eslint-visitor-keys/-/eslint-visitor-keys-3.4.3.tgz 11980ms (cache miss)
2693 http fetch GET 200 https://registry.npmjs.org/loader-utils/-/loader-utils-2.0.4.tgz 11983ms (cache miss)
2694 http fetch GET 200 https://registry.npmjs.org/espree/-/espree-9.6.1.tgz 12009ms (cache miss)
2695 http fetch GET 200 https://registry.npmjs.org/estraverse/-/estraverse-5.3.0.tgz 12011ms (cache miss)
2696 http fetch GET 200 https://registry.npmjs.org/eslint-scope/-/eslint-scope-7.2.2.tgz 12039ms (cache miss)
2697 http fetch GET 200 https://registry.npmjs.org/commander/-/commander-2.20.3.tgz 12052ms (cache miss)
2698 http fetch GET 200 https://registry.npmjs.org/schema-utils/-/schema-utils-3.3.0.tgz 12074ms (cache miss)
2699 http fetch GET 200 https://registry.npmjs.org/http-errors/-/http-errors-1.8.1.tgz 12084ms (cache miss)
2700 http fetch GET 200 https://registry.npmjs.org/json-schema-traverse/-/json-schema-traverse-1.0.0.tgz 12094ms (cache miss)
2701 http fetch GET 200 https://registry.npmjs.org/statuses/-/statuses-1.5.0.tgz 12114ms (cache miss)
2702 http fetch GET 200 https://registry.npmjs.org/json-schema-traverse/-/json-schema-traverse-1.0.0.tgz 12117ms (cache miss)
2703 http fetch GET 200 https://registry.npmjs.org/commander/-/commander-7.2.0.tgz 12133ms (cache miss)
2704 http fetch GET 200 https://registry.npmjs.org/ms/-/ms-2.0.0.tgz 12146ms (cache miss)
2705 http fetch GET 200 https://registry.npmjs.org/ipaddr.js/-/ipaddr.js-1.9.1.tgz 12211ms (cache miss)
2706 http fetch GET 200 https://registry.npmjs.org/debug/-/debug-2.6.9.tgz 12239ms (cache miss)
2707 http fetch GET 200 https://registry.npmjs.org/type-fest/-/type-fest-0.8.1.tgz 12257ms (cache miss)
2708 http fetch GET 200 https://registry.npmjs.org/depd/-/depd-1.1.2.tgz 12263ms (cache miss)
2709 http fetch GET 200 https://registry.npmjs.org/escape-string-regexp/-/escape-string-regexp-1.0.5.tgz 12274ms (cache miss)
2710 http fetch GET 200 https://registry.npmjs.org/ms/-/ms-2.0.0.tgz 12292ms (cache miss)
2711 http fetch GET 200 https://registry.npmjs.org/semver/-/semver-7.7.4.tgz 12316ms (cache miss)
2712 http fetch GET 200 https://registry.npmjs.org/color-name/-/color-name-1.1.3.tgz 12309ms (cache miss)
2713 http fetch GET 200 https://registry.npmjs.org/has-flag/-/has-flag-3.0.0.tgz 12312ms (cache miss)
2714 http fetch GET 200 https://registry.npmjs.org/supports-color/-/supports-color-5.5.0.tgz 12312ms (cache miss)
2715 http fetch GET 200 https://registry.npmjs.org/schema-utils/-/schema-utils-4.3.3.tgz 12315ms (cache miss)
2716 http fetch GET 200 https://registry.npmjs.org/debug/-/debug-2.6.9.tgz 12325ms (cache miss)
2717 http fetch GET 200 https://registry.npmjs.org/@babel/helpers/-/helpers-7.28.6.tgz 12371ms (cache miss)
2718 http fetch GET 200 https://registry.npmjs.org/type-fest/-/type-fest-0.6.0.tgz 12357ms (cache miss)
2719 http fetch GET 200 https://registry.npmjs.org/chalk/-/chalk-2.4.2.tgz 12362ms (cache miss)
2720 http fetch GET 200 https://registry.npmjs.org/chalk/-/chalk-4.1.2.tgz 12365ms (cache miss)
2721 http fetch GET 200 https://registry.npmjs.org/color-convert/-/color-convert-1.9.3.tgz 12380ms (cache miss)
2722 http fetch GET 200 https://registry.npmjs.org/ansi-styles/-/ansi-styles-3.2.1.tgz 12387ms (cache miss)
2723 http fetch GET 200 https://registry.npmjs.org/semver/-/semver-5.7.2.tgz 12412ms (cache miss)
2724 http fetch GET 200 https://registry.npmjs.org/path-key/-/path-key-2.0.1.tgz 12446ms (cache miss)
2725 http fetch GET 200 https://registry.npmjs.org/json-schema-traverse/-/json-schema-traverse-1.0.0.tgz 12463ms (cache miss)
2726 http fetch GET 200 https://registry.npmjs.org/wrap-ansi/-/wrap-ansi-3.0.1.tgz 12482ms (cache miss)
2727 http fetch GET 200 https://registry.npmjs.org/yallist/-/yallist-4.0.0.tgz 12492ms (cache miss)
2728 http fetch GET 200 https://registry.npmjs.org/strip-ansi/-/strip-ansi-4.0.0.tgz 12516ms (cache miss)
2729 http fetch GET 200 https://registry.npmjs.org/onetime/-/onetime-2.0.1.tgz 12532ms (cache miss)
2730 http fetch GET 200 https://registry.npmjs.org/restore-cursor/-/restore-cursor-2.0.0.tgz 12535ms (cache miss)
2731 http fetch GET 200 https://registry.npmjs.org/string-width/-/string-width-2.1.1.tgz 12551ms (cache miss)
2732 http fetch GET 200 https://registry.npmjs.org/is-fullwidth-code-point/-/is-fullwidth-code-point-2.0.0.tgz 12577ms (cache miss)
2733 http fetch GET 200 https://registry.npmjs.org/mimic-fn/-/mimic-fn-1.2.0.tgz 12582ms (cache miss)
2734 http fetch GET 200 https://registry.npmjs.org/supports-color/-/supports-color-8.1.1.tgz 12588ms (cache miss)
2735 http fetch GET 200 https://registry.npmjs.org/@babel/core/-/core-7.29.0.tgz 12640ms (cache miss)
2736 http fetch GET 200 https://registry.npmjs.org/postcss-selector-parser/-/postcss-selector-parser-7.1.1.tgz 12652ms (cache miss)
2737 http fetch GET 200 https://registry.npmjs.org/chalk/-/chalk-4.1.2.tgz 12652ms (cache miss)
2738 http fetch GET 200 https://registry.npmjs.org/postcss-selector-parser/-/postcss-selector-parser-7.1.1.tgz 12676ms (cache miss)
2739 http fetch GET 200 https://registry.npmjs.org/cli-cursor/-/cli-cursor-2.1.0.tgz 12682ms (cache miss)
2740 http fetch GET 200 https://registry.npmjs.org/ignore/-/ignore-5.3.2.tgz 12685ms (cache miss)
2741 http fetch GET 200 https://registry.npmjs.org/ansi-regex/-/ansi-regex-3.0.1.tgz 12689ms (cache miss)
2742 http fetch GET 200 https://registry.npmjs.org/string_decoder/-/string_decoder-1.1.1.tgz 12695ms (cache miss)
2743 http fetch GET 200 https://registry.npmjs.org/schema-utils/-/schema-utils-4.3.3.tgz 12721ms (cache miss)
2744 http fetch GET 200 https://registry.npmjs.org/ms/-/ms-2.0.0.tgz 12742ms (cache miss)
2745 http fetch GET 200 https://registry.npmjs.org/glob-parent/-/glob-parent-5.1.2.tgz 12745ms (cache miss)
2746 http fetch GET 200 https://registry.npmjs.org/parse5/-/parse5-6.0.1.tgz 12762ms (cache miss)
2747 http fetch GET 200 https://registry.npmjs.org/safe-buffer/-/safe-buffer-5.1.2.tgz 12763ms (cache miss)
2748 http fetch GET 200 https://registry.npmjs.org/json5/-/json5-1.0.2.tgz 12768ms (cache miss)
2749 http fetch GET 200 https://registry.npmjs.org/ms/-/ms-2.0.0.tgz 12769ms (cache miss)
2750 http fetch GET 200 https://registry.npmjs.org/which/-/which-1.3.1.tgz 12770ms (cache miss)
2751 http fetch GET 200 https://registry.npmjs.org/entities/-/entities-2.2.0.tgz 12800ms (cache miss)
2752 http fetch GET 200 https://registry.npmjs.org/estraverse/-/estraverse-5.3.0.tgz 12810ms (cache miss)
2753 http fetch GET 200 https://registry.npmjs.org/semver/-/semver-7.7.4.tgz 12817ms (cache miss)
2754 http fetch GET 200 https://registry.npmjs.org/shebang-regex/-/shebang-regex-1.0.0.tgz 12812ms (cache miss)
2755 http fetch GET 200 https://registry.npmjs.org/escape-string-regexp/-/escape-string-regexp-1.0.5.tgz 12824ms (cache miss)
2756 http fetch GET 200 https://registry.npmjs.org/debug/-/debug-2.6.9.tgz 12828ms (cache miss)
2757 http fetch GET 200 https://registry.npmjs.org/debug/-/debug-2.6.9.tgz 12846ms (cache miss)
2758 http fetch GET 200 https://registry.npmjs.org/eslint-visitor-keys/-/eslint-visitor-keys-1.3.0.tgz 12846ms (cache miss)
2759 http fetch GET 200 https://registry.npmjs.org/cross-spawn/-/cross-spawn-6.0.6.tgz 12862ms (cache miss)
2760 http fetch GET 200 https://registry.npmjs.org/path-key/-/path-key-2.0.1.tgz 12866ms (cache miss)
2761 http fetch GET 200 https://registry.npmjs.org/readable-stream/-/readable-stream-2.3.8.tgz 12871ms (cache miss)
2762 http fetch GET 200 https://registry.npmjs.org/semver/-/semver-5.7.2.tgz 12881ms (cache miss)
2763 http fetch GET 200 https://registry.npmjs.org/shebang-command/-/shebang-command-1.2.0.tgz 12895ms (cache miss)
2764 http fetch GET 200 https://registry.npmjs.org/estraverse/-/estraverse-5.3.0.tgz 12897ms (cache miss)
2765 http fetch GET 200 https://registry.npmjs.org/ajv-keywords/-/ajv-keywords-5.1.0.tgz 12916ms (cache miss)
2766 http fetch GET 200 https://registry.npmjs.org/supports-color/-/supports-color-8.1.1.tgz 12905ms (cache miss)
2767 http fetch GET 200 https://registry.npmjs.org/json-schema-traverse/-/json-schema-traverse-1.0.0.tgz 13024ms (cache miss)
2768 http fetch GET 200 https://registry.npmjs.org/eslint-visitor-keys/-/eslint-visitor-keys-1.3.0.tgz 13059ms (cache miss)
2769 http fetch GET 200 https://registry.npmjs.org/@babel/code-frame/-/code-frame-7.12.11.tgz 13060ms (cache miss)
2770 http fetch GET 200 https://registry.npmjs.org/chalk/-/chalk-4.1.2.tgz 13091ms (cache miss)
2771 http fetch GET 200 https://registry.npmjs.org/glob-parent/-/glob-parent-5.1.2.tgz 13091ms (cache miss)
2772 http fetch GET 200 https://registry.npmjs.org/is-stream/-/is-stream-2.0.1.tgz 13101ms (cache miss)
2773 http fetch GET 200 https://registry.npmjs.org/jest-worker/-/jest-worker-28.1.3.tgz 13110ms (cache miss)
2774 http fetch GET 200 https://registry.npmjs.org/npm-run-path/-/npm-run-path-4.0.1.tgz 13140ms (cache miss)
2775 http fetch GET 200 https://registry.npmjs.org/json-schema-traverse/-/json-schema-traverse-1.0.0.tgz 13144ms (cache miss)
2776 http fetch GET 200 https://registry.npmjs.org/eslint-utils/-/eslint-utils-3.0.0.tgz 13157ms (cache miss)
2777 http fetch GET 200 https://registry.npmjs.org/schema-utils/-/schema-utils-4.3.3.tgz 13177ms (cache miss)
2778 http fetch GET 200 https://registry.npmjs.org/ajv-keywords/-/ajv-keywords-5.1.0.tgz 13201ms (cache miss)
2779 http fetch GET 200 https://registry.npmjs.org/acorn/-/acorn-7.4.1.tgz 13198ms (cache miss)
2780 http fetch GET 200 https://registry.npmjs.org/ms/-/ms-2.0.0.tgz 13325ms (cache miss)
2781 http fetch GET 200 https://registry.npmjs.org/ms/-/ms-2.0.0.tgz 13326ms (cache miss)
2782 http fetch GET 200 https://registry.npmjs.org/glob-parent/-/glob-parent-5.1.2.tgz 13327ms (cache miss)
2783 http fetch GET 200 https://registry.npmjs.org/chalk/-/chalk-4.1.2.tgz 13327ms (cache miss)
2784 http fetch GET 200 https://registry.npmjs.org/get-stream/-/get-stream-6.0.1.tgz 13332ms (cache miss)
2785 http fetch GET 200 https://registry.npmjs.org/hash-sum/-/hash-sum-1.0.2.tgz 13333ms (cache miss)
2786 http fetch GET 200 https://registry.npmjs.org/entities/-/entities-2.2.0.tgz 13353ms (cache miss)
2787 http fetch GET 200 https://registry.npmjs.org/execa/-/execa-5.1.1.tgz 13392ms (cache miss)
2788 http fetch GET 200 https://registry.npmjs.org/negotiator/-/negotiator-0.6.3.tgz 13393ms (cache miss)
2789 http fetch GET 200 https://registry.npmjs.org/ajv-keywords/-/ajv-keywords-5.1.0.tgz 13421ms (cache miss)
2790 http fetch GET 200 https://registry.npmjs.org/json-schema-traverse/-/json-schema-traverse-1.0.0.tgz 13426ms (cache miss)
2791 http fetch GET 200 https://registry.npmjs.org/picocolors/-/picocolors-0.2.1.tgz 13439ms (cache miss)
2792 http fetch GET 200 https://registry.npmjs.org/schema-utils/-/schema-utils-4.3.3.tgz 13447ms (cache miss)
2793 http fetch GET 200 https://registry.npmjs.org/hash-sum/-/hash-sum-1.0.2.tgz 13461ms (cache miss)
2794 http fetch GET 200 https://registry.npmjs.org/lru-cache/-/lru-cache-4.1.5.tgz 13467ms (cache miss)
2795 http fetch GET 200 https://registry.npmjs.org/yallist/-/yallist-2.1.2.tgz 13479ms (cache miss)
2796 http fetch GET 200 https://registry.npmjs.org/debug/-/debug-2.6.9.tgz 13498ms (cache miss)
2797 http fetch GET 200 https://registry.npmjs.org/@types/express-serve-static-core/-/express-serve-static-core-4.19.8.tgz 13497ms (cache miss)
2798 http fetch GET 200 https://registry.npmjs.org/debug/-/debug-2.6.9.tgz 13498ms (cache miss)
2799 http fetch GET 200 https://registry.npmjs.org/yallist/-/yallist-4.0.0.tgz 13498ms (cache miss)
2800 http fetch GET 200 https://registry.npmjs.org/loader-utils/-/loader-utils-2.0.4.tgz 13506ms (cache miss)
2801 http fetch GET 200 https://registry.npmjs.org/lru-cache/-/lru-cache-6.0.0.tgz 13522ms (cache miss)
2802 http fetch GET 200 https://registry.npmjs.org/schema-utils/-/schema-utils-3.3.0.tgz 13528ms (cache miss)
2803 http fetch GET 200 https://registry.npmjs.org/chalk/-/chalk-4.1.2.tgz 13551ms (cache miss)
2804 http fetch GET 200 https://registry.npmjs.org/ajv-keywords/-/ajv-keywords-5.1.0.tgz 13592ms (cache miss)
2805 http fetch GET 200 https://registry.npmjs.org/has-flag/-/has-flag-3.0.0.tgz 13577ms (cache miss)
2806 http fetch GET 200 https://registry.npmjs.org/@types/send/-/send-0.17.6.tgz 13614ms (cache miss)
2807 http fetch GET 200 https://registry.npmjs.org/semver/-/semver-7.7.4.tgz 13632ms (cache miss)
2808 http fetch GET 200 https://registry.npmjs.org/escape-string-regexp/-/escape-string-regexp-1.0.5.tgz 13627ms (cache miss)
2809 http fetch GET 200 https://registry.npmjs.org/ansi-styles/-/ansi-styles-3.2.1.tgz 13634ms (cache miss)
2810 http fetch GET 200 https://registry.npmjs.org/color-name/-/color-name-1.1.3.tgz 13624ms (cache miss)
2811 http fetch GET 200 https://registry.npmjs.org/color-convert/-/color-convert-1.9.3.tgz 13647ms (cache miss)
2812 http fetch GET 200 https://registry.npmjs.org/supports-color/-/supports-color-5.5.0.tgz 13652ms (cache miss)
2813 http fetch GET 200 https://registry.npmjs.org/babel-plugin-polyfill-corejs3/-/babel-plugin-polyfill-corejs3-0.14.0.tgz 13668ms (cache miss)
2814 http fetch GET 200 https://registry.npmjs.org/chalk/-/chalk-2.4.2.tgz 13655ms (cache miss)
2815 http fetch GET 200 https://registry.npmjs.org/semver/-/semver-7.7.4.tgz 13683ms (cache miss)
2816 http fetch GET 200 https://registry.npmjs.org/postcss/-/postcss-7.0.39.tgz 13737ms (cache miss)
2817 http fetch GET 200 https://registry.npmjs.org/semver/-/semver-7.7.4.tgz 13760ms (cache miss)
2818 http fetch GET 200 https://registry.npmjs.org/semver/-/semver-7.7.4.tgz 13834ms (cache miss)
2819 http fetch GET 200 https://registry.npmjs.org/semver/-/semver-7.7.4.tgz 13842ms (cache miss)
2820 http fetch GET 200 https://registry.npmjs.org/ajv-keywords/-/ajv-keywords-5.1.0.tgz 13888ms (cache miss)
2821 http fetch GET 200 https://registry.npmjs.org/ajv-keywords/-/ajv-keywords-5.1.0.tgz 14104ms (cache miss)
2822 http fetch GET 200 https://registry.npmjs.org/ajv-keywords/-/ajv-keywords-5.1.0.tgz 14189ms (cache miss)
2823 http fetch GET 200 https://registry.npmjs.org/ajv/-/ajv-8.17.1.tgz 15010ms (cache miss)
2824 http fetch GET 200 https://registry.npmjs.org/ajv/-/ajv-8.17.1.tgz 15029ms (cache miss)
2825 http fetch GET 200 https://registry.npmjs.org/ajv/-/ajv-8.17.1.tgz 15169ms (cache miss)
2826 http fetch GET 200 https://registry.npmjs.org/ajv/-/ajv-8.17.1.tgz 15216ms (cache miss)
2827 http fetch GET 200 https://registry.npmjs.org/ajv/-/ajv-8.17.1.tgz 15228ms (cache miss)
2828 http fetch GET 200 https://registry.npmjs.org/ajv/-/ajv-8.17.1.tgz 15348ms (cache miss)
2829 http fetch GET 200 https://registry.npmjs.org/ajv/-/ajv-8.17.1.tgz 15413ms (cache miss)
2830 http fetch GET 200 https://registry.npmjs.org/ajv/-/ajv-8.17.1.tgz 15460ms (cache miss)
2831 http fetch GET 200 https://registry.npmjs.org/ajv/-/ajv-8.17.1.tgz 15462ms (cache miss)
2832 http fetch GET 200 https://registry.npmjs.org/core-js/-/core-js-3.48.0.tgz 17016ms (cache miss)
2833 info run yorkie@2.0.0 install node_modules/yorkie node bin/install.js
2834 info run yorkie@2.0.0 install { code: 'EPERM', signal: undefined }
2835 verbose stack Error: spawn EPERM
2835 verbose stack     at ChildProcess.spawn (node:internal/child_process:420:11)
2835 verbose stack     at spawn (node:child_process:787:9)
2835 verbose stack     at promiseSpawn (E:\node_modules\npm\node_modules\@npmcli\promise-spawn\lib\index.js:39:16)
2835 verbose stack     at spawnWithShell (E:\node_modules\npm\node_modules\@npmcli\promise-spawn\lib\index.js:124:10)
2835 verbose stack     at promiseSpawn (E:\node_modules\npm\node_modules\@npmcli\promise-spawn\lib\index.js:12:12)
2835 verbose stack     at runScriptPkg (E:\node_modules\npm\node_modules\@npmcli\run-script\lib\run-script-pkg.js:79:13)
2835 verbose stack     at runScript (E:\node_modules\npm\node_modules\@npmcli\run-script\lib\run-script.js:9:12)
2835 verbose stack     at E:\node_modules\npm\node_modules\@npmcli\arborist\lib\arborist\rebuild.js:329:17
2835 verbose stack     at run (E:\node_modules\npm\node_modules\promise-call-limit\dist\commonjs\index.js:67:22)
2835 verbose stack     at E:\node_modules\npm\node_modules\promise-call-limit\dist\commonjs\index.js:84:9
2836 error code EPERM
2837 error syscall spawn
2838 error errno -4048
2839 error Error: spawn EPERM
2839 error     at ChildProcess.spawn (node:internal/child_process:420:11)
2839 error     at spawn (node:child_process:787:9)
2839 error     at promiseSpawn (E:\node_modules\npm\node_modules\@npmcli\promise-spawn\lib\index.js:39:16)
2839 error     at spawnWithShell (E:\node_modules\npm\node_modules\@npmcli\promise-spawn\lib\index.js:124:10)
2839 error     at promiseSpawn (E:\node_modules\npm\node_modules\@npmcli\promise-spawn\lib\index.js:12:12)
2839 error     at runScriptPkg (E:\node_modules\npm\node_modules\@npmcli\run-script\lib\run-script-pkg.js:79:13)
2839 error     at runScript (E:\node_modules\npm\node_modules\@npmcli\run-script\lib\run-script.js:9:12)
2839 error     at E:\node_modules\npm\node_modules\@npmcli\arborist\lib\arborist\rebuild.js:329:17
2839 error     at run (E:\node_modules\npm\node_modules\promise-call-limit\dist\commonjs\index.js:67:22)
2839 error     at E:\node_modules\npm\node_modules\promise-call-limit\dist\commonjs\index.js:84:9 {
2839 error   errno: -4048,
2839 error   code: 'EPERM',
2839 error   syscall: 'spawn'
2839 error }
2840 error
2840 error The operation was rejected by your operating system.
2840 error It's possible that the file was already in use (by a text editor or antivirus),
2840 error or that you lack permissions to access it.
2840 error
2840 error If you believe this might be a permissions issue, please double-check the
2840 error permissions of the file and its containing directories, or try running
2840 error the command again as root/Administrator.
2841 silly unfinished npm timer reify 1772813451165
2842 silly unfinished npm timer reify:build 1772813468929
2843 silly unfinished npm timer build 1772813468930
2844 silly unfinished npm timer build:deps 1772813468931
2845 silly unfinished npm timer build:run:install 1772813469527
2846 silly unfinished npm timer build:run:install:node_modules/yorkie 1772813469530
2847 verbose cwd C:\Users\lou88lou\Desktop\ISP\Online_Shopping_System_Group21\frontend\cart
2848 verbose os Windows_NT 10.0.26200
2849 verbose node v22.20.0
2850 verbose npm  v10.9.3
2851 notice
2851 notice New major version of npm available! 10.9.3 -> 11.11.0
2851 notice Changelog: https://github.com/npm/cli/releases/tag/v11.11.0
2851 notice To update run: npm install -g npm@11.11.0
2851 notice  { force: true, [Symbol(proc-log.meta)]: true }
2852 verbose exit -4048
2853 verbose code -4048
2854 error A complete log of this run can be found in: C:\Users\lou88lou\Desktop\ISP\Online_Shopping_System_Group21\frontend\cart\.npm-cache\_logs\2026-03-06T16_10_50_677Z-debug-0.log
